2026-05-11 18:56:06,266 [INFO] Starting Air Quality AI server...
2026-05-11 18:56:06,278 [INFO] Database initialized.
2026-05-11 18:56:06,279 [INFO] Server ready at http://0.0.0.0:8000
2026-05-11 18:56:06,279 [INFO] Docs at http://localhost:8000/docs
2026-05-11 18:56:06,338 [INFO] 8 changes detected
2026-05-11 18:56:06,693 [INFO] 1 change detected
2026-05-11 19:27:09,162 [INFO] Starting Air Quality AI server...
2026-05-11 19:27:09,163 [INFO] Database initialized.
2026-05-11 19:27:09,163 [INFO] Server ready at http://0.0.0.0:8000
2026-05-11 19:27:09,164 [INFO] Docs at http://localhost:8000/docs
2026-05-11 19:32:12,831 [INFO] Starting Air Quality AI server...
2026-05-11 19:32:12,833 [INFO] Database initialized.
2026-05-11 19:32:12,833 [INFO] Server ready at http://0.0.0.0:8000
2026-05-11 19:32:12,840 [INFO] Docs at http://localhost:8000/docs
2026-05-11 19:43:07,407 [INFO] Starting Air Quality AI server...
2026-05-11 19:43:07,408 [INFO] Database initialized.
2026-05-11 19:43:07,408 [INFO] Server ready at http://0.0.0.0:8000
2026-05-11 19:43:07,409 [INFO] Docs at http://localhost:8000/docs
2026-05-11 19:45:23,146 [INFO] Starting Air Quality AI server...
2026-05-11 19:45:23,148 [INFO] Database initialized.
2026-05-11 19:45:23,148 [INFO] Server ready at http://0.0.0.0:8000
2026-05-11 19:45:23,148 [INFO] Docs at http://localhost:8000/docs
2026-05-11 19:48:38,106 [INFO] Starting Air Quality AI server...
2026-05-11 19:48:38,108 [INFO] Database initialized.
2026-05-11 19:48:38,108 [INFO] Server ready at http://0.0.0.0:8000
2026-05-11 19:48:38,109 [INFO] Docs at http://localhost:8000/docs
2026-05-11 19:55:33,848 [INFO] Starting Air Quality AI server...
2026-05-11 19:55:33,849 [INFO] Database initialized.
2026-05-11 19:55:33,850 [INFO] Server ready at http://0.0.0.0:8000
2026-05-11 19:55:33,850 [INFO] Docs at http://localhost:8000/docs
2026-05-11 20:26:22,310 [INFO] Starting Air Quality AI server...
2026-05-11 20:26:22,312 [INFO] Database initialized.
2026-05-11 20:26:22,312 [INFO] Server ready at http://0.0.0.0:8000
2026-05-11 20:26:22,313 [INFO] Docs at http://localhost:8000/docs
2026-05-11 20:29:24,210 [INFO] Starting Air Quality AI server...
2026-05-11 20:29:24,212 [INFO] Database initialized.
2026-05-11 20:29:24,212 [INFO] Server ready at http://0.0.0.0:8000
2026-05-11 20:29:24,212 [INFO] Docs at http://localhost:8000/docs
2026-05-11 20:34:59,922 [INFO] Starting Air Quality AI server...
2026-05-11 20:34:59,923 [INFO] Database initialized.
2026-05-11 20:34:59,924 [INFO] Server ready at http://0.0.0.0:8000
2026-05-11 20:34:59,924 [INFO] Docs at http://localhost:8000/docs
2026-05-11 20:35:00,008 [INFO] 5 changes detected
2026-05-11 20:37:42,828 [INFO] 1 change detected
2026-05-11 20:37:49,445 [INFO] 1 change detected
2026-05-11 20:37:49,858 [INFO] 5 changes detected
2026-05-11 20:37:51,288 [INFO] Starting Air Quality AI server...
2026-05-11 20:37:51,289 [INFO] Database initialized.
2026-05-11 20:37:51,289 [INFO] Server ready at http://0.0.0.0:8000
2026-05-11 20:37:51,290 [INFO] Docs at http://localhost:8000/docs
2026-05-11 20:37:51,325 [INFO] 1 change detected
2026-05-11 20:37:51,692 [INFO] 1 change detected
2026-05-11 20:37:52,056 [INFO] 1 change detected
2026-05-11 20:37:52,472 [INFO] 1 change detected
2026-05-11 20:37:52,833 [INFO] 1 change detected
2026-05-11 20:37:53,245 [INFO] 1 change detected
2026-05-11 20:37:53,657 [INFO] 1 change detected
2026-05-11 20:37:54,018 [INFO] 1 change detected
2026-05-11 20:37:54,432 [INFO] 1 change detected
2026-05-11 20:37:54,844 [INFO] 1 change detected
2026-05-11 20:37:55,255 [INFO] 1 change detected
2026-05-11 20:37:55,614 [INFO] 1 change detected
2026-05-11 20:37:56,026 [INFO] 1 change detected
2026-05-11 20:37:56,435 [INFO] 1 change detected
2026-05-11 20:37:56,841 [INFO] 1 change detected
2026-05-11 20:37:57,248 [INFO] 1 change detected
2026-05-11 20:37:57,604 [INFO] 1 change detected
2026-05-11 20:37:58,014 [INFO] 1 change detected
2026-05-11 20:37:58,424 [INFO] 1 change detected
2026-05-11 20:37:58,831 [INFO] 1 change detected
2026-05-11 20:37:59,237 [INFO] 1 change detected
2026-05-11 20:37:59,640 [INFO] 1 change detected
2026-05-11 20:38:00,046 [INFO] 1 change detected
2026-05-11 20:38:00,454 [INFO] 1 change detected
2026-05-11 20:38:00,857 [INFO] 1 change detected
2026-05-11 20:38:01,265 [INFO] 1 change detected
2026-05-11 20:38:01,623 [INFO] 1 change detected
2026-05-11 20:38:02,033 [INFO] 1 change detected
2026-05-11 20:38:02,440 [INFO] 1 change detected
2026-05-11 20:38:02,847 [INFO] 1 change detected
2026-05-11 20:38:03,251 [INFO] 1 change detected
2026-05-11 20:38:03,608 [INFO] 1 change detected
2026-05-11 20:38:04,019 [INFO] 1 change detected
2026-05-11 20:38:04,425 [INFO] 1 change detected
2026-05-11 20:38:04,833 [INFO] 1 change detected
2026-05-11 20:38:05,243 [INFO] 1 change detected
2026-05-11 20:38:05,602 [INFO] 1 change detected
2026-05-11 20:38:06,012 [INFO] 1 change detected
2026-05-11 20:38:06,421 [INFO] 1 change detected
2026-05-11 20:38:06,823 [INFO] 1 change detected
2026-05-11 20:38:07,230 [INFO] 1 change detected
2026-05-11 20:38:07,637 [INFO] 1 change detected
2026-05-11 20:38:08,042 [INFO] 1 change detected
2026-05-11 20:38:08,398 [INFO] 1 change detected
2026-05-11 20:38:08,803 [INFO] 1 change detected
2026-05-11 20:38:09,212 [INFO] 1 change detected
2026-05-11 20:38:09,617 [INFO] 1 change detected
2026-05-11 20:38:10,020 [INFO] 1 change detected
2026-05-11 20:38:10,426 [INFO] 1 change detected
2026-05-11 20:38:10,830 [INFO] 1 change detected
2026-05-11 20:38:11,236 [INFO] 1 change detected
2026-05-11 20:38:11,640 [INFO] 1 change detected
2026-05-11 20:38:11,995 [INFO] 1 change detected
2026-05-11 20:38:12,403 [INFO] 1 change detected
2026-05-11 20:38:12,812 [INFO] 1 change detected
2026-05-11 20:38:13,214 [INFO] 1 change detected
2026-05-11 20:38:13,622 [INFO] 1 change detected
2026-05-11 20:38:14,029 [INFO] 1 change detected
2026-05-11 20:38:14,434 [INFO] 1 change detected
2026-05-11 20:38:14,838 [INFO] 1 change detected
2026-05-11 20:38:15,243 [INFO] 1 change detected
2026-05-11 20:38:15,651 [INFO] 1 change detected
2026-05-11 20:38:16,056 [INFO] 1 change detected
2026-05-11 20:38:16,458 [INFO] 1 change detected
2026-05-11 20:38:16,863 [INFO] 1 change detected
2026-05-11 20:38:17,219 [INFO] 1 change detected
2026-05-11 20:38:17,628 [INFO] 1 change detected
2026-05-11 20:38:18,037 [INFO] 1 change detected
2026-05-11 20:38:18,444 [INFO] 1 change detected
2026-05-11 20:38:18,853 [INFO] 1 change detected
2026-05-11 20:38:19,257 [INFO] 1 change detected
2026-05-11 20:38:19,662 [INFO] 1 change detected
2026-05-11 20:38:20,073 [INFO] 1 change detected
2026-05-11 20:38:20,478 [INFO] 1 change detected
2026-05-11 20:38:20,883 [INFO] 1 change detected
2026-05-11 20:38:21,288 [INFO] 1 change detected
2026-05-11 20:38:21,706 [INFO] 1 change detected
2026-05-11 20:38:22,063 [INFO] 1 change detected
2026-05-11 20:38:22,471 [INFO] 1 change detected
2026-05-11 20:38:22,876 [INFO] 1 change detected
2026-05-11 20:38:23,283 [INFO] 1 change detected
2026-05-11 20:38:23,689 [INFO] 1 change detected
2026-05-11 20:38:24,095 [INFO] 1 change detected
2026-05-11 20:38:24,503 [INFO] 1 change detected
2026-05-11 20:38:24,913 [INFO] 1 change detected
2026-05-11 20:38:25,319 [INFO] 1 change detected
2026-05-11 20:38:25,727 [INFO] 1 change detected
2026-05-11 20:38:26,134 [INFO] 1 change detected
2026-05-11 20:38:26,540 [INFO] 1 change detected
2026-05-11 20:38:26,949 [INFO] 1 change detected
2026-05-11 20:38:27,355 [INFO] 1 change detected
2026-05-11 20:38:27,711 [INFO] 1 change detected
2026-05-11 20:38:28,123 [INFO] 1 change detected
2026-05-11 20:38:28,529 [INFO] 1 change detected
2026-05-11 20:38:28,934 [INFO] 1 change detected
2026-05-11 20:38:29,342 [INFO] 1 change detected
2026-05-11 20:38:29,750 [INFO] 1 change detected
2026-05-11 20:38:30,158 [INFO] 1 change detected
2026-05-11 20:38:30,567 [INFO] 1 change detected
2026-05-11 20:38:30,977 [INFO] 1 change detected
2026-05-11 20:38:31,337 [INFO] 1 change detected
2026-05-11 20:38:31,751 [INFO] 1 change detected
2026-05-11 20:38:32,162 [INFO] 1 change detected
2026-05-11 20:38:32,521 [INFO] 1 change detected
2026-05-11 20:38:32,934 [INFO] 1 change detected
2026-05-11 20:38:33,343 [INFO] 1 change detected
2026-05-11 20:38:33,703 [INFO] 1 change detected
2026-05-11 20:38:34,117 [INFO] 1 change detected
2026-05-11 20:38:34,531 [INFO] 1 change detected
2026-05-11 20:38:34,939 [INFO] 1 change detected
2026-05-11 20:38:35,299 [INFO] 1 change detected
2026-05-11 20:38:35,713 [INFO] 1 change detected
2026-05-11 20:38:36,123 [INFO] 1 change detected
2026-05-11 20:38:36,534 [INFO] 1 change detected
2026-05-11 20:38:36,945 [INFO] 1 change detected
2026-05-11 20:38:37,352 [INFO] 1 change detected
2026-05-11 20:38:37,760 [INFO] 1 change detected
2026-05-11 20:38:38,169 [INFO] 1 change detected
2026-05-11 20:38:38,529 [INFO] 1 change detected
2026-05-11 20:38:38,943 [INFO] 1 change detected
2026-05-11 20:38:39,351 [INFO] 1 change detected
2026-05-11 20:38:39,759 [INFO] 1 change detected
2026-05-11 20:38:40,167 [INFO] 1 change detected
2026-05-11 20:38:40,573 [INFO] 1 change detected
2026-05-11 20:38:40,983 [INFO] 1 change detected
2026-05-11 20:38:41,392 [INFO] 1 change detected
2026-05-11 20:38:41,753 [INFO] 1 change detected
2026-05-11 20:38:42,164 [INFO] 1 change detected
2026-05-11 20:38:42,578 [INFO] 1 change detected
2026-05-11 20:38:42,988 [INFO] 1 change detected
2026-05-11 20:38:43,396 [INFO] 1 change detected
2026-05-11 20:38:43,802 [INFO] 1 change detected
2026-05-11 20:38:44,164 [INFO] 1 change detected
2026-05-11 20:38:44,578 [INFO] 1 change detected
2026-05-11 20:38:45,037 [INFO] 1 change detected
2026-05-11 20:38:45,393 [INFO] 1 change detected
2026-05-11 20:38:45,808 [INFO] 1 change detected
2026-05-11 20:38:46,217 [INFO] 1 change detected
2026-05-11 20:38:46,624 [INFO] 1 change detected
2026-05-11 20:38:47,035 [INFO] 1 change detected
2026-05-11 20:38:47,446 [INFO] 1 change detected
2026-05-11 20:38:47,804 [INFO] 1 change detected
2026-05-11 20:38:48,218 [INFO] 1 change detected
2026-05-11 20:38:48,622 [INFO] 1 change detected
2026-05-11 20:38:49,030 [INFO] 1 change detected
2026-05-11 20:38:49,441 [INFO] 1 change detected
2026-05-11 20:38:49,803 [INFO] 1 change detected
2026-05-11 20:38:50,214 [INFO] 1 change detected
2026-05-11 20:38:50,625 [INFO] 1 change detected
2026-05-11 20:38:51,034 [INFO] 1 change detected
2026-05-11 20:38:51,445 [INFO] 1 change detected
2026-05-11 20:38:51,805 [INFO] 1 change detected
2026-05-11 20:38:52,219 [INFO] 1 change detected
2026-05-11 20:38:52,627 [INFO] 1 change detected
2026-05-11 20:38:52,988 [INFO] 1 change detected
2026-05-11 20:38:53,403 [INFO] 1 change detected
2026-05-11 20:38:53,814 [INFO] 1 change detected
2026-05-11 20:38:54,220 [INFO] 1 change detected
2026-05-11 20:38:54,630 [INFO] 1 change detected
2026-05-11 20:38:54,991 [INFO] 1 change detected
2026-05-11 20:38:55,407 [INFO] 1 change detected
2026-05-11 20:38:55,822 [INFO] 1 change detected
2026-05-11 20:38:56,183 [INFO] 1 change detected
2026-05-11 20:38:56,595 [INFO] 1 change detected
2026-05-11 20:38:57,005 [INFO] 1 change detected
2026-05-11 20:38:57,416 [INFO] 1 change detected
2026-05-11 20:38:57,776 [INFO] 1 change detected
2026-05-11 20:38:58,188 [INFO] 1 change detected
2026-05-11 20:38:58,598 [INFO] 1 change detected
2026-05-11 20:38:59,008 [INFO] 1 change detected
2026-05-11 20:38:59,370 [INFO] 1 change detected
2026-05-11 20:38:59,784 [INFO] 1 change detected
2026-05-11 20:39:00,198 [INFO] 1 change detected
2026-05-11 20:39:00,561 [INFO] 1 change detected
2026-05-11 20:39:00,976 [INFO] 1 change detected
2026-05-11 20:39:01,385 [INFO] 1 change detected
2026-05-11 20:39:01,796 [INFO] 1 change detected
2026-05-11 20:39:02,152 [INFO] 1 change detected
2026-05-11 20:39:02,566 [INFO] 1 change detected
2026-05-11 20:39:02,976 [INFO] 1 change detected
2026-05-11 20:39:03,334 [INFO] 1 change detected
2026-05-11 20:39:03,797 [INFO] 1 change detected
2026-05-11 20:39:04,153 [INFO] 1 change detected
2026-05-11 20:39:04,564 [INFO] 1 change detected
2026-05-11 20:39:04,976 [INFO] 1 change detected
2026-05-11 20:39:05,337 [INFO] 1 change detected
2026-05-11 20:39:05,747 [INFO] 1 change detected
2026-05-11 20:39:06,155 [INFO] 1 change detected
2026-05-11 20:39:06,561 [INFO] 1 change detected
2026-05-11 20:39:06,968 [INFO] 1 change detected
2026-05-11 20:39:07,378 [INFO] 1 change detected
2026-05-11 20:39:07,787 [INFO] 1 change detected
2026-05-11 20:39:08,146 [INFO] 1 change detected
2026-05-11 20:39:08,556 [INFO] 1 change detected
2026-05-11 20:39:08,962 [INFO] 1 change detected
2026-05-11 20:39:09,319 [INFO] 1 change detected
2026-05-11 20:39:09,730 [INFO] 1 change detected
2026-05-11 20:39:10,138 [INFO] 1 change detected
2026-05-11 20:39:10,498 [INFO] 1 change detected
2026-05-11 20:39:10,908 [INFO] 1 change detected
2026-05-11 20:39:11,313 [INFO] 1 change detected
2026-05-11 20:39:11,717 [INFO] 1 change detected
2026-05-11 20:39:12,123 [INFO] 1 change detected
2026-05-11 20:39:12,532 [INFO] 1 change detected
2026-05-11 20:39:12,937 [INFO] 1 change detected
2026-05-11 20:39:13,345 [INFO] 1 change detected
2026-05-11 20:39:13,703 [INFO] 1 change detected
2026-05-11 20:39:14,114 [INFO] 1 change detected
2026-05-11 20:39:14,521 [INFO] 1 change detected
2026-05-11 20:39:14,928 [INFO] 1 change detected
2026-05-11 20:39:15,337 [INFO] 1 change detected
2026-05-11 20:39:15,744 [INFO] 1 change detected
2026-05-11 20:39:16,151 [INFO] 1 change detected
2026-05-11 20:39:16,555 [INFO] 1 change detected
2026-05-11 20:39:16,960 [INFO] 1 change detected
2026-05-11 20:39:17,367 [INFO] 1 change detected
2026-05-11 20:39:17,774 [INFO] 1 change detected
2026-05-11 20:39:18,181 [INFO] 1 change detected
2026-05-11 20:39:18,587 [INFO] 1 change detected
2026-05-11 20:39:18,994 [INFO] 1 change detected
2026-05-11 20:39:19,400 [INFO] 1 change detected
2026-05-11 20:39:19,811 [INFO] 1 change detected
2026-05-11 20:39:20,169 [INFO] 1 change detected
2026-05-11 20:39:20,577 [INFO] 1 change detected
2026-05-11 20:39:20,981 [INFO] 1 change detected
2026-05-11 20:39:21,387 [INFO] 1 change detected
2026-05-11 20:39:21,792 [INFO] 1 change detected
2026-05-11 20:39:22,197 [INFO] 1 change detected
2026-05-11 20:39:22,602 [INFO] 1 change detected
2026-05-11 20:39:23,008 [INFO] 1 change detected
2026-05-11 20:39:23,415 [INFO] 1 change detected
2026-05-11 20:39:23,817 [INFO] 1 change detected
2026-05-11 20:39:24,220 [INFO] 1 change detected
2026-05-11 20:39:24,627 [INFO] 1 change detected
2026-05-11 20:39:25,032 [INFO] 1 change detected
2026-05-11 20:39:25,439 [INFO] 1 change detected
2026-05-11 20:39:25,844 [INFO] 1 change detected
2026-05-11 20:39:26,204 [INFO] 1 change detected
2026-05-11 20:39:26,611 [INFO] 1 change detected
2026-05-11 20:39:27,021 [INFO] 1 change detected
2026-05-11 20:39:27,427 [INFO] 1 change detected
2026-05-11 20:39:27,835 [INFO] 1 change detected
2026-05-11 20:39:28,242 [INFO] 1 change detected
2026-05-11 20:39:28,647 [INFO] 1 change detected
2026-05-11 20:39:29,052 [INFO] 1 change detected
2026-05-11 20:39:29,455 [INFO] 1 change detected
2026-05-11 20:39:29,862 [INFO] 1 change detected
2026-05-11 20:39:30,271 [INFO] 1 change detected
2026-05-11 20:39:30,676 [INFO] 1 change detected
2026-05-11 20:39:31,082 [INFO] 1 change detected
2026-05-11 20:39:31,489 [INFO] 1 change detected
2026-05-11 20:39:31,892 [INFO] 1 change detected
2026-05-11 20:39:32,249 [INFO] 1 change detected
2026-05-11 20:39:32,660 [INFO] 1 change detected
2026-05-11 20:39:33,069 [INFO] 1 change detected
2026-05-11 20:39:33,475 [INFO] 1 change detected
2026-05-11 20:39:33,883 [INFO] 1 change detected
2026-05-11 20:39:34,289 [INFO] 1 change detected
2026-05-11 20:39:34,646 [INFO] 1 change detected
2026-05-11 20:39:35,053 [INFO] 1 change detected
2026-05-11 20:39:35,457 [INFO] 1 change detected
2026-05-11 20:39:35,863 [INFO] 1 change detected
2026-05-11 20:39:36,271 [INFO] 1 change detected
2026-05-11 20:39:36,678 [INFO] 1 change detected
2026-05-11 20:39:37,084 [INFO] 1 change detected
2026-05-11 20:39:37,488 [INFO] 1 change detected
2026-05-11 20:39:37,898 [INFO] 1 change detected
2026-05-11 20:39:38,300 [INFO] 1 change detected
2026-05-11 20:39:38,705 [INFO] 1 change detected
2026-05-11 20:39:39,113 [INFO] 1 change detected
2026-05-11 20:39:39,517 [INFO] 1 change detected
2026-05-11 20:39:39,925 [INFO] 1 change detected
2026-05-11 20:39:40,284 [INFO] 1 change detected
2026-05-11 20:39:40,690 [INFO] 1 change detected
2026-05-11 20:39:41,093 [INFO] 1 change detected
2026-05-11 20:39:41,500 [INFO] 1 change detected
2026-05-11 20:39:41,907 [INFO] 1 change detected
2026-05-11 20:39:42,314 [INFO] 1 change detected
2026-05-11 20:39:42,717 [INFO] 1 change detected
2026-05-11 20:39:43,073 [INFO] 1 change detected
2026-05-11 20:39:43,483 [INFO] 1 change detected
2026-05-11 20:39:43,891 [INFO] 1 change detected
2026-05-11 20:39:44,297 [INFO] 1 change detected
2026-05-11 20:39:44,705 [INFO] 1 change detected
2026-05-11 20:39:45,108 [INFO] 1 change detected
2026-05-11 20:39:45,514 [INFO] 1 change detected
2026-05-11 20:39:45,921 [INFO] 1 change detected
2026-05-11 20:39:46,326 [INFO] 1 change detected
2026-05-11 20:39:46,733 [INFO] 1 change detected
2026-05-11 20:39:47,089 [INFO] 1 change detected
2026-05-11 20:39:47,501 [INFO] 1 change detected
2026-05-11 20:39:47,907 [INFO] 1 change detected
2026-05-11 20:39:48,315 [INFO] 1 change detected
2026-05-11 20:39:48,722 [INFO] 1 change detected
2026-05-11 20:39:49,127 [INFO] 1 change detected
2026-05-11 20:39:49,528 [INFO] 1 change detected
2026-05-11 20:39:49,936 [INFO] 1 change detected
2026-05-11 20:39:50,343 [INFO] 1 change detected
2026-05-11 20:39:50,748 [INFO] 1 change detected
2026-05-11 20:39:51,152 [INFO] 1 change detected
2026-05-11 20:39:51,560 [INFO] 1 change detected
2026-05-11 20:39:51,964 [INFO] 1 change detected
2026-05-11 20:39:52,368 [INFO] 1 change detected
2026-05-11 20:39:52,771 [INFO] 1 change detected
2026-05-11 20:39:53,179 [INFO] 1 change detected
2026-05-11 20:39:53,586 [INFO] 1 change detected
2026-05-11 20:39:53,994 [INFO] 1 change detected
2026-05-11 20:39:54,401 [INFO] 1 change detected
2026-05-11 20:39:54,808 [INFO] 1 change detected
2026-05-11 20:39:55,214 [INFO] 1 change detected
2026-05-11 20:39:55,621 [INFO] 1 change detected
2026-05-11 20:39:56,026 [INFO] 1 change detected
2026-05-11 20:39:56,433 [INFO] 1 change detected
2026-05-11 20:39:56,838 [INFO] 1 change detected
2026-05-11 20:39:57,242 [INFO] 1 change detected
2026-05-11 20:39:57,648 [INFO] 1 change detected
2026-05-11 20:39:58,058 [INFO] 1 change detected
2026-05-11 20:39:58,467 [INFO] 1 change detected
2026-05-11 20:39:58,828 [INFO] 1 change detected
2026-05-11 20:39:59,238 [INFO] 1 change detected
2026-05-11 20:39:59,643 [INFO] 1 change detected
2026-05-11 20:40:00,049 [INFO] 1 change detected
2026-05-11 20:40:00,455 [INFO] 1 change detected
2026-05-11 20:40:00,864 [INFO] 1 change detected
2026-05-11 20:40:01,276 [INFO] 1 change detected
2026-05-11 20:40:01,636 [INFO] 1 change detected
2026-05-11 20:40:02,047 [INFO] 1 change detected
2026-05-11 20:40:02,453 [INFO] 1 change detected
2026-05-11 20:40:02,862 [INFO] 1 change detected
2026-05-11 20:40:03,271 [INFO] 1 change detected
2026-05-11 20:40:03,631 [INFO] 1 change detected
2026-05-11 20:40:04,042 [INFO] 1 change detected
2026-05-11 20:40:04,449 [INFO] 1 change detected
2026-05-11 20:40:04,856 [INFO] 1 change detected
2026-05-11 20:40:05,264 [INFO] 1 change detected
2026-05-11 20:40:05,671 [INFO] 1 change detected
2026-05-11 20:40:06,079 [INFO] 1 change detected
2026-05-11 20:40:06,486 [INFO] 1 change detected
2026-05-11 20:40:06,892 [INFO] 1 change detected
2026-05-11 20:40:07,252 [INFO] 1 change detected
2026-05-11 20:40:07,663 [INFO] 1 change detected
2026-05-11 20:40:08,070 [INFO] 1 change detected
2026-05-11 20:40:08,487 [INFO] 1 change detected
2026-05-11 20:40:08,892 [INFO] 1 change detected
2026-05-11 20:40:09,297 [INFO] 1 change detected
2026-05-11 20:40:09,707 [INFO] 1 change detected
2026-05-11 20:40:10,115 [INFO] 1 change detected
2026-05-11 20:40:10,521 [INFO] 1 change detected
2026-05-11 20:40:10,931 [INFO] 1 change detected
2026-05-11 20:40:11,287 [INFO] 1 change detected
2026-05-11 20:40:11,700 [INFO] 1 change detected
2026-05-11 20:40:12,108 [INFO] 1 change detected
2026-05-11 20:40:12,517 [INFO] 1 change detected
2026-05-11 20:40:12,929 [INFO] 1 change detected
2026-05-11 20:40:13,338 [INFO] 1 change detected
2026-05-11 20:40:13,747 [INFO] 1 change detected
2026-05-11 20:40:14,105 [INFO] 1 change detected
2026-05-11 20:40:14,520 [INFO] 1 change detected
2026-05-11 20:40:14,927 [INFO] 1 change detected
2026-05-11 20:40:15,335 [INFO] 1 change detected
2026-05-11 20:40:15,744 [INFO] 1 change detected
2026-05-11 20:40:16,110 [INFO] 1 change detected
2026-05-11 20:40:16,523 [INFO] 1 change detected
2026-05-11 20:40:16,929 [INFO] 1 change detected
2026-05-11 20:40:17,336 [INFO] 1 change detected
2026-05-11 20:40:17,740 [INFO] 1 change detected
2026-05-11 20:40:18,146 [INFO] 1 change detected
2026-05-11 20:40:18,548 [INFO] 1 change detected
2026-05-11 20:40:18,953 [INFO] 1 change detected
2026-05-11 20:40:19,310 [INFO] 1 change detected
2026-05-11 20:40:19,722 [INFO] 1 change detected
2026-05-11 20:40:20,129 [INFO] 1 change detected
2026-05-11 20:40:20,488 [INFO] 1 change detected
2026-05-11 20:40:20,903 [INFO] 1 change detected
2026-05-11 20:40:21,317 [INFO] 1 change detected
2026-05-11 20:40:21,727 [INFO] 1 change detected
2026-05-11 20:40:22,135 [INFO] 1 change detected
2026-05-11 20:40:22,496 [INFO] 1 change detected
2026-05-11 20:40:22,910 [INFO] 1 change detected
2026-05-11 20:40:23,322 [INFO] 1 change detected
2026-05-11 20:40:23,731 [INFO] 1 change detected
2026-05-11 20:40:24,141 [INFO] 1 change detected
2026-05-11 20:40:24,502 [INFO] 1 change detected
2026-05-11 20:40:24,914 [INFO] 1 change detected
2026-05-11 20:40:25,326 [INFO] 1 change detected
2026-05-11 20:40:25,738 [INFO] 1 change detected
2026-05-11 20:40:26,149 [INFO] 1 change detected
2026-05-11 20:40:26,560 [INFO] 1 change detected
2026-05-11 20:40:26,970 [INFO] 1 change detected
2026-05-11 20:40:27,376 [INFO] 1 change detected
2026-05-11 20:40:27,785 [INFO] 1 change detected
2026-05-11 20:40:28,144 [INFO] 1 change detected
2026-05-11 20:40:28,557 [INFO] 1 change detected
2026-05-11 20:40:28,967 [INFO] 1 change detected
2026-05-11 20:40:29,374 [INFO] 1 change detected
2026-05-11 20:40:29,732 [INFO] 1 change detected
2026-05-11 20:40:30,145 [INFO] 1 change detected
2026-05-11 20:40:30,556 [INFO] 1 change detected
2026-05-11 20:40:30,966 [INFO] 1 change detected
2026-05-11 20:40:31,325 [INFO] 1 change detected
2026-05-11 20:40:31,733 [INFO] 1 change detected
2026-05-11 20:40:32,144 [INFO] 1 change detected
2026-05-11 20:40:32,553 [INFO] 1 change detected
2026-05-11 20:40:32,963 [INFO] 1 change detected
2026-05-11 20:40:33,322 [INFO] 1 change detected
2026-05-11 20:40:33,730 [INFO] 1 change detected
2026-05-11 20:40:34,135 [INFO] 1 change detected
2026-05-11 20:40:34,548 [INFO] 1 change detected
2026-05-11 20:40:34,962 [INFO] 1 change detected
2026-05-11 20:40:35,367 [INFO] 1 change detected
2026-05-11 20:40:35,773 [INFO] 1 change detected
2026-05-11 20:40:36,179 [INFO] 1 change detected
2026-05-11 20:40:36,582 [INFO] 1 change detected
2026-05-11 20:40:36,990 [INFO] 1 change detected
2026-05-11 20:40:37,347 [INFO] 1 change detected
2026-05-11 20:40:37,755 [INFO] 1 change detected
2026-05-11 20:40:38,162 [INFO] 1 change detected
2026-05-11 20:40:38,568 [INFO] 1 change detected
2026-05-11 20:40:38,973 [INFO] 1 change detected
2026-05-11 20:40:39,379 [INFO] 1 change detected
2026-05-11 20:40:39,787 [INFO] 1 change detected
2026-05-11 20:40:40,194 [INFO] 1 change detected
2026-05-11 20:40:40,609 [INFO] 1 change detected
2026-05-11 20:40:41,016 [INFO] 1 change detected
2026-05-11 20:40:41,421 [INFO] 1 change detected
2026-05-11 20:40:41,827 [INFO] 1 change detected
2026-05-11 20:40:42,232 [INFO] 1 change detected
2026-05-11 20:40:42,636 [INFO] 1 change detected
2026-05-11 20:40:42,993 [INFO] 1 change detected
2026-05-11 20:40:43,403 [INFO] 1 change detected
2026-05-11 20:40:43,811 [INFO] 1 change detected
2026-05-11 20:40:44,215 [INFO] 1 change detected
2026-05-11 20:40:44,621 [INFO] 1 change detected
2026-05-11 20:40:45,028 [INFO] 1 change detected
2026-05-11 20:40:45,433 [INFO] 1 change detected
2026-05-11 20:40:45,840 [INFO] 1 change detected
2026-05-11 20:40:46,247 [INFO] 1 change detected
2026-05-11 20:40:46,651 [INFO] 1 change detected
2026-05-11 20:40:47,057 [INFO] 1 change detected
2026-05-11 20:40:47,466 [INFO] 1 change detected
2026-05-11 20:40:47,824 [INFO] 1 change detected
2026-05-11 20:40:48,236 [INFO] 1 change detected
2026-05-11 20:40:48,642 [INFO] 1 change detected
2026-05-11 20:40:49,048 [INFO] 1 change detected
2026-05-11 20:40:49,456 [INFO] 1 change detected
2026-05-11 20:40:49,864 [INFO] 1 change detected
2026-05-11 20:40:50,219 [INFO] 1 change detected
2026-05-11 20:40:50,626 [INFO] 1 change detected
2026-05-11 20:40:51,031 [INFO] 1 change detected
2026-05-11 20:40:51,435 [INFO] 1 change detected
2026-05-11 20:40:51,841 [INFO] 1 change detected
2026-05-11 20:40:52,247 [INFO] 1 change detected
2026-05-11 20:40:52,653 [INFO] 1 change detected
2026-05-11 20:40:53,058 [INFO] 1 change detected
2026-05-11 20:40:53,464 [INFO] 1 change detected
2026-05-11 20:40:53,869 [INFO] 1 change detected
2026-05-11 20:40:54,277 [INFO] 1 change detected
2026-05-11 20:40:54,682 [INFO] 1 change detected
2026-05-11 20:40:55,088 [INFO] 1 change detected
2026-05-11 20:40:55,494 [INFO] 1 change detected
2026-05-11 20:40:55,902 [INFO] 1 change detected
2026-05-11 20:40:56,259 [INFO] 1 change detected
2026-05-11 20:40:56,671 [INFO] 1 change detected
2026-05-11 20:40:57,077 [INFO] 1 change detected
2026-05-11 20:40:57,483 [INFO] 1 change detected
2026-05-11 20:40:57,888 [INFO] 1 change detected
2026-05-11 20:40:58,293 [INFO] 1 change detected
2026-05-11 20:40:58,698 [INFO] 1 change detected
2026-05-11 20:40:59,106 [INFO] 1 change detected
2026-05-11 20:40:59,472 [INFO] 1 change detected
2026-05-11 20:40:59,883 [INFO] 1 change detected
2026-05-11 20:41:00,290 [INFO] 1 change detected
2026-05-11 20:41:00,695 [INFO] 1 change detected
2026-05-11 20:41:01,050 [INFO] 1 change detected
2026-05-11 20:41:01,462 [INFO] 1 change detected
2026-05-11 20:41:01,868 [INFO] 1 change detected
2026-05-11 20:41:02,279 [INFO] 1 change detected
2026-05-11 20:41:02,688 [INFO] 1 change detected
2026-05-11 20:41:03,091 [INFO] 1 change detected
2026-05-11 20:41:03,496 [INFO] 1 change detected
2026-05-11 20:41:03,854 [INFO] 1 change detected
2026-05-11 20:41:04,265 [INFO] 1 change detected
2026-05-11 20:41:04,670 [INFO] 1 change detected
2026-05-11 20:41:05,080 [INFO] 1 change detected
2026-05-11 20:41:05,435 [INFO] 1 change detected
2026-05-11 20:41:05,847 [INFO] 1 change detected
2026-05-11 20:41:06,251 [INFO] 1 change detected
2026-05-11 20:41:06,659 [INFO] 1 change detected
2026-05-11 20:41:07,065 [INFO] 1 change detected
2026-05-11 20:41:07,470 [INFO] 1 change detected
2026-05-11 20:41:07,875 [INFO] 1 change detected
2026-05-11 20:41:08,283 [INFO] 1 change detected
2026-05-11 20:41:08,692 [INFO] 1 change detected
2026-05-11 20:41:09,101 [INFO] 1 change detected
2026-05-11 20:41:09,459 [INFO] 1 change detected
2026-05-11 20:41:09,870 [INFO] 1 change detected
2026-05-11 20:41:10,276 [INFO] 1 change detected
2026-05-11 20:41:10,682 [INFO] 1 change detected
2026-05-11 20:41:11,092 [INFO] 1 change detected
2026-05-11 20:41:11,501 [INFO] 1 change detected
2026-05-11 20:41:11,910 [INFO] 1 change detected
2026-05-11 20:41:12,269 [INFO] 1 change detected
2026-05-11 20:41:12,680 [INFO] 1 change detected
2026-05-11 20:41:13,088 [INFO] 1 change detected
2026-05-11 20:41:13,498 [INFO] 1 change detected
2026-05-11 20:41:13,906 [INFO] 1 change detected
2026-05-11 20:41:14,313 [INFO] 1 change detected
2026-05-11 20:41:14,671 [INFO] 1 change detected
2026-05-11 20:41:15,083 [INFO] 1 change detected
2026-05-11 20:41:15,492 [INFO] 1 change detected
2026-05-11 20:41:15,850 [INFO] 1 change detected
2026-05-11 20:41:16,262 [INFO] 1 change detected
2026-05-11 20:41:16,669 [INFO] 1 change detected
2026-05-11 20:41:17,077 [INFO] 1 change detected
2026-05-11 20:41:17,486 [INFO] 1 change detected
2026-05-11 20:41:17,845 [INFO] 1 change detected
2026-05-11 20:41:18,256 [INFO] 1 change detected
2026-05-11 20:41:18,666 [INFO] 1 change detected
2026-05-11 20:41:19,079 [INFO] 1 change detected
2026-05-11 20:41:19,488 [INFO] 1 change detected
2026-05-11 20:41:19,896 [INFO] 1 change detected
2026-05-11 20:41:20,303 [INFO] 1 change detected
2026-05-11 20:41:20,708 [INFO] 1 change detected
2026-05-11 20:41:21,068 [INFO] 1 change detected
2026-05-11 20:41:21,477 [INFO] 1 change detected
2026-05-11 20:41:21,882 [INFO] 1 change detected
2026-05-11 20:41:22,290 [INFO] 1 change detected
2026-05-11 20:41:22,697 [INFO] 1 change detected
2026-05-11 20:41:23,103 [INFO] 1 change detected
2026-05-11 20:41:23,509 [INFO] 1 change detected
2026-05-11 20:41:23,916 [INFO] 1 change detected
2026-05-11 20:41:24,322 [INFO] 1 change detected
2026-05-11 20:41:24,731 [INFO] 1 change detected
2026-05-11 20:41:25,089 [INFO] 1 change detected
2026-05-11 20:41:25,502 [INFO] 1 change detected
2026-05-11 20:41:25,908 [INFO] 1 change detected
2026-05-11 20:41:26,316 [INFO] 1 change detected
2026-05-11 20:41:26,723 [INFO] 1 change detected
2026-05-11 20:41:27,126 [INFO] 1 change detected
2026-05-11 20:41:27,532 [INFO] 1 change detected
2026-05-11 20:41:27,939 [INFO] 1 change detected
2026-05-11 20:41:28,345 [INFO] 1 change detected
2026-05-11 20:41:28,752 [INFO] 1 change detected
2026-05-11 20:41:29,161 [INFO] 1 change detected
2026-05-11 20:41:29,517 [INFO] 1 change detected
2026-05-11 20:41:29,930 [INFO] 1 change detected
2026-05-11 20:41:30,335 [INFO] 1 change detected
2026-05-11 20:41:30,740 [INFO] 1 change detected
2026-05-11 20:41:31,145 [INFO] 1 change detected
2026-05-11 20:41:31,550 [INFO] 1 change detected
2026-05-11 20:41:31,958 [INFO] 1 change detected
2026-05-11 20:41:32,363 [INFO] 1 change detected
2026-05-11 20:41:32,770 [INFO] 1 change detected
2026-05-11 20:41:33,181 [INFO] 1 change detected
2026-05-11 20:41:33,591 [INFO] 1 change detected
2026-05-11 20:41:33,950 [INFO] 1 change detected
2026-05-11 20:41:34,359 [INFO] 1 change detected
2026-05-11 20:41:34,763 [INFO] 1 change detected
2026-05-11 20:41:35,174 [INFO] 1 change detected
2026-05-11 20:41:35,529 [INFO] 1 change detected
2026-05-11 20:41:35,941 [INFO] 1 change detected
2026-05-11 20:41:36,347 [INFO] 1 change detected
2026-05-11 20:41:36,754 [INFO] 1 change detected
2026-05-11 20:41:37,161 [INFO] 1 change detected
2026-05-11 20:41:37,567 [INFO] 1 change detected
2026-05-11 20:41:37,977 [INFO] 1 change detected
2026-05-11 20:41:38,381 [INFO] 1 change detected
2026-05-11 20:41:38,737 [INFO] 1 change detected
2026-05-11 20:41:39,147 [INFO] 1 change detected
2026-05-11 20:41:39,552 [INFO] 1 change detected
2026-05-11 20:41:39,957 [INFO] 1 change detected
2026-05-11 20:41:40,361 [INFO] 1 change detected
2026-05-11 20:41:40,768 [INFO] 1 change detected
2026-05-11 20:41:41,174 [INFO] 1 change detected
2026-05-11 20:41:41,577 [INFO] 1 change detected
2026-05-11 20:41:41,985 [INFO] 1 change detected
2026-05-11 20:41:42,402 [INFO] 1 change detected
2026-05-11 20:41:42,807 [INFO] 1 change detected
2026-05-11 20:41:43,213 [INFO] 1 change detected
2026-05-11 20:41:43,616 [INFO] 1 change detected
2026-05-11 20:41:44,023 [INFO] 1 change detected
2026-05-11 20:41:44,428 [INFO] 1 change detected
2026-05-11 20:41:44,832 [INFO] 1 change detected
2026-05-11 20:41:45,236 [INFO] 1 change detected
2026-05-11 20:41:45,639 [INFO] 1 change detected
2026-05-11 20:41:46,044 [INFO] 1 change detected
2026-05-11 20:41:46,400 [INFO] 1 change detected
2026-05-11 20:41:46,808 [INFO] 1 change detected
2026-05-11 20:41:47,212 [INFO] 1 change detected
2026-05-11 20:41:47,618 [INFO] 1 change detected
2026-05-11 20:41:48,024 [INFO] 1 change detected
2026-05-11 20:41:48,431 [INFO] 1 change detected
2026-05-11 20:41:48,836 [INFO] 1 change detected
2026-05-11 20:41:49,240 [INFO] 1 change detected
2026-05-11 20:41:49,645 [INFO] 1 change detected
2026-05-11 20:41:50,053 [INFO] 1 change detected
2026-05-11 20:41:50,460 [INFO] 1 change detected
2026-05-11 20:41:50,868 [INFO] 1 change detected
2026-05-11 20:41:51,270 [INFO] 1 change detected
2026-05-11 20:41:51,674 [INFO] 1 change detected
2026-05-11 20:41:52,080 [INFO] 1 change detected
2026-05-11 20:41:52,484 [INFO] 1 change detected
2026-05-11 20:41:52,887 [INFO] 1 change detected
2026-05-11 20:41:53,291 [INFO] 1 change detected
2026-05-11 20:41:53,698 [INFO] 1 change detected
2026-05-11 20:41:54,104 [INFO] 1 change detected
2026-05-11 20:41:54,512 [INFO] 1 change detected
2026-05-11 20:41:54,920 [INFO] 1 change detected
2026-05-11 20:41:55,325 [INFO] 1 change detected
2026-05-11 20:41:55,729 [INFO] 1 change detected
2026-05-11 20:41:56,137 [INFO] 1 change detected
2026-05-11 20:41:56,541 [INFO] 1 change detected
2026-05-11 20:41:56,948 [INFO] 1 change detected
2026-05-11 20:41:57,352 [INFO] 1 change detected
2026-05-11 20:41:57,759 [INFO] 1 change detected
2026-05-11 20:41:58,163 [INFO] 1 change detected
2026-05-11 20:41:58,519 [INFO] 1 change detected
2026-05-11 20:41:58,928 [INFO] 1 change detected
2026-05-11 20:41:59,337 [INFO] 1 change detected
2026-05-11 20:41:59,742 [INFO] 1 change detected
2026-05-11 20:42:00,146 [INFO] 1 change detected
2026-05-11 20:42:00,555 [INFO] 1 change detected
2026-05-11 20:42:00,963 [INFO] 1 change detected
2026-05-11 20:42:01,370 [INFO] 1 change detected
2026-05-11 20:42:01,777 [INFO] 1 change detected
2026-05-11 20:42:02,136 [INFO] 1 change detected
2026-05-11 20:42:02,544 [INFO] 1 change detected
2026-05-11 20:42:02,951 [INFO] 1 change detected
2026-05-11 20:42:03,355 [INFO] 1 change detected
2026-05-11 20:42:03,763 [INFO] 1 change detected
2026-05-11 20:42:04,171 [INFO] 1 change detected
2026-05-11 20:42:04,530 [INFO] 1 change detected
2026-05-11 20:42:04,938 [INFO] 1 change detected
2026-05-11 20:42:05,349 [INFO] 1 change detected
2026-05-11 20:42:05,751 [INFO] 1 change detected
2026-05-11 20:42:06,159 [INFO] 1 change detected
2026-05-11 20:42:06,564 [INFO] 1 change detected
2026-05-11 20:42:06,967 [INFO] 1 change detected
2026-05-11 20:42:07,370 [INFO] 1 change detected
2026-05-11 20:42:07,776 [INFO] 1 change detected
2026-05-11 20:42:08,183 [INFO] 1 change detected
2026-05-11 20:42:08,592 [INFO] 1 change detected
2026-05-11 20:42:09,000 [INFO] 1 change detected
2026-05-11 20:42:09,406 [INFO] 1 change detected
2026-05-11 20:42:09,761 [INFO] 1 change detected
2026-05-11 20:42:10,171 [INFO] 1 change detected
2026-05-11 20:42:10,576 [INFO] 1 change detected
2026-05-11 20:42:10,978 [INFO] 1 change detected
2026-05-11 20:42:11,333 [INFO] 1 change detected
2026-05-11 20:42:28,199 [INFO] 1 change detected
2026-05-11 20:42:30,151 [INFO] Starting Air Quality AI server...
2026-05-11 20:42:30,153 [INFO] Database initialized.
2026-05-11 20:42:30,153 [INFO] Server ready at http://0.0.0.0:8000
2026-05-11 20:42:30,153 [INFO] Docs at http://localhost:8000/docs
2026-05-11 20:42:30,223 [INFO] 6 changes detected
2026-05-11 20:42:30,636 [INFO] 1 change detected
2026-05-11 20:42:30,996 [INFO] 1 change detected
2026-05-11 20:42:31,409 [INFO] 1 change detected
2026-05-11 20:42:31,820 [INFO] 1 change detected
2026-05-11 20:42:32,233 [INFO] 1 change detected
2026-05-11 20:42:32,643 [INFO] 1 change detected
2026-05-11 20:42:33,050 [INFO] 1 change detected
2026-05-11 20:42:33,410 [INFO] 1 change detected
2026-05-11 20:42:33,820 [INFO] 1 change detected
2026-05-11 20:42:34,227 [INFO] 1 change detected
2026-05-11 20:42:34,638 [INFO] 1 change detected
2026-05-11 20:42:35,048 [INFO] 1 change detected
2026-05-11 20:42:35,457 [INFO] 1 change detected
2026-05-11 20:42:35,868 [INFO] 1 change detected
2026-05-11 20:42:36,273 [INFO] 1 change detected
2026-05-11 20:42:36,626 [INFO] 1 change detected
2026-05-11 20:42:37,035 [INFO] 1 change detected
2026-05-11 20:42:37,442 [INFO] 1 change detected
2026-05-11 20:42:37,852 [INFO] 1 change detected
2026-05-11 20:42:38,258 [INFO] 1 change detected
2026-05-11 20:42:38,615 [INFO] 1 change detected
2026-05-11 20:42:39,024 [INFO] 1 change detected
2026-05-11 20:42:39,434 [INFO] 1 change detected
2026-05-11 20:42:39,840 [INFO] 1 change detected
2026-05-11 20:42:40,248 [INFO] 1 change detected
2026-05-11 20:42:40,654 [INFO] 1 change detected
2026-05-11 20:42:41,059 [INFO] 1 change detected
2026-05-11 20:42:41,415 [INFO] 1 change detected
2026-05-11 20:42:41,825 [INFO] 1 change detected
2026-05-11 20:42:42,233 [INFO] 1 change detected
2026-05-11 20:42:42,639 [INFO] 1 change detected
2026-05-11 20:42:43,048 [INFO] 1 change detected
2026-05-11 20:42:43,454 [INFO] 1 change detected
2026-05-11 20:42:43,811 [INFO] 1 change detected
2026-05-11 20:42:44,224 [INFO] 1 change detected
2026-05-11 20:42:44,632 [INFO] 1 change detected
2026-05-11 20:42:45,041 [INFO] 1 change detected
2026-05-11 20:42:45,398 [INFO] 1 change detected
2026-05-11 20:42:45,809 [INFO] 1 change detected
2026-05-11 20:42:46,218 [INFO] 1 change detected
2026-05-11 20:42:46,628 [INFO] 1 change detected
2026-05-11 20:42:47,032 [INFO] 1 change detected
2026-05-11 20:42:47,439 [INFO] 1 change detected
2026-05-11 20:42:47,797 [INFO] 1 change detected
2026-05-11 20:42:48,207 [INFO] 1 change detected
2026-05-11 20:42:48,615 [INFO] 1 change detected
2026-05-11 20:42:49,021 [INFO] 1 change detected
2026-05-11 20:42:49,434 [INFO] 1 change detected
2026-05-11 20:42:49,791 [INFO] 1 change detected
2026-05-11 20:42:50,199 [INFO] 1 change detected
2026-05-11 20:42:50,609 [INFO] 1 change detected
2026-05-11 20:42:50,967 [INFO] 1 change detected
2026-05-11 20:42:51,376 [INFO] 1 change detected
2026-05-11 20:42:51,781 [INFO] 1 change detected
2026-05-11 20:42:52,190 [INFO] 1 change detected
2026-05-11 20:42:52,595 [INFO] 1 change detected
2026-05-11 20:42:53,001 [INFO] 1 change detected
2026-05-11 20:42:53,411 [INFO] 1 change detected
2026-05-11 20:42:53,817 [INFO] 1 change detected
2026-05-11 20:42:54,221 [INFO] 1 change detected
2026-05-11 20:42:54,627 [INFO] 1 change detected
2026-05-11 20:42:55,034 [INFO] 1 change detected
2026-05-11 20:42:55,439 [INFO] 1 change detected
2026-05-11 20:42:55,843 [INFO] 1 change detected
2026-05-11 20:42:56,246 [INFO] 1 change detected
2026-05-11 20:42:56,651 [INFO] 1 change detected
2026-05-11 20:42:57,057 [INFO] 1 change detected
2026-05-11 20:42:57,463 [INFO] 1 change detected
2026-05-11 20:42:57,871 [INFO] 1 change detected
2026-05-11 20:42:58,273 [INFO] 1 change detected
2026-05-11 20:42:58,679 [INFO] 1 change detected
2026-05-11 20:42:59,084 [INFO] 1 change detected
2026-05-11 20:42:59,488 [INFO] 1 change detected
2026-05-11 20:42:59,892 [INFO] 1 change detected
2026-05-11 20:43:00,249 [INFO] 1 change detected
2026-05-11 20:43:00,657 [INFO] 1 change detected
2026-05-11 20:43:01,059 [INFO] 1 change detected
2026-05-11 20:43:01,465 [INFO] 1 change detected
2026-05-11 20:43:01,870 [INFO] 1 change detected
2026-05-11 20:43:02,276 [INFO] 1 change detected
2026-05-11 20:43:02,681 [INFO] 1 change detected
2026-05-11 20:43:03,086 [INFO] 1 change detected
2026-05-11 20:43:03,493 [INFO] 1 change detected
2026-05-11 20:43:03,900 [INFO] 1 change detected
2026-05-11 20:43:04,257 [INFO] 1 change detected
2026-05-11 20:43:04,668 [INFO] 1 change detected
2026-05-11 20:43:05,073 [INFO] 1 change detected
2026-05-11 20:43:05,479 [INFO] 1 change detected
2026-05-11 20:43:05,885 [INFO] 1 change detected
2026-05-11 20:43:06,288 [INFO] 1 change detected
2026-05-11 20:43:06,694 [INFO] 1 change detected
2026-05-11 20:43:07,097 [INFO] 1 change detected
2026-05-11 20:43:07,501 [INFO] 1 change detected
2026-05-11 20:43:07,908 [INFO] 1 change detected
2026-05-11 20:43:08,313 [INFO] 1 change detected
2026-05-11 20:43:08,718 [INFO] 1 change detected
2026-05-11 20:43:09,121 [INFO] 1 change detected
2026-05-11 20:43:09,529 [INFO] 1 change detected
2026-05-11 20:43:09,933 [INFO] 1 change detected
2026-05-11 20:43:10,340 [INFO] 1 change detected
2026-05-11 20:43:10,744 [INFO] 1 change detected
2026-05-11 20:43:11,151 [INFO] 1 change detected
2026-05-11 20:43:11,558 [INFO] 1 change detected
2026-05-11 20:43:11,962 [INFO] 1 change detected
2026-05-11 20:43:12,368 [INFO] 1 change detected
2026-05-11 20:43:12,775 [INFO] 1 change detected
2026-05-11 20:43:13,181 [INFO] 1 change detected
2026-05-11 20:43:13,588 [INFO] 1 change detected
2026-05-11 20:43:13,994 [INFO] 1 change detected
2026-05-11 20:43:14,400 [INFO] 1 change detected
2026-05-11 20:43:14,808 [INFO] 1 change detected
2026-05-11 20:43:15,212 [INFO] 1 change detected
2026-05-11 20:43:15,615 [INFO] 1 change detected
2026-05-11 20:43:16,022 [INFO] 1 change detected
2026-05-11 20:43:16,427 [INFO] 1 change detected
2026-05-11 20:43:16,833 [INFO] 1 change detected
2026-05-11 20:43:17,235 [INFO] 1 change detected
2026-05-11 20:43:17,638 [INFO] 1 change detected
2026-05-11 20:43:18,045 [INFO] 1 change detected
2026-05-11 20:43:18,448 [INFO] 1 change detected
2026-05-11 20:43:18,856 [INFO] 1 change detected
2026-05-11 20:43:19,216 [INFO] 1 change detected
2026-05-11 20:43:19,628 [INFO] 1 change detected
2026-05-11 20:43:20,033 [INFO] 1 change detected
2026-05-11 20:43:20,437 [INFO] 1 change detected
2026-05-11 20:43:20,841 [INFO] 1 change detected
2026-05-11 20:43:21,247 [INFO] 1 change detected
2026-05-11 20:43:21,654 [INFO] 1 change detected
2026-05-11 20:43:22,060 [INFO] 1 change detected
2026-05-11 20:43:22,467 [INFO] 1 change detected
2026-05-11 20:43:22,873 [INFO] 1 change detected
2026-05-11 20:43:23,239 [INFO] 1 change detected
2026-05-11 20:43:23,649 [INFO] 1 change detected
2026-05-11 20:43:24,054 [INFO] 1 change detected
2026-05-11 20:43:24,459 [INFO] 1 change detected
2026-05-11 20:43:24,865 [INFO] 1 change detected
2026-05-11 20:43:25,269 [INFO] 1 change detected
2026-05-11 20:43:25,677 [INFO] 1 change detected
2026-05-11 20:43:26,079 [INFO] 1 change detected
2026-05-11 20:43:26,486 [INFO] 1 change detected
2026-05-11 20:43:26,893 [INFO] 1 change detected
2026-05-11 20:43:27,297 [INFO] 1 change detected
2026-05-11 20:43:27,704 [INFO] 1 change detected
2026-05-11 20:43:28,112 [INFO] 1 change detected
2026-05-11 20:43:28,516 [INFO] 1 change detected
2026-05-11 20:43:28,922 [INFO] 1 change detected
2026-05-11 20:43:29,326 [INFO] 1 change detected
2026-05-11 20:43:29,731 [INFO] 1 change detected
2026-05-11 20:43:30,138 [INFO] 1 change detected
2026-05-11 20:43:30,493 [INFO] 1 change detected
2026-05-11 20:43:30,903 [INFO] 1 change detected
2026-05-11 20:43:31,319 [INFO] 1 change detected
2026-05-11 20:43:31,723 [INFO] 1 change detected
2026-05-11 20:43:32,130 [INFO] 1 change detected
2026-05-11 20:43:32,537 [INFO] 1 change detected
2026-05-11 20:43:32,941 [INFO] 1 change detected
2026-05-11 20:43:33,347 [INFO] 1 change detected
2026-05-11 20:43:33,753 [INFO] 1 change detected
2026-05-11 20:43:34,158 [INFO] 1 change detected
2026-05-11 20:43:34,561 [INFO] 1 change detected
2026-05-11 20:43:34,917 [INFO] 1 change detected
2026-05-11 20:43:35,325 [INFO] 1 change detected
2026-05-11 20:43:35,728 [INFO] 1 change detected
2026-05-11 20:43:36,132 [INFO] 1 change detected
2026-05-11 20:43:36,536 [INFO] 1 change detected
2026-05-11 20:43:36,940 [INFO] 1 change detected
2026-05-11 20:43:37,350 [INFO] 1 change detected
2026-05-11 20:43:37,752 [INFO] 1 change detected
2026-05-11 20:43:38,158 [INFO] 1 change detected
2026-05-11 20:43:38,563 [INFO] 1 change detected
2026-05-11 20:43:38,966 [INFO] 1 change detected
2026-05-11 20:43:39,370 [INFO] 1 change detected
2026-05-11 20:43:39,775 [INFO] 1 change detected
2026-05-11 20:43:40,181 [INFO] 1 change detected
2026-05-11 20:43:40,539 [INFO] 1 change detected
2026-05-11 20:43:40,951 [INFO] 1 change detected
2026-05-11 20:43:41,356 [INFO] 1 change detected
2026-05-11 20:43:41,765 [INFO] 1 change detected
2026-05-11 20:43:42,169 [INFO] 1 change detected
2026-05-11 20:43:42,573 [INFO] 1 change detected
2026-05-11 20:43:42,977 [INFO] 1 change detected
2026-05-11 20:43:43,382 [INFO] 1 change detected
2026-05-11 20:43:43,788 [INFO] 1 change detected
2026-05-11 20:43:44,193 [INFO] 1 change detected
2026-05-11 20:43:44,604 [INFO] 1 change detected
2026-05-11 20:43:44,960 [INFO] 1 change detected
2026-05-11 20:43:45,371 [INFO] 1 change detected
2026-05-11 20:43:45,731 [INFO] 1 change detected
2026-05-11 20:43:46,138 [INFO] 1 change detected
2026-05-11 20:43:46,543 [INFO] 1 change detected
2026-05-11 20:43:46,950 [INFO] 1 change detected
2026-05-11 20:43:47,358 [INFO] 1 change detected
2026-05-11 20:43:47,762 [INFO] 1 change detected
2026-05-11 20:43:48,168 [INFO] 1 change detected
2026-05-11 20:43:48,572 [INFO] 1 change detected
2026-05-11 20:43:48,977 [INFO] 1 change detected
2026-05-11 20:43:49,380 [INFO] 1 change detected
2026-05-11 20:43:49,783 [INFO] 1 change detected
2026-05-11 20:43:50,185 [INFO] 1 change detected
2026-05-11 20:43:50,587 [INFO] 1 change detected
2026-05-11 20:43:50,992 [INFO] 1 change detected
2026-05-11 20:43:51,395 [INFO] 1 change detected
2026-05-11 20:43:51,801 [INFO] 1 change detected
2026-05-11 20:43:52,158 [INFO] 1 change detected
2026-05-11 20:43:52,566 [INFO] 1 change detected
2026-05-11 20:43:52,969 [INFO] 1 change detected
2026-05-11 20:43:53,375 [INFO] 1 change detected
2026-05-11 20:43:53,781 [INFO] 1 change detected
2026-05-11 20:43:54,185 [INFO] 1 change detected
2026-05-11 20:43:54,592 [INFO] 1 change detected
2026-05-11 20:43:54,997 [INFO] 1 change detected
2026-05-11 20:43:55,402 [INFO] 1 change detected
2026-05-11 20:43:55,811 [INFO] 1 change detected
2026-05-11 20:43:56,214 [INFO] 1 change detected
2026-05-11 20:43:56,620 [INFO] 1 change detected
2026-05-11 20:43:57,022 [INFO] 1 change detected
2026-05-11 20:43:57,428 [INFO] 1 change detected
2026-05-11 20:43:57,833 [INFO] 1 change detected
2026-05-11 20:43:58,235 [INFO] 1 change detected
2026-05-11 20:43:58,644 [INFO] 1 change detected
2026-05-11 20:43:59,051 [INFO] 1 change detected
2026-05-11 20:43:59,457 [INFO] 1 change detected
2026-05-11 20:43:59,861 [INFO] 1 change detected
2026-05-11 20:44:00,266 [INFO] 1 change detected
2026-05-11 20:44:00,671 [INFO] 1 change detected
2026-05-11 20:44:01,075 [INFO] 1 change detected
2026-05-11 20:44:01,482 [INFO] 1 change detected
2026-05-11 20:44:01,886 [INFO] 1 change detected
2026-05-11 20:44:02,296 [INFO] 1 change detected
2026-05-11 20:44:02,700 [INFO] 1 change detected
2026-05-11 20:44:03,103 [INFO] 1 change detected
2026-05-11 20:44:03,507 [INFO] 1 change detected
2026-05-11 20:44:03,911 [INFO] 1 change detected
2026-05-11 20:44:04,318 [INFO] 1 change detected
2026-05-11 20:44:04,726 [INFO] 1 change detected
2026-05-11 20:44:05,132 [INFO] 1 change detected
2026-05-11 20:44:05,538 [INFO] 1 change detected
2026-05-11 20:44:05,943 [INFO] 1 change detected
2026-05-11 20:44:06,349 [INFO] 1 change detected
2026-05-11 20:44:06,707 [INFO] 1 change detected
2026-05-11 20:44:07,115 [INFO] 1 change detected
2026-05-11 20:44:07,529 [INFO] 1 change detected
2026-05-11 20:44:07,938 [INFO] 1 change detected
2026-05-11 20:44:08,343 [INFO] 1 change detected
2026-05-11 20:44:08,752 [INFO] 1 change detected
2026-05-11 20:44:09,157 [INFO] 1 change detected
2026-05-11 20:44:09,560 [INFO] 1 change detected
2026-05-11 20:44:09,968 [INFO] 1 change detected
2026-05-11 20:44:10,323 [INFO] 1 change detected
2026-05-11 20:44:10,732 [INFO] 1 change detected
2026-05-11 20:44:11,138 [INFO] 1 change detected
2026-05-11 20:44:11,542 [INFO] 1 change detected
2026-05-11 20:44:11,949 [INFO] 1 change detected
2026-05-11 20:44:12,354 [INFO] 1 change detected
2026-05-11 20:44:12,757 [INFO] 1 change detected
2026-05-11 20:44:13,166 [INFO] 1 change detected
2026-05-11 20:44:13,574 [INFO] 1 change detected
2026-05-11 20:44:13,981 [INFO] 1 change detected
2026-05-11 20:44:14,387 [INFO] 1 change detected
2026-05-11 20:44:14,744 [INFO] 1 change detected
2026-05-11 20:44:15,152 [INFO] 1 change detected
2026-05-11 20:44:15,557 [INFO] 1 change detected
2026-05-11 20:44:15,963 [INFO] 1 change detected
2026-05-11 20:44:16,369 [INFO] 1 change detected
2026-05-11 20:44:16,775 [INFO] 1 change detected
2026-05-11 20:44:17,183 [INFO] 1 change detected
2026-05-11 20:44:17,588 [INFO] 1 change detected
2026-05-11 20:44:17,995 [INFO] 1 change detected
2026-05-11 20:44:18,403 [INFO] 1 change detected
2026-05-11 20:44:18,761 [INFO] 1 change detected
2026-05-11 20:44:19,172 [INFO] 1 change detected
2026-05-11 20:44:19,577 [INFO] 1 change detected
2026-05-11 20:44:19,984 [INFO] 1 change detected
2026-05-11 20:44:20,391 [INFO] 1 change detected
2026-05-11 20:44:20,798 [INFO] 1 change detected
2026-05-11 20:44:21,204 [INFO] 1 change detected
2026-05-11 20:44:21,610 [INFO] 1 change detected
2026-05-11 20:44:21,972 [INFO] 1 change detected
2026-05-11 20:44:22,384 [INFO] 1 change detected
2026-05-11 20:44:22,791 [INFO] 1 change detected
2026-05-11 20:44:23,150 [INFO] 1 change detected
2026-05-11 20:44:23,558 [INFO] 1 change detected
2026-05-11 20:44:23,968 [INFO] 1 change detected
2026-05-11 20:44:24,376 [INFO] 1 change detected
2026-05-11 20:44:24,784 [INFO] 1 change detected
2026-05-11 20:44:25,189 [INFO] 1 change detected
2026-05-11 20:44:25,594 [INFO] 1 change detected
2026-05-11 20:44:25,952 [INFO] 1 change detected
2026-05-11 20:44:26,365 [INFO] 1 change detected
2026-05-11 20:44:26,773 [INFO] 1 change detected
2026-05-11 20:44:27,179 [INFO] 1 change detected
2026-05-11 20:44:27,586 [INFO] 1 change detected
2026-05-11 20:44:27,943 [INFO] 1 change detected
2026-05-11 20:44:28,352 [INFO] 1 change detected
2026-05-11 20:44:28,759 [INFO] 1 change detected
2026-05-11 20:44:29,167 [INFO] 1 change detected
2026-05-11 20:44:29,571 [INFO] 1 change detected
2026-05-11 20:44:29,979 [INFO] 1 change detected
2026-05-11 20:44:30,396 [INFO] 1 change detected
2026-05-11 20:44:30,805 [INFO] 1 change detected
2026-05-11 20:44:31,209 [INFO] 1 change detected
2026-05-11 20:44:31,565 [INFO] 1 change detected
2026-05-11 20:44:31,977 [INFO] 1 change detected
2026-05-11 20:44:32,386 [INFO] 1 change detected
2026-05-11 20:44:32,796 [INFO] 1 change detected
2026-05-11 20:44:33,206 [INFO] 1 change detected
2026-05-11 20:44:33,613 [INFO] 1 change detected
2026-05-11 20:44:34,020 [INFO] 1 change detected
2026-05-11 20:44:34,423 [INFO] 1 change detected
2026-05-11 20:44:34,829 [INFO] 1 change detected
2026-05-11 20:44:35,239 [INFO] 1 change detected
2026-05-11 20:44:35,647 [INFO] 1 change detected
2026-05-11 20:44:36,055 [INFO] 1 change detected
2026-05-11 20:44:36,460 [INFO] 1 change detected
2026-05-11 20:44:36,864 [INFO] 1 change detected
2026-05-11 20:44:37,270 [INFO] 1 change detected
2026-05-11 20:44:37,677 [INFO] 1 change detected
2026-05-11 20:44:38,082 [INFO] 1 change detected
2026-05-11 20:44:38,487 [INFO] 1 change detected
2026-05-11 20:44:38,890 [INFO] 1 change detected
2026-05-11 20:44:39,297 [INFO] 1 change detected
2026-05-11 20:44:39,654 [INFO] 1 change detected
2026-05-11 20:44:40,063 [INFO] 1 change detected
2026-05-11 20:44:40,467 [INFO] 1 change detected
2026-05-11 20:44:40,870 [INFO] 1 change detected
2026-05-11 20:44:41,276 [INFO] 1 change detected
2026-05-11 20:44:41,684 [INFO] 1 change detected
2026-05-11 20:44:42,093 [INFO] 1 change detected
2026-05-11 20:44:42,500 [INFO] 1 change detected
2026-05-11 20:44:42,902 [INFO] 1 change detected
2026-05-11 20:44:43,260 [INFO] 1 change detected
2026-05-11 20:44:43,675 [INFO] 1 change detected
2026-05-11 20:44:44,084 [INFO] 1 change detected
2026-05-11 20:44:44,494 [INFO] 1 change detected
2026-05-11 20:44:44,907 [INFO] 1 change detected
2026-05-11 20:44:45,316 [INFO] 1 change detected
2026-05-11 20:44:45,677 [INFO] 1 change detected
2026-05-11 20:44:46,036 [INFO] 4 changes detected
2026-05-11 20:44:46,398 [INFO] 1 change detected
2026-05-11 20:44:46,762 [INFO] 1 change detected
2026-05-11 20:44:47,122 [INFO] 1 change detected
2026-05-11 20:44:47,481 [INFO] 1 change detected
2026-05-11 20:44:47,842 [INFO] 1 change detected
2026-05-11 20:44:48,254 [INFO] 1 change detected
2026-05-11 20:44:48,660 [INFO] 1 change detected
2026-05-11 20:44:49,063 [INFO] 1 change detected
2026-05-11 20:44:49,472 [INFO] 1 change detected
2026-05-11 20:44:49,882 [INFO] 1 change detected
2026-05-11 20:44:50,246 [INFO] 1 change detected
2026-05-11 20:44:50,660 [INFO] 1 change detected
2026-05-11 20:44:51,072 [INFO] 1 change detected
2026-05-11 20:44:51,484 [INFO] 1 change detected
2026-05-11 20:44:51,889 [INFO] 1 change detected
2026-05-11 20:44:52,294 [INFO] 1 change detected
2026-05-11 20:44:52,700 [INFO] 1 change detected
2026-05-11 20:44:53,106 [INFO] 1 change detected
2026-05-11 20:44:53,511 [INFO] 1 change detected
2026-05-11 20:44:53,920 [INFO] 1 change detected
2026-05-11 20:44:54,276 [INFO] 1 change detected
2026-05-11 20:44:54,688 [INFO] 1 change detected
2026-05-11 20:44:55,098 [INFO] 1 change detected
2026-05-11 20:44:55,506 [INFO] 1 change detected
2026-05-11 20:44:55,913 [INFO] 1 change detected
2026-05-11 20:44:56,272 [INFO] 1 change detected
2026-05-11 20:44:56,679 [INFO] 1 change detected
2026-05-11 20:44:57,085 [INFO] 1 change detected
2026-05-11 20:44:57,496 [INFO] 1 change detected
2026-05-11 20:44:57,855 [INFO] 1 change detected
2026-05-11 20:44:58,267 [INFO] 1 change detected
2026-05-11 20:44:58,671 [INFO] 1 change detected
2026-05-11 20:44:59,076 [INFO] 1 change detected
2026-05-11 20:44:59,482 [INFO] 1 change detected
2026-05-11 20:44:59,888 [INFO] 1 change detected
2026-05-11 20:45:00,297 [INFO] 1 change detected
2026-05-11 20:45:00,701 [INFO] 1 change detected
2026-05-11 20:45:01,107 [INFO] 1 change detected
2026-05-11 20:45:01,513 [INFO] 1 change detected
2026-05-11 20:45:01,871 [INFO] 1 change detected
2026-05-11 20:45:02,284 [INFO] 1 change detected
2026-05-11 20:45:02,695 [INFO] 1 change detected
2026-05-11 20:45:03,099 [INFO] 1 change detected
2026-05-11 20:45:03,457 [INFO] 1 change detected
2026-05-11 20:45:03,869 [INFO] 1 change detected
2026-05-11 20:45:04,276 [INFO] 1 change detected
2026-05-11 20:45:04,684 [INFO] 1 change detected
2026-05-11 20:45:05,090 [INFO] 1 change detected
2026-05-11 20:45:05,494 [INFO] 1 change detected
2026-05-11 20:45:05,899 [INFO] 1 change detected
2026-05-11 20:45:06,307 [INFO] 1 change detected
2026-05-11 20:45:06,664 [INFO] 1 change detected
2026-05-11 20:45:07,077 [INFO] 1 change detected
2026-05-11 20:45:07,481 [INFO] 1 change detected
2026-05-11 20:45:07,889 [INFO] 1 change detected
2026-05-11 20:45:08,301 [INFO] 1 change detected
2026-05-11 20:45:08,709 [INFO] 1 change detected
2026-05-11 20:45:09,116 [INFO] 1 change detected
2026-05-11 20:45:09,473 [INFO] 1 change detected
2026-05-11 20:45:09,884 [INFO] 1 change detected
2026-05-11 20:45:10,291 [INFO] 1 change detected
2026-05-11 20:45:10,696 [INFO] 1 change detected
2026-05-11 20:45:11,100 [INFO] 1 change detected
2026-05-11 20:45:11,505 [INFO] 1 change detected
2026-05-11 20:45:11,909 [INFO] 1 change detected
2026-05-11 20:45:12,319 [INFO] 1 change detected
2026-05-11 20:45:12,726 [INFO] 1 change detected
2026-05-11 20:45:13,131 [INFO] 1 change detected
2026-05-11 20:45:13,537 [INFO] 1 change detected
2026-05-11 20:45:13,944 [INFO] 1 change detected
2026-05-11 20:45:14,302 [INFO] 1 change detected
2026-05-11 20:45:14,714 [INFO] 1 change detected
2026-05-11 20:45:15,118 [INFO] 1 change detected
2026-05-11 20:45:15,526 [INFO] 1 change detected
2026-05-11 20:45:15,934 [INFO] 1 change detected
2026-05-11 20:45:16,340 [INFO] 1 change detected
2026-05-11 20:45:16,748 [INFO] 1 change detected
2026-05-11 20:45:17,107 [INFO] 1 change detected
2026-05-11 20:45:17,515 [INFO] 5 changes detected
2026-05-11 20:45:17,922 [INFO] 1 change detected
2026-05-11 20:45:18,330 [INFO] 1 change detected
2026-05-11 20:45:18,689 [INFO] 1 change detected
2026-05-11 20:45:19,097 [INFO] 1 change detected
2026-05-11 20:45:19,505 [INFO] 1 change detected
2026-05-11 20:45:19,914 [INFO] 1 change detected
2026-05-11 20:45:20,318 [INFO] 1 change detected
2026-05-11 20:45:20,726 [INFO] 1 change detected
2026-05-11 20:45:21,131 [INFO] 1 change detected
2026-05-11 20:45:21,540 [INFO] 1 change detected
2026-05-11 20:45:21,948 [INFO] 1 change detected
2026-05-11 20:45:22,354 [INFO] 1 change detected
2026-05-11 20:45:22,762 [INFO] 1 change detected
2026-05-11 20:45:23,168 [INFO] 1 change detected
2026-05-11 20:45:23,573 [INFO] 1 change detected
2026-05-11 20:45:23,982 [INFO] 1 change detected
2026-05-11 20:45:24,389 [INFO] 1 change detected
2026-05-11 20:45:24,792 [INFO] 1 change detected
2026-05-11 20:45:25,197 [INFO] 1 change detected
2026-05-11 20:45:25,600 [INFO] 1 change detected
2026-05-11 20:45:26,007 [INFO] 1 change detected
2026-05-11 20:45:26,411 [INFO] 1 change detected
2026-05-11 20:45:26,816 [INFO] 1 change detected
2026-05-11 20:45:27,222 [INFO] 1 change detected
2026-05-11 20:45:27,578 [INFO] 1 change detected
2026-05-11 20:45:27,989 [INFO] 1 change detected
2026-05-11 20:45:28,399 [INFO] 1 change detected
2026-05-11 20:45:28,806 [INFO] 1 change detected
2026-05-11 20:45:29,212 [INFO] 1 change detected
2026-05-11 20:45:29,617 [INFO] 1 change detected
2026-05-11 20:45:30,023 [INFO] 1 change detected
2026-05-11 20:45:30,428 [INFO] 1 change detected
2026-05-11 20:45:30,835 [INFO] 1 change detected
2026-05-11 20:45:31,240 [INFO] 1 change detected
2026-05-11 20:45:31,649 [INFO] 1 change detected
2026-05-11 20:45:32,056 [INFO] 1 change detected
2026-05-11 20:45:32,458 [INFO] 1 change detected
2026-05-11 20:45:32,865 [INFO] 1 change detected
2026-05-11 20:45:33,271 [INFO] 1 change detected
2026-05-11 20:45:33,676 [INFO] 1 change detected
2026-05-11 20:45:34,082 [INFO] 1 change detected
2026-05-11 20:45:34,487 [INFO] 1 change detected
2026-05-11 20:45:34,893 [INFO] 1 change detected
2026-05-11 20:45:35,297 [INFO] 1 change detected
2026-05-11 20:45:35,702 [INFO] 1 change detected
2026-05-11 20:45:36,107 [INFO] 1 change detected
2026-05-11 20:45:36,514 [INFO] 1 change detected
2026-05-11 20:45:36,920 [INFO] 1 change detected
2026-05-11 20:45:37,323 [INFO] 1 change detected
2026-05-11 20:45:37,729 [INFO] 1 change detected
2026-05-11 20:45:38,132 [INFO] 1 change detected
2026-05-11 20:45:38,539 [INFO] 1 change detected
2026-05-11 20:45:38,945 [INFO] 1 change detected
2026-05-11 20:45:39,352 [INFO] 1 change detected
2026-05-11 20:45:39,757 [INFO] 1 change detected
2026-05-11 20:45:40,159 [INFO] 1 change detected
2026-05-11 20:45:40,564 [INFO] 1 change detected
2026-05-11 20:45:40,921 [INFO] 1 change detected
2026-05-11 20:45:41,331 [INFO] 1 change detected
2026-05-11 20:45:41,738 [INFO] 1 change detected
2026-05-11 20:45:42,142 [INFO] 1 change detected
2026-05-11 20:45:42,548 [INFO] 1 change detected
2026-05-11 20:45:42,954 [INFO] 1 change detected
2026-05-11 20:45:43,310 [INFO] 1 change detected
2026-05-11 20:45:43,719 [INFO] 1 change detected
2026-05-11 20:45:44,136 [INFO] 1 change detected
2026-05-11 20:45:44,541 [INFO] 1 change detected
2026-05-11 20:45:44,947 [INFO] 1 change detected
2026-05-11 20:45:45,304 [INFO] 1 change detected
2026-05-11 20:45:45,713 [INFO] 1 change detected
2026-05-11 20:45:46,114 [INFO] 1 change detected
2026-05-11 20:45:46,520 [INFO] 1 change detected
2026-05-11 20:45:46,924 [INFO] 1 change detected
2026-05-11 20:45:47,331 [INFO] 1 change detected
2026-05-11 20:45:47,736 [INFO] 1 change detected
2026-05-11 20:45:48,141 [INFO] 1 change detected
2026-05-11 20:45:48,547 [INFO] 1 change detected
2026-05-11 20:45:48,952 [INFO] 1 change detected
2026-05-11 20:45:49,357 [INFO] 1 change detected
2026-05-11 20:45:49,763 [INFO] 1 change detected
2026-05-11 20:45:50,119 [INFO] 1 change detected
2026-05-11 20:45:50,530 [INFO] 1 change detected
2026-05-11 20:45:50,935 [INFO] 1 change detected
2026-05-11 20:45:51,338 [INFO] 1 change detected
2026-05-11 20:45:51,746 [INFO] 1 change detected
2026-05-11 20:45:52,151 [INFO] 1 change detected
2026-05-11 20:45:52,556 [INFO] 1 change detected
2026-05-11 20:45:52,964 [INFO] 1 change detected
2026-05-11 20:45:53,371 [INFO] 1 change detected
2026-05-11 20:45:53,779 [INFO] 1 change detected
2026-05-11 20:45:54,182 [INFO] 1 change detected
2026-05-11 20:45:54,588 [INFO] 1 change detected
2026-05-11 20:45:54,991 [INFO] 1 change detected
2026-05-11 20:45:55,397 [INFO] 1 change detected
2026-05-11 20:45:55,803 [INFO] 1 change detected
2026-05-11 20:45:56,210 [INFO] 1 change detected
2026-05-11 20:45:56,566 [INFO] 1 change detected
2026-05-11 20:45:56,973 [INFO] 1 change detected
2026-05-11 20:45:57,381 [INFO] 1 change detected
2026-05-11 20:45:57,785 [INFO] 1 change detected
2026-05-11 20:45:58,191 [INFO] 1 change detected
2026-05-11 20:45:58,598 [INFO] 1 change detected
2026-05-11 20:45:59,003 [INFO] 1 change detected
2026-05-11 20:45:59,408 [INFO] 1 change detected
2026-05-11 20:45:59,812 [INFO] 1 change detected
2026-05-11 20:46:00,228 [INFO] 1 change detected
2026-05-11 20:46:00,631 [INFO] 1 change detected
2026-05-11 20:46:01,035 [INFO] 1 change detected
2026-05-11 20:46:01,451 [INFO] 1 change detected
2026-05-11 20:46:01,859 [INFO] 1 change detected
2026-05-11 20:46:02,265 [INFO] 1 change detected
2026-05-11 20:46:02,669 [INFO] 1 change detected
2026-05-11 20:46:03,077 [INFO] 1 change detected
2026-05-11 20:46:03,484 [INFO] 1 change detected
2026-05-11 20:46:03,889 [INFO] 1 change detected
2026-05-11 20:46:04,291 [INFO] 1 change detected
2026-05-11 20:46:04,698 [INFO] 1 change detected
2026-05-11 20:46:05,102 [INFO] 1 change detected
2026-05-11 20:46:05,507 [INFO] 1 change detected
2026-05-11 20:46:05,912 [INFO] 1 change detected
2026-05-11 20:46:06,272 [INFO] 1 change detected
2026-05-11 20:46:06,682 [INFO] 1 change detected
2026-05-11 20:46:07,086 [INFO] 1 change detected
2026-05-11 20:46:07,491 [INFO] 1 change detected
2026-05-11 20:46:07,897 [INFO] 1 change detected
2026-05-11 20:46:08,303 [INFO] 1 change detected
2026-05-11 20:46:08,709 [INFO] 1 change detected
2026-05-11 20:46:09,111 [INFO] 1 change detected
2026-05-11 20:46:09,518 [INFO] 1 change detected
2026-05-11 20:46:09,922 [INFO] 1 change detected
2026-05-11 20:46:10,329 [INFO] 1 change detected
2026-05-11 20:46:10,735 [INFO] 1 change detected
2026-05-11 20:46:11,139 [INFO] 1 change detected
2026-05-11 20:46:11,546 [INFO] 1 change detected
2026-05-11 20:46:11,955 [INFO] 1 change detected
2026-05-11 20:46:12,320 [INFO] 1 change detected
2026-05-11 20:46:12,730 [INFO] 1 change detected
2026-05-11 20:46:13,186 [INFO] 1 change detected
2026-05-11 20:46:13,550 [INFO] 1 change detected
2026-05-11 20:46:13,958 [INFO] 1 change detected
2026-05-11 20:46:14,367 [INFO] 1 change detected
2026-05-11 20:46:14,724 [INFO] 1 change detected
2026-05-11 20:46:15,132 [INFO] 1 change detected
2026-05-11 20:46:15,537 [INFO] 1 change detected
2026-05-11 20:46:15,944 [INFO] 1 change detected
2026-05-11 20:46:16,347 [INFO] 1 change detected
2026-05-11 20:46:16,755 [INFO] 1 change detected
2026-05-11 20:46:17,160 [INFO] 1 change detected
2026-05-11 20:46:17,566 [INFO] 1 change detected
2026-05-11 20:46:17,923 [INFO] 1 change detected
2026-05-11 20:46:18,334 [INFO] 1 change detected
2026-05-11 20:46:18,736 [INFO] 1 change detected
2026-05-11 20:46:19,142 [INFO] 1 change detected
2026-05-11 20:46:19,547 [INFO] 1 change detected
2026-05-11 20:46:19,956 [INFO] 1 change detected
2026-05-11 20:46:20,358 [INFO] 1 change detected
2026-05-11 20:46:20,765 [INFO] 1 change detected
2026-05-11 20:46:21,169 [INFO] 1 change detected
2026-05-11 20:46:21,575 [INFO] 1 change detected
2026-05-11 20:46:21,977 [INFO] 1 change detected
2026-05-11 20:46:22,380 [INFO] 1 change detected
2026-05-11 20:46:22,786 [INFO] 1 change detected
2026-05-11 20:46:23,191 [INFO] 1 change detected
2026-05-11 20:46:23,598 [INFO] 1 change detected
2026-05-11 20:46:24,003 [INFO] 1 change detected
2026-05-11 20:46:24,407 [INFO] 1 change detected
2026-05-11 20:46:24,812 [INFO] 1 change detected
2026-05-11 20:46:25,216 [INFO] 1 change detected
2026-05-11 20:46:25,620 [INFO] 1 change detected
2026-05-11 20:46:26,027 [INFO] 1 change detected
2026-05-11 20:46:26,431 [INFO] 1 change detected
2026-05-11 20:46:26,835 [INFO] 1 change detected
2026-05-11 20:46:27,242 [INFO] 1 change detected
2026-05-11 20:46:27,602 [INFO] 1 change detected
2026-05-11 20:46:28,012 [INFO] 1 change detected
2026-05-11 20:46:28,421 [INFO] 1 change detected
2026-05-11 20:46:28,778 [INFO] 1 change detected
2026-05-11 20:46:29,191 [INFO] 1 change detected
2026-05-11 20:46:29,601 [INFO] 1 change detected
2026-05-11 20:46:29,959 [INFO] 1 change detected
2026-05-11 20:46:30,368 [INFO] 1 change detected
2026-05-11 20:46:30,771 [INFO] 1 change detected
2026-05-11 20:46:31,179 [INFO] 1 change detected
2026-05-11 20:46:31,593 [INFO] 1 change detected
2026-05-11 20:46:32,009 [INFO] 1 change detected
2026-05-11 20:46:32,372 [INFO] 1 change detected
2026-05-11 20:46:32,778 [INFO] 1 change detected
2026-05-11 20:46:33,193 [INFO] 1 change detected
2026-05-11 20:46:33,597 [INFO] 1 change detected
2026-05-11 20:46:34,006 [INFO] 1 change detected
2026-05-11 20:46:34,362 [INFO] 1 change detected
2026-05-11 20:46:34,775 [INFO] 1 change detected
2026-05-11 20:46:35,180 [INFO] 1 change detected
2026-05-11 20:46:35,587 [INFO] 1 change detected
2026-05-11 20:46:35,944 [INFO] 1 change detected
2026-05-11 20:46:36,355 [INFO] 1 change detected
2026-05-11 20:46:36,763 [INFO] 1 change detected
2026-05-11 20:46:37,171 [INFO] 1 change detected
2026-05-11 20:46:37,580 [INFO] 1 change detected
2026-05-11 20:46:37,985 [INFO] 1 change detected
2026-05-11 20:46:38,350 [INFO] 1 change detected
2026-05-11 20:46:38,753 [INFO] 1 change detected
2026-05-11 20:46:39,169 [INFO] 1 change detected
2026-05-11 20:46:39,571 [INFO] 1 change detected
2026-05-11 20:46:39,984 [INFO] 1 change detected
2026-05-11 20:46:40,348 [INFO] 1 change detected
2026-05-11 20:46:40,751 [INFO] 1 change detected
2026-05-11 20:46:41,153 [INFO] 1 change detected
2026-05-11 20:46:41,569 [INFO] 1 change detected
2026-05-11 20:46:41,981 [INFO] 1 change detected
2026-05-11 20:46:42,347 [INFO] 1 change detected
2026-05-11 20:46:42,755 [INFO] 1 change detected
2026-05-11 20:46:43,162 [INFO] 1 change detected
2026-05-11 20:46:43,569 [INFO] 1 change detected
2026-05-11 20:46:43,973 [INFO] 1 change detected
2026-05-11 20:46:44,382 [INFO] 1 change detected
2026-05-11 20:46:44,794 [INFO] 1 change detected
2026-05-11 20:46:45,205 [INFO] 1 change detected
2026-05-11 20:46:45,611 [INFO] 1 change detected
2026-05-11 20:46:46,019 [INFO] 1 change detected
2026-05-11 20:46:46,374 [INFO] 1 change detected
2026-05-11 20:46:46,785 [INFO] 1 change detected
2026-05-11 20:46:47,189 [INFO] 1 change detected
2026-05-11 20:46:47,598 [INFO] 1 change detected
2026-05-11 20:46:48,002 [INFO] 1 change detected
2026-05-11 20:46:48,406 [INFO] 1 change detected
2026-05-11 20:46:48,815 [INFO] 1 change detected
2026-05-11 20:46:49,224 [INFO] 1 change detected
2026-05-11 20:46:49,628 [INFO] 1 change detected
2026-05-11 20:46:50,034 [INFO] 1 change detected
2026-05-11 20:46:50,439 [INFO] 1 change detected
2026-05-11 20:46:50,846 [INFO] 1 change detected
2026-05-11 20:46:51,205 [INFO] 1 change detected
2026-05-11 20:46:51,619 [INFO] 1 change detected
2026-05-11 20:46:52,028 [INFO] 1 change detected
2026-05-11 20:46:52,436 [INFO] 1 change detected
2026-05-11 20:46:52,843 [INFO] 1 change detected
2026-05-11 20:46:53,253 [INFO] 1 change detected
2026-05-11 20:46:53,612 [INFO] 1 change detected
2026-05-11 20:46:54,027 [INFO] 1 change detected
2026-05-11 20:46:54,437 [INFO] 1 change detected
2026-05-11 20:46:54,795 [INFO] 1 change detected
2026-05-11 20:46:55,211 [INFO] 1 change detected
2026-05-11 20:46:55,619 [INFO] 1 change detected
2026-05-11 20:46:56,028 [INFO] 1 change detected
2026-05-11 20:46:56,429 [INFO] 1 change detected
2026-05-11 20:46:56,831 [INFO] 1 change detected
2026-05-11 20:46:57,196 [INFO] 1 change detected
2026-05-11 20:46:57,706 [INFO] 1 change detected
2026-05-11 20:46:58,109 [INFO] 1 change detected
2026-05-11 20:46:58,518 [INFO] 1 change detected
2026-05-11 20:46:58,875 [INFO] 1 change detected
2026-05-11 20:46:59,287 [INFO] 1 change detected
2026-05-11 20:46:59,695 [INFO] 1 change detected
2026-05-11 20:47:00,054 [INFO] 1 change detected
2026-05-11 20:47:00,465 [INFO] 1 change detected
2026-05-11 20:47:00,874 [INFO] 1 change detected
2026-05-11 20:47:01,284 [INFO] 1 change detected
2026-05-11 20:47:01,642 [INFO] 1 change detected
2026-05-11 20:47:02,054 [INFO] 1 change detected
2026-05-11 20:47:02,464 [INFO] 1 change detected
2026-05-11 20:47:02,823 [INFO] 1 change detected
2026-05-11 20:47:03,235 [INFO] 1 change detected
2026-05-11 20:47:03,693 [INFO] 1 change detected
2026-05-11 20:47:04,096 [INFO] 1 change detected
2026-05-11 20:47:04,453 [INFO] 1 change detected
2026-05-11 20:47:04,866 [INFO] 1 change detected
2026-05-11 20:47:05,269 [INFO] 1 change detected
2026-05-11 20:47:05,674 [INFO] 1 change detected
2026-05-11 20:47:06,077 [INFO] 1 change detected
2026-05-11 20:47:06,482 [INFO] 1 change detected
2026-05-11 20:47:06,885 [INFO] 1 change detected
2026-05-11 20:47:07,301 [INFO] 1 change detected
2026-05-11 20:47:07,664 [INFO] 1 change detected
2026-05-11 20:47:08,067 [INFO] 1 change detected
2026-05-11 20:47:08,469 [INFO] 1 change detected
2026-05-11 20:47:08,873 [INFO] 1 change detected
2026-05-11 20:47:09,278 [INFO] 1 change detected
2026-05-11 20:47:09,682 [INFO] 1 change detected
2026-05-11 20:47:10,090 [INFO] 1 change detected
2026-05-11 20:47:10,495 [INFO] 1 change detected
2026-05-11 20:47:10,903 [INFO] 1 change detected
2026-05-11 20:47:11,312 [INFO] 1 change detected
2026-05-11 20:47:11,718 [INFO] 1 change detected
2026-05-11 20:47:12,123 [INFO] 1 change detected
2026-05-11 20:47:12,530 [INFO] 1 change detected
2026-05-11 20:47:12,933 [INFO] 1 change detected
2026-05-11 20:47:13,340 [INFO] 1 change detected
2026-05-11 20:47:13,745 [INFO] 1 change detected
2026-05-11 20:47:14,146 [INFO] 1 change detected
2026-05-11 20:47:14,550 [INFO] 1 change detected
2026-05-11 20:47:14,953 [INFO] 1 change detected
2026-05-11 20:47:15,358 [INFO] 1 change detected
2026-05-11 20:47:15,763 [INFO] 1 change detected
2026-05-11 20:47:16,167 [INFO] 1 change detected
2026-05-11 20:47:16,569 [INFO] 1 change detected
2026-05-11 20:47:16,924 [INFO] 1 change detected
2026-05-11 20:47:17,336 [INFO] 1 change detected
2026-05-11 20:47:17,738 [INFO] 1 change detected
2026-05-11 20:47:18,140 [INFO] 1 change detected
2026-05-11 20:47:18,545 [INFO] 1 change detected
2026-05-11 20:47:18,951 [INFO] 1 change detected
2026-05-11 20:47:19,360 [INFO] 1 change detected
2026-05-11 20:47:19,768 [INFO] 1 change detected
2026-05-11 20:47:20,174 [INFO] 1 change detected
2026-05-11 20:47:20,577 [INFO] 1 change detected
2026-05-11 20:47:20,981 [INFO] 1 change detected
2026-05-11 20:47:21,385 [INFO] 1 change detected
2026-05-11 20:47:21,744 [INFO] 1 change detected
2026-05-11 20:47:22,156 [INFO] 1 change detected
2026-05-11 20:47:22,563 [INFO] 1 change detected
2026-05-11 20:47:22,970 [INFO] 1 change detected
2026-05-11 20:47:23,375 [INFO] 1 change detected
2026-05-11 20:47:23,736 [INFO] 1 change detected
2026-05-11 20:47:24,146 [INFO] 1 change detected
2026-05-11 20:47:24,552 [INFO] 1 change detected
2026-05-11 20:47:24,958 [INFO] 1 change detected
2026-05-11 20:47:25,364 [INFO] 1 change detected
2026-05-11 20:47:25,770 [INFO] 1 change detected
2026-05-11 20:47:26,177 [INFO] 1 change detected
2026-05-11 20:47:26,582 [INFO] 1 change detected
2026-05-11 20:47:26,937 [INFO] 4 changes detected
2026-05-11 20:47:27,295 [INFO] 1 change detected
2026-05-11 20:47:27,654 [INFO] 1 change detected
2026-05-11 20:47:28,011 [INFO] 1 change detected
2026-05-11 20:47:28,423 [INFO] 1 change detected
2026-05-11 20:47:28,831 [INFO] 1 change detected
2026-05-11 20:47:29,241 [INFO] 1 change detected
2026-05-11 20:47:29,653 [INFO] 1 change detected
2026-05-11 20:47:30,062 [INFO] 1 change detected
2026-05-11 20:47:30,420 [INFO] 1 change detected
2026-05-11 20:47:30,834 [INFO] 1 change detected
2026-05-11 20:47:31,248 [INFO] 1 change detected
2026-05-11 20:47:31,607 [INFO] 1 change detected
2026-05-11 20:47:31,968 [INFO] 4 changes detected
2026-05-11 20:47:32,332 [INFO] 1 change detected
2026-05-11 20:47:32,694 [INFO] 1 change detected
2026-05-11 20:47:33,059 [INFO] 1 change detected
2026-05-11 20:47:33,422 [INFO] 1 change detected
2026-05-11 20:47:33,787 [INFO] 1 change detected
2026-05-11 20:47:34,149 [INFO] 1 change detected
2026-05-11 20:47:34,509 [INFO] 1 change detected
2026-05-11 20:47:34,925 [INFO] 1 change detected
2026-05-11 20:47:35,336 [INFO] 1 change detected
2026-05-11 20:47:35,697 [INFO] 1 change detected
2026-05-11 20:47:36,112 [INFO] 1 change detected
2026-05-11 20:47:36,519 [INFO] 1 change detected
2026-05-11 20:47:36,876 [INFO] 4 changes detected
2026-05-11 20:47:37,239 [INFO] 1 change detected
2026-05-11 20:47:37,600 [INFO] 1 change detected
2026-05-11 20:47:37,964 [INFO] 1 change detected
2026-05-11 20:47:38,326 [INFO] 1 change detected
2026-05-11 20:47:38,739 [INFO] 1 change detected
2026-05-11 20:47:39,149 [INFO] 1 change detected
2026-05-11 20:47:39,563 [INFO] 1 change detected
2026-05-11 20:47:39,964 [INFO] 1 change detected
2026-05-11 20:47:40,368 [INFO] 1 change detected
2026-05-11 20:47:40,773 [INFO] 1 change detected
2026-05-11 20:47:41,178 [INFO] 1 change detected
2026-05-11 20:47:41,539 [INFO] 1 change detected
2026-05-11 20:47:41,897 [INFO] 4 changes detected
2026-05-11 20:47:42,261 [INFO] 1 change detected
2026-05-11 20:47:42,623 [INFO] 1 change detected
2026-05-11 20:47:42,980 [INFO] 1 change detected
2026-05-11 20:47:43,390 [INFO] 1 change detected
2026-05-11 20:47:43,797 [INFO] 1 change detected
2026-05-11 20:47:44,158 [INFO] 1 change detected
2026-05-11 20:47:44,564 [INFO] 1 change detected
2026-05-11 20:47:44,972 [INFO] 1 change detected
2026-05-11 20:47:45,378 [INFO] 1 change detected
2026-05-11 20:47:45,786 [INFO] 1 change detected
2026-05-11 20:47:46,194 [INFO] 1 change detected
2026-05-11 20:47:46,602 [INFO] 1 change detected
2026-05-11 20:47:46,960 [INFO] 4 changes detected
2026-05-11 20:47:47,319 [INFO] 1 change detected
2026-05-11 20:47:47,680 [INFO] 1 change detected
2026-05-11 20:47:48,037 [INFO] 1 change detected
2026-05-11 20:47:48,397 [INFO] 1 change detected
2026-05-11 20:47:48,804 [INFO] 1 change detected
2026-05-11 20:47:49,207 [INFO] 1 change detected
2026-05-11 20:47:49,615 [INFO] 1 change detected
2026-05-11 20:47:50,023 [INFO] 1 change detected
2026-05-11 20:47:50,382 [INFO] 1 change detected
2026-05-11 20:47:50,794 [INFO] 1 change detected
2026-05-11 20:47:51,201 [INFO] 1 change detected
2026-05-11 20:47:51,611 [INFO] 1 change detected
2026-05-11 20:47:51,963 [INFO] 4 changes detected
2026-05-11 20:47:52,323 [INFO] 1 change detected
2026-05-11 20:47:52,684 [INFO] 1 change detected
2026-05-11 20:47:53,043 [INFO] 1 change detected
2026-05-11 20:47:53,400 [INFO] 1 change detected
2026-05-11 20:47:53,811 [INFO] 1 change detected
2026-05-11 20:47:54,218 [INFO] 1 change detected
2026-05-11 20:47:54,626 [INFO] 1 change detected
2026-05-11 20:47:54,978 [INFO] 1 change detected
2026-05-11 20:47:55,388 [INFO] 1 change detected
2026-05-11 20:47:55,795 [INFO] 1 change detected
2026-05-11 20:47:56,202 [INFO] 1 change detected
2026-05-11 20:47:56,608 [INFO] 1 change detected
2026-05-11 20:47:56,966 [INFO] 4 changes detected
2026-05-11 20:47:57,325 [INFO] 1 change detected
2026-05-11 20:47:57,682 [INFO] 1 change detected
2026-05-11 20:47:58,043 [INFO] 1 change detected
2026-05-11 20:47:58,404 [INFO] 1 change detected
2026-05-11 20:47:58,815 [INFO] 1 change detected
2026-05-11 20:47:59,225 [INFO] 1 change detected
2026-05-11 20:47:59,632 [INFO] 1 change detected
2026-05-11 20:48:00,042 [INFO] 1 change detected
2026-05-11 20:48:00,449 [INFO] 1 change detected
2026-05-11 20:48:00,808 [INFO] 1 change detected
2026-05-11 20:48:01,217 [INFO] 1 change detected
2026-05-11 20:48:01,576 [INFO] 1 change detected
2026-05-11 20:48:01,935 [INFO] 4 changes detected
2026-05-11 20:48:02,296 [INFO] 1 change detected
2026-05-11 20:48:02,656 [INFO] 1 change detected
2026-05-11 20:48:03,013 [INFO] 1 change detected
2026-05-11 20:48:03,371 [INFO] 1 change detected
2026-05-11 20:48:03,732 [INFO] 1 change detected
2026-05-11 20:48:04,094 [INFO] 1 change detected
2026-05-11 20:48:04,507 [INFO] 1 change detected
2026-05-11 20:48:04,917 [INFO] 1 change detected
2026-05-11 20:48:05,277 [INFO] 1 change detected
2026-05-11 20:48:05,691 [INFO] 1 change detected
2026-05-11 20:48:06,105 [INFO] 1 change detected
2026-05-11 20:48:06,462 [INFO] 1 change detected
2026-05-11 20:48:06,821 [INFO] 4 changes detected
2026-05-11 20:48:07,178 [INFO] 1 change detected
2026-05-11 20:48:07,540 [INFO] 1 change detected
2026-05-11 20:48:07,950 [INFO] 1 change detected
2026-05-11 20:48:08,355 [INFO] 1 change detected
2026-05-11 20:48:08,761 [INFO] 1 change detected
2026-05-11 20:48:09,120 [INFO] 1 change detected
2026-05-11 20:48:09,535 [INFO] 1 change detected
2026-05-11 20:48:09,947 [INFO] 1 change detected
2026-05-11 20:48:10,355 [INFO] 1 change detected
2026-05-11 20:48:10,762 [INFO] 1 change detected
2026-05-11 20:48:11,169 [INFO] 1 change detected
2026-05-11 20:48:11,574 [INFO] 1 change detected
2026-05-11 20:48:11,926 [INFO] 4 changes detected
2026-05-11 20:48:12,285 [INFO] 1 change detected
2026-05-11 20:48:12,644 [INFO] 1 change detected
2026-05-11 20:48:13,006 [INFO] 1 change detected
2026-05-11 20:48:13,363 [INFO] 1 change detected
2026-05-11 20:48:13,720 [INFO] 1 change detected
2026-05-11 20:48:14,081 [INFO] 1 change detected
2026-05-11 20:48:14,492 [INFO] 1 change detected
2026-05-11 20:48:14,897 [INFO] 1 change detected
2026-05-11 20:48:15,303 [INFO] 1 change detected
2026-05-11 20:48:15,709 [INFO] 1 change detected
2026-05-11 20:48:16,118 [INFO] 1 change detected
2026-05-11 20:48:16,520 [INFO] 1 change detected
2026-05-11 20:48:16,877 [INFO] 4 changes detected
2026-05-11 20:48:17,236 [INFO] 1 change detected
2026-05-11 20:48:17,594 [INFO] 1 change detected
2026-05-11 20:48:17,951 [INFO] 1 change detected
2026-05-11 20:48:18,360 [INFO] 1 change detected
2026-05-11 20:48:18,764 [INFO] 1 change detected
2026-05-11 20:48:19,179 [INFO] 1 change detected
2026-05-11 20:48:19,585 [INFO] 1 change detected
2026-05-11 20:48:19,993 [INFO] 1 change detected
2026-05-11 20:48:20,348 [INFO] 1 change detected
2026-05-11 20:48:20,757 [INFO] 1 change detected
2026-05-11 20:48:21,159 [INFO] 1 change detected
2026-05-11 20:48:21,662 [INFO] 5 changes detected
2026-05-11 20:48:22,025 [INFO] 1 change detected
2026-05-11 20:48:22,431 [INFO] 1 change detected
2026-05-11 20:48:22,837 [INFO] 1 change detected
2026-05-11 20:48:23,244 [INFO] 1 change detected
2026-05-11 20:48:23,599 [INFO] 1 change detected
2026-05-11 20:48:24,011 [INFO] 1 change detected
2026-05-11 20:48:24,417 [INFO] 1 change detected
2026-05-11 20:48:24,823 [INFO] 1 change detected
2026-05-11 20:48:25,231 [INFO] 1 change detected
2026-05-11 20:48:25,640 [INFO] 1 change detected
2026-05-11 20:48:26,044 [INFO] 1 change detected
2026-05-11 20:48:26,454 [INFO] 1 change detected
2026-05-11 20:48:26,860 [INFO] 5 changes detected
2026-05-11 20:48:27,268 [INFO] 1 change detected
2026-05-11 20:48:27,629 [INFO] 1 change detected
2026-05-11 20:48:28,042 [INFO] 1 change detected
2026-05-11 20:48:28,451 [INFO] 1 change detected
2026-05-11 20:48:28,864 [INFO] 1 change detected
2026-05-11 20:48:29,225 [INFO] 1 change detected
2026-05-11 20:48:29,639 [INFO] 1 change detected
2026-05-11 20:48:30,052 [INFO] 1 change detected
2026-05-11 20:48:30,462 [INFO] 1 change detected
2026-05-11 20:48:30,823 [INFO] 1 change detected
2026-05-11 20:48:31,237 [INFO] 1 change detected
2026-05-11 20:48:31,702 [INFO] 5 changes detected
2026-05-11 20:48:32,109 [INFO] 1 change detected
2026-05-11 20:48:32,520 [INFO] 1 change detected
2026-05-11 20:48:32,880 [INFO] 1 change detected
2026-05-11 20:48:33,295 [INFO] 1 change detected
2026-05-11 20:48:33,703 [INFO] 1 change detected
2026-05-11 20:48:34,113 [INFO] 1 change detected
2026-05-11 20:48:34,473 [INFO] 1 change detected
2026-05-11 20:48:34,889 [INFO] 1 change detected
2026-05-11 20:48:35,298 [INFO] 1 change detected
2026-05-11 20:48:35,707 [INFO] 1 change detected
2026-05-11 20:48:36,065 [INFO] 1 change detected
2026-05-11 20:48:36,480 [INFO] 1 change detected
2026-05-11 20:48:36,891 [INFO] 5 changes detected
2026-05-11 20:48:37,302 [INFO] 1 change detected
2026-05-11 20:48:37,662 [INFO] 1 change detected
2026-05-11 20:48:38,076 [INFO] 1 change detected
2026-05-11 20:48:38,486 [INFO] 1 change detected
2026-05-11 20:48:38,898 [INFO] 1 change detected
2026-05-11 20:48:39,260 [INFO] 1 change detected
2026-05-11 20:48:39,675 [INFO] 1 change detected
2026-05-11 20:48:40,083 [INFO] 1 change detected
2026-05-11 20:48:40,493 [INFO] 1 change detected
2026-05-11 20:48:40,854 [INFO] 1 change detected
2026-05-11 20:48:41,267 [INFO] 1 change detected
2026-05-11 20:48:41,680 [INFO] 1 change detected
2026-05-11 20:48:42,039 [INFO] 4 changes detected
2026-05-11 20:48:42,401 [INFO] 1 change detected
2026-05-11 20:48:42,767 [INFO] 1 change detected
2026-05-11 20:48:43,131 [INFO] 1 change detected
2026-05-11 20:48:43,495 [INFO] 1 change detected
2026-05-11 20:48:43,859 [INFO] 1 change detected
2026-05-11 20:48:44,221 [INFO] 1 change detected
2026-05-11 20:48:44,582 [INFO] 1 change detected
2026-05-11 20:48:44,994 [INFO] 1 change detected
2026-05-11 20:48:45,355 [INFO] 1 change detected
2026-05-11 20:48:45,769 [INFO] 1 change detected
2026-05-11 20:48:46,181 [INFO] 1 change detected
2026-05-11 20:48:46,590 [INFO] 1 change detected
2026-05-11 20:48:46,950 [INFO] 4 changes detected
2026-05-11 20:48:47,314 [INFO] 1 change detected
2026-05-11 20:48:47,678 [INFO] 1 change detected
2026-05-11 20:48:48,044 [INFO] 1 change detected
2026-05-11 20:48:48,404 [INFO] 1 change detected
2026-05-11 20:48:48,817 [INFO] 1 change detected
2026-05-11 20:48:49,179 [INFO] 1 change detected
2026-05-11 20:48:49,591 [INFO] 1 change detected
2026-05-11 20:48:50,000 [INFO] 1 change detected
2026-05-11 20:48:50,412 [INFO] 1 change detected
2026-05-11 20:48:50,823 [INFO] 1 change detected
2026-05-11 20:48:51,184 [INFO] 1 change detected
2026-05-11 20:48:51,590 [INFO] 1 change detected
2026-05-11 20:48:51,999 [INFO] 5 changes detected
2026-05-11 20:48:52,358 [INFO] 1 change detected
2026-05-11 20:48:52,724 [INFO] 1 change detected
2026-05-11 20:48:53,087 [INFO] 1 change detected
2026-05-11 20:48:53,502 [INFO] 1 change detected
2026-05-11 20:48:53,914 [INFO] 1 change detected
2026-05-11 20:48:54,275 [INFO] 1 change detected
2026-05-11 20:48:54,689 [INFO] 1 change detected
2026-05-11 20:48:55,099 [INFO] 1 change detected
2026-05-11 20:48:55,507 [INFO] 1 change detected
2026-05-11 20:48:55,918 [INFO] 1 change detected
2026-05-11 20:48:56,327 [INFO] 1 change detected
2026-05-11 20:48:56,689 [INFO] 1 change detected
2026-05-11 20:48:57,051 [INFO] 4 changes detected
2026-05-11 20:48:57,417 [INFO] 1 change detected
2026-05-11 20:48:57,778 [INFO] 1 change detected
2026-05-11 20:48:58,143 [INFO] 1 change detected
2026-05-11 20:48:58,504 [INFO] 1 change detected
2026-05-11 20:48:58,868 [INFO] 1 change detected
2026-05-11 20:48:59,232 [INFO] 1 change detected
2026-05-11 20:48:59,645 [INFO] 1 change detected
2026-05-11 20:49:00,007 [INFO] 1 change detected
2026-05-11 20:49:00,419 [INFO] 1 change detected
2026-05-11 20:49:00,829 [INFO] 1 change detected
2026-05-11 20:49:01,239 [INFO] 1 change detected
2026-05-11 20:49:01,652 [INFO] 1 change detected
2026-05-11 20:49:02,010 [INFO] 4 changes detected
2026-05-11 20:49:02,374 [INFO] 1 change detected
2026-05-11 20:49:02,740 [INFO] 1 change detected
2026-05-11 20:49:03,101 [INFO] 1 change detected
2026-05-11 20:49:03,464 [INFO] 1 change detected
2026-05-11 20:49:03,827 [INFO] 1 change detected
2026-05-11 20:49:04,186 [INFO] 1 change detected
2026-05-11 20:49:04,551 [INFO] 1 change detected
2026-05-11 20:49:04,913 [INFO] 1 change detected
2026-05-11 20:49:05,325 [INFO] 1 change detected
2026-05-11 20:49:05,738 [INFO] 1 change detected
2026-05-11 20:49:06,149 [INFO] 1 change detected
2026-05-11 20:49:06,509 [INFO] 1 change detected
2026-05-11 20:49:06,871 [INFO] 4 changes detected
2026-05-11 20:49:07,232 [INFO] 1 change detected
2026-05-11 20:49:07,597 [INFO] 1 change detected
2026-05-11 20:49:07,959 [INFO] 1 change detected
2026-05-11 20:49:08,325 [INFO] 1 change detected
2026-05-11 20:49:08,690 [INFO] 1 change detected
2026-05-11 20:49:09,101 [INFO] 1 change detected
2026-05-11 20:49:09,513 [INFO] 1 change detected
2026-05-11 20:49:09,921 [INFO] 1 change detected
2026-05-11 20:49:10,280 [INFO] 1 change detected
2026-05-11 20:49:10,693 [INFO] 1 change detected
2026-05-11 20:49:11,103 [INFO] 1 change detected
2026-05-11 20:49:11,513 [INFO] 1 change detected
2026-05-11 20:49:11,871 [INFO] 4 changes detected
2026-05-11 20:49:12,232 [INFO] 1 change detected
2026-05-11 20:49:12,596 [INFO] 1 change detected
2026-05-11 20:49:12,956 [INFO] 1 change detected
2026-05-11 20:49:13,372 [INFO] 1 change detected
2026-05-11 20:49:13,784 [INFO] 1 change detected
2026-05-11 20:49:14,193 [INFO] 1 change detected
2026-05-11 20:49:14,553 [INFO] 1 change detected
2026-05-11 20:49:14,969 [INFO] 1 change detected
2026-05-11 20:49:15,377 [INFO] 1 change detected
2026-05-11 20:49:15,787 [INFO] 1 change detected
2026-05-11 20:49:16,147 [INFO] 1 change detected
2026-05-11 20:49:16,563 [INFO] 1 change detected
2026-05-11 20:49:16,922 [INFO] 4 changes detected
2026-05-11 20:49:17,286 [INFO] 1 change detected
2026-05-11 20:49:17,651 [INFO] 1 change detected
2026-05-11 20:49:18,016 [INFO] 1 change detected
2026-05-11 20:49:18,377 [INFO] 1 change detected
2026-05-11 20:49:18,791 [INFO] 1 change detected
2026-05-11 20:49:19,202 [INFO] 1 change detected
2026-05-11 20:49:19,563 [INFO] 1 change detected
2026-05-11 20:49:19,978 [INFO] 1 change detected
2026-05-11 20:49:20,387 [INFO] 1 change detected
2026-05-11 20:49:20,747 [INFO] 1 change detected
2026-05-11 20:49:21,163 [INFO] 1 change detected
2026-05-11 20:49:21,570 [INFO] 1 change detected
2026-05-11 20:49:21,981 [INFO] 5 changes detected
2026-05-11 20:49:22,390 [INFO] 1 change detected
2026-05-11 20:49:22,752 [INFO] 1 change detected
2026-05-11 20:49:23,167 [INFO] 1 change detected
2026-05-11 20:49:23,578 [INFO] 1 change detected
2026-05-11 20:49:23,987 [INFO] 1 change detected
2026-05-11 20:49:24,395 [INFO] 1 change detected
2026-05-11 20:49:24,798 [INFO] 1 change detected
2026-05-11 20:49:25,153 [INFO] 1 change detected
2026-05-11 20:49:25,565 [INFO] 1 change detected
2026-05-11 20:49:25,973 [INFO] 1 change detected
2026-05-11 20:49:26,381 [INFO] 1 change detected
2026-05-11 20:49:26,838 [INFO] 5 changes detected
2026-05-11 20:49:27,189 [INFO] 1 change detected
2026-05-11 20:49:27,600 [INFO] 1 change detected
2026-05-11 20:49:28,010 [INFO] 1 change detected
2026-05-11 20:49:28,367 [INFO] 1 change detected
2026-05-11 20:49:28,776 [INFO] 1 change detected
2026-05-11 20:49:29,182 [INFO] 1 change detected
2026-05-11 20:49:29,590 [INFO] 1 change detected
2026-05-11 20:49:29,998 [INFO] 1 change detected
2026-05-11 20:49:30,403 [INFO] 1 change detected
2026-05-11 20:49:30,809 [INFO] 1 change detected
2026-05-11 20:49:31,216 [INFO] 1 change detected
2026-05-11 20:49:31,722 [INFO] 5 changes detected
2026-05-11 20:49:32,088 [INFO] 1 change detected
2026-05-11 20:49:32,502 [INFO] 1 change detected
2026-05-11 20:49:32,860 [INFO] 1 change detected
2026-05-11 20:49:33,274 [INFO] 1 change detected
2026-05-11 20:49:33,683 [INFO] 1 change detected
2026-05-11 20:49:34,088 [INFO] 1 change detected
2026-05-11 20:49:34,491 [INFO] 1 change detected
2026-05-11 20:49:34,898 [INFO] 1 change detected
2026-05-11 20:49:35,306 [INFO] 1 change detected
2026-05-11 20:49:35,710 [INFO] 1 change detected
2026-05-11 20:49:36,120 [INFO] 1 change detected
2026-05-11 20:49:36,524 [INFO] 1 change detected
2026-05-11 20:49:36,879 [INFO] 4 changes detected
2026-05-11 20:49:37,237 [INFO] 1 change detected
2026-05-11 20:49:37,597 [INFO] 1 change detected
2026-05-11 20:49:37,954 [INFO] 1 change detected
2026-05-11 20:49:38,362 [INFO] 1 change detected
2026-05-11 20:49:38,771 [INFO] 1 change detected
2026-05-11 20:49:39,174 [INFO] 1 change detected
2026-05-11 20:49:39,579 [INFO] 1 change detected
2026-05-11 20:49:39,984 [INFO] 1 change detected
2026-05-11 20:49:40,392 [INFO] 1 change detected
2026-05-11 20:49:40,799 [INFO] 1 change detected
2026-05-11 20:49:41,205 [INFO] 1 change detected
2026-05-11 20:49:41,561 [INFO] 1 change detected
2026-05-11 20:49:41,921 [INFO] 4 changes detected
2026-05-11 20:49:42,280 [INFO] 1 change detected
2026-05-11 20:49:42,644 [INFO] 1 change detected
2026-05-11 20:49:43,000 [INFO] 1 change detected
2026-05-11 20:49:43,361 [INFO] 1 change detected
2026-05-11 20:49:43,769 [INFO] 1 change detected
2026-05-11 20:49:44,177 [INFO] 1 change detected
2026-05-11 20:49:44,581 [INFO] 1 change detected
2026-05-11 20:49:44,990 [INFO] 1 change detected
2026-05-11 20:49:45,394 [INFO] 1 change detected
2026-05-11 20:49:45,799 [INFO] 1 change detected
2026-05-11 20:49:46,209 [INFO] 1 change detected
2026-05-11 20:49:46,614 [INFO] 1 change detected
2026-05-11 20:49:46,969 [INFO] 4 changes detected
2026-05-11 20:49:47,329 [INFO] 1 change detected
2026-05-11 20:49:47,687 [INFO] 1 change detected
2026-05-11 20:49:48,047 [INFO] 1 change detected
2026-05-11 20:49:48,410 [INFO] 1 change detected
2026-05-11 20:49:48,815 [INFO] 1 change detected
2026-05-11 20:49:49,221 [INFO] 1 change detected
2026-05-11 20:49:49,631 [INFO] 1 change detected
2026-05-11 20:49:50,040 [INFO] 1 change detected
2026-05-11 20:49:50,399 [INFO] 1 change detected
2026-05-11 20:49:50,810 [INFO] 1 change detected
2026-05-11 20:49:51,220 [INFO] 1 change detected
2026-05-11 20:49:51,624 [INFO] 1 change detected
2026-05-11 20:49:51,979 [INFO] 4 changes detected
2026-05-11 20:49:52,341 [INFO] 1 change detected
2026-05-11 20:49:52,702 [INFO] 1 change detected
2026-05-11 20:49:53,058 [INFO] 1 change detected
2026-05-11 20:49:53,418 [INFO] 1 change detected
2026-05-11 20:49:53,776 [INFO] 1 change detected
2026-05-11 20:49:54,136 [INFO] 1 change detected
2026-05-11 20:49:54,545 [INFO] 1 change detected
2026-05-11 20:49:54,948 [INFO] 1 change detected
2026-05-11 20:49:55,350 [INFO] 1 change detected
2026-05-11 20:49:55,708 [INFO] 1 change detected
2026-05-11 20:49:56,119 [INFO] 1 change detected
2026-05-11 20:49:56,524 [INFO] 1 change detected
2026-05-11 20:49:56,930 [INFO] 5 changes detected
2026-05-11 20:49:57,337 [INFO] 1 change detected
2026-05-11 20:49:57,740 [INFO] 1 change detected
2026-05-11 20:49:58,144 [INFO] 1 change detected
2026-05-11 20:49:58,550 [INFO] 1 change detected
2026-05-11 20:49:58,953 [INFO] 1 change detected
2026-05-11 20:49:59,360 [INFO] 1 change detected
2026-05-11 20:49:59,763 [INFO] 1 change detected
2026-05-11 20:50:00,167 [INFO] 1 change detected
2026-05-11 20:50:00,572 [INFO] 1 change detected
2026-05-11 20:50:00,975 [INFO] 1 change detected
2026-05-11 20:50:01,381 [INFO] 1 change detected
2026-05-11 20:50:01,787 [INFO] 5 changes detected
2026-05-11 20:50:02,189 [INFO] 1 change detected
2026-05-11 20:50:02,548 [INFO] 1 change detected
2026-05-11 20:50:02,958 [INFO] 1 change detected
2026-05-11 20:50:03,366 [INFO] 1 change detected
2026-05-11 20:50:03,774 [INFO] 1 change detected
2026-05-11 20:50:04,181 [INFO] 1 change detected
2026-05-11 20:50:04,585 [INFO] 1 change detected
2026-05-11 20:50:04,990 [INFO] 1 change detected
2026-05-11 20:50:05,396 [INFO] 1 change detected
2026-05-11 20:50:05,803 [INFO] 1 change detected
2026-05-11 20:50:06,158 [INFO] 1 change detected
2026-05-11 20:50:06,568 [INFO] 1 change detected
2026-05-11 20:50:06,924 [INFO] 4 changes detected
2026-05-11 20:50:07,285 [INFO] 1 change detected
2026-05-11 20:50:07,647 [INFO] 1 change detected
2026-05-11 20:50:08,003 [INFO] 1 change detected
2026-05-11 20:50:08,360 [INFO] 1 change detected
2026-05-11 20:50:08,720 [INFO] 1 change detected
2026-05-11 20:50:09,132 [INFO] 1 change detected
2026-05-11 20:50:09,539 [INFO] 1 change detected
2026-05-11 20:50:09,941 [INFO] 1 change detected
2026-05-11 20:50:10,348 [INFO] 1 change detected
2026-05-11 20:50:10,754 [INFO] 1 change detected
2026-05-11 20:50:11,158 [INFO] 1 change detected
2026-05-11 20:50:11,564 [INFO] 1 change detected
2026-05-11 20:50:11,921 [INFO] 4 changes detected
2026-05-11 20:50:12,282 [INFO] 1 change detected
2026-05-11 20:50:12,642 [INFO] 1 change detected
2026-05-11 20:50:12,998 [INFO] 1 change detected
2026-05-11 20:50:13,358 [INFO] 1 change detected
2026-05-11 20:50:13,769 [INFO] 1 change detected
2026-05-11 20:50:14,175 [INFO] 1 change detected
2026-05-11 20:50:14,581 [INFO] 1 change detected
2026-05-11 20:50:14,990 [INFO] 1 change detected
2026-05-11 20:50:15,401 [INFO] 1 change detected
2026-05-11 20:50:15,806 [INFO] 1 change detected
2026-05-11 20:50:16,208 [INFO] 1 change detected
2026-05-11 20:50:16,613 [INFO] 1 change detected
2026-05-11 20:50:16,970 [INFO] 4 changes detected
2026-05-11 20:50:17,330 [INFO] 1 change detected
2026-05-11 20:50:17,689 [INFO] 1 change detected
2026-05-11 20:50:18,049 [INFO] 1 change detected
2026-05-11 20:50:18,408 [INFO] 1 change detected
2026-05-11 20:50:18,813 [INFO] 1 change detected
2026-05-11 20:50:19,218 [INFO] 1 change detected
2026-05-11 20:50:19,623 [INFO] 1 change detected
2026-05-11 20:50:20,029 [INFO] 1 change detected
2026-05-11 20:50:20,432 [INFO] 1 change detected
2026-05-11 20:50:20,838 [INFO] 1 change detected
2026-05-11 20:50:21,246 [INFO] 1 change detected
2026-05-11 20:50:21,703 [INFO] 5 changes detected
2026-05-11 20:50:22,119 [INFO] 1 change detected
2026-05-11 20:50:22,526 [INFO] 1 change detected
2026-05-11 20:50:22,932 [INFO] 1 change detected
2026-05-11 20:50:23,336 [INFO] 1 change detected
2026-05-11 20:50:23,738 [INFO] 1 change detected
2026-05-11 20:50:24,145 [INFO] 1 change detected
2026-05-11 20:50:24,502 [INFO] 1 change detected
2026-05-11 20:50:24,914 [INFO] 1 change detected
2026-05-11 20:50:25,321 [INFO] 1 change detected
2026-05-11 20:50:25,727 [INFO] 1 change detected
2026-05-11 20:50:26,132 [INFO] 1 change detected
2026-05-11 20:50:26,541 [INFO] 1 change detected
2026-05-11 20:50:26,897 [INFO] 4 changes detected
2026-05-11 20:50:27,257 [INFO] 1 change detected
2026-05-11 20:50:27,616 [INFO] 1 change detected
2026-05-11 20:50:27,973 [INFO] 1 change detected
2026-05-11 20:50:28,330 [INFO] 1 change detected
2026-05-11 20:50:28,740 [INFO] 1 change detected
2026-05-11 20:50:29,097 [INFO] 1 change detected
2026-05-11 20:50:29,507 [INFO] 1 change detected
2026-05-11 20:50:29,913 [INFO] 1 change detected
2026-05-11 20:50:30,321 [INFO] 1 change detected
2026-05-11 20:50:30,727 [INFO] 1 change detected
2026-05-11 20:50:31,137 [INFO] 1 change detected
2026-05-11 20:50:31,538 [INFO] 1 change detected
2026-05-11 20:50:31,893 [INFO] 4 changes detected
2026-05-11 20:50:32,256 [INFO] 1 change detected
2026-05-11 20:50:32,616 [INFO] 1 change detected
2026-05-11 20:50:32,974 [INFO] 1 change detected
2026-05-11 20:50:33,385 [INFO] 1 change detected
2026-05-11 20:50:33,788 [INFO] 1 change detected
2026-05-11 20:50:34,192 [INFO] 1 change detected
2026-05-11 20:50:34,597 [INFO] 1 change detected
2026-05-11 20:50:35,003 [INFO] 1 change detected
2026-05-11 20:50:35,409 [INFO] 1 change detected
2026-05-11 20:50:35,815 [INFO] 1 change detected
2026-05-11 20:50:36,226 [INFO] 1 change detected
2026-05-11 20:50:36,632 [INFO] 1 change detected
2026-05-11 20:50:36,989 [INFO] 4 changes detected
2026-05-11 20:50:37,346 [INFO] 1 change detected
2026-05-11 20:50:37,708 [INFO] 1 change detected
2026-05-11 20:50:38,067 [INFO] 1 change detected
2026-05-11 20:50:38,422 [INFO] 1 change detected
2026-05-11 20:50:38,779 [INFO] 1 change detected
2026-05-11 20:50:39,190 [INFO] 1 change detected
2026-05-11 20:50:39,595 [INFO] 1 change detected
2026-05-11 20:50:40,001 [INFO] 1 change detected
2026-05-11 20:50:40,410 [INFO] 1 change detected
2026-05-11 20:50:40,817 [INFO] 1 change detected
2026-05-11 20:50:41,222 [INFO] 1 change detected
2026-05-11 20:50:41,631 [INFO] 1 change detected
2026-05-11 20:50:41,988 [INFO] 4 changes detected
2026-05-11 20:50:42,346 [INFO] 1 change detected
2026-05-11 20:50:42,705 [INFO] 1 change detected
2026-05-11 20:50:43,064 [INFO] 1 change detected
2026-05-11 20:50:43,424 [INFO] 1 change detected
2026-05-11 20:50:43,786 [INFO] 1 change detected
2026-05-11 20:50:44,196 [INFO] 1 change detected
2026-05-11 20:50:44,603 [INFO] 1 change detected
2026-05-11 20:50:45,009 [INFO] 1 change detected
2026-05-11 20:50:45,415 [INFO] 1 change detected
2026-05-11 20:50:45,821 [INFO] 1 change detected
2026-05-11 20:50:46,227 [INFO] 1 change detected
2026-05-11 20:50:46,633 [INFO] 1 change detected
2026-05-11 20:50:46,989 [INFO] 4 changes detected
2026-05-11 20:50:47,349 [INFO] 1 change detected
2026-05-11 20:50:47,711 [INFO] 1 change detected
2026-05-11 20:50:48,072 [INFO] 1 change detected
2026-05-11 20:50:48,433 [INFO] 1 change detected
2026-05-11 20:50:48,842 [INFO] 1 change detected
2026-05-11 20:50:49,250 [INFO] 1 change detected
2026-05-11 20:50:49,657 [INFO] 1 change detected
2026-05-11 20:50:50,064 [INFO] 1 change detected
2026-05-11 20:50:50,472 [INFO] 1 change detected
2026-05-11 20:50:50,878 [INFO] 1 change detected
2026-05-11 20:50:51,233 [INFO] 1 change detected
2026-05-11 20:50:51,695 [INFO] 5 changes detected
2026-05-11 20:50:52,097 [INFO] 1 change detected
2026-05-11 20:50:52,503 [INFO] 1 change detected
2026-05-11 20:50:52,910 [INFO] 1 change detected
2026-05-11 20:50:53,314 [INFO] 1 change detected
2026-05-11 20:50:53,721 [INFO] 1 change detected
2026-05-11 20:50:54,124 [INFO] 1 change detected
2026-05-11 20:50:54,483 [INFO] 1 change detected
2026-05-11 20:50:54,895 [INFO] 1 change detected
2026-05-11 20:50:55,300 [INFO] 1 change detected
2026-05-11 20:50:55,705 [INFO] 1 change detected
2026-05-11 20:50:56,109 [INFO] 1 change detected
2026-05-11 20:50:56,515 [INFO] 1 change detected
2026-05-11 20:50:56,921 [INFO] 5 changes detected
2026-05-11 20:50:57,279 [INFO] 1 change detected
2026-05-11 20:50:57,637 [INFO] 1 change detected
2026-05-11 20:50:58,046 [INFO] 1 change detected
2026-05-11 20:50:58,403 [INFO] 1 change detected
2026-05-11 20:50:58,818 [INFO] 1 change detected
2026-05-11 20:50:59,223 [INFO] 1 change detected
2026-05-11 20:50:59,630 [INFO] 1 change detected
2026-05-11 20:51:00,037 [INFO] 1 change detected
2026-05-11 20:51:00,442 [INFO] 1 change detected
2026-05-11 20:51:00,850 [INFO] 1 change detected
2026-05-11 20:51:01,253 [INFO] 1 change detected
2026-05-11 20:51:01,660 [INFO] 5 changes detected
2026-05-11 20:51:02,065 [INFO] 1 change detected
2026-05-11 20:51:02,472 [INFO] 1 change detected
2026-05-11 20:51:02,878 [INFO] 1 change detected
2026-05-11 20:51:03,284 [INFO] 1 change detected
2026-05-11 20:51:03,695 [INFO] 1 change detected
2026-05-11 20:51:04,102 [INFO] 1 change detected
2026-05-11 20:51:04,459 [INFO] 1 change detected
2026-05-11 20:51:04,869 [INFO] 1 change detected
2026-05-11 20:51:05,278 [INFO] 1 change detected
2026-05-11 20:51:05,683 [INFO] 1 change detected
2026-05-11 20:51:06,090 [INFO] 1 change detected
2026-05-11 20:51:06,494 [INFO] 1 change detected
2026-05-11 20:51:06,900 [INFO] 5 changes detected
2026-05-11 20:51:07,306 [INFO] 1 change detected
2026-05-11 20:51:07,664 [INFO] 1 change detected
2026-05-11 20:51:08,075 [INFO] 1 change detected
2026-05-11 20:51:08,483 [INFO] 1 change detected
2026-05-11 20:51:08,889 [INFO] 1 change detected
2026-05-11 20:51:09,292 [INFO] 1 change detected
2026-05-11 20:51:09,698 [INFO] 1 change detected
2026-05-11 20:51:10,104 [INFO] 1 change detected
2026-05-11 20:51:10,509 [INFO] 1 change detected
2026-05-11 20:51:10,913 [INFO] 1 change detected
2026-05-11 20:51:11,318 [INFO] 1 change detected
2026-05-11 20:51:11,723 [INFO] 1 change detected
2026-05-11 20:51:12,080 [INFO] 4 changes detected
2026-05-11 20:51:12,441 [INFO] 1 change detected
2026-05-11 20:51:12,798 [INFO] 1 change detected
2026-05-11 20:51:13,158 [INFO] 1 change detected
2026-05-11 20:51:13,518 [INFO] 1 change detected
2026-05-11 20:51:13,927 [INFO] 1 change detected
2026-05-11 20:51:14,335 [INFO] 1 change detected
2026-05-11 20:51:14,744 [INFO] 1 change detected
2026-05-11 20:51:15,149 [INFO] 1 change detected
2026-05-11 20:51:15,507 [INFO] 1 change detected
2026-05-11 20:51:15,918 [INFO] 1 change detected
2026-05-11 20:51:16,322 [INFO] 1 change detected
2026-05-11 20:51:16,729 [INFO] 5 changes detected
2026-05-11 20:51:17,134 [INFO] 1 change detected
2026-05-11 20:51:17,541 [INFO] 1 change detected
2026-05-11 20:51:17,945 [INFO] 1 change detected
2026-05-11 20:51:18,304 [INFO] 1 change detected
2026-05-11 20:51:18,713 [INFO] 1 change detected
2026-05-11 20:51:19,116 [INFO] 1 change detected
2026-05-11 20:51:19,522 [INFO] 1 change detected
2026-05-11 20:51:19,931 [INFO] 1 change detected
2026-05-11 20:51:20,339 [INFO] 1 change detected
2026-05-11 20:51:20,745 [INFO] 1 change detected
2026-05-11 20:51:21,151 [INFO] 1 change detected
2026-05-11 20:51:21,559 [INFO] 1 change detected
2026-05-11 20:51:21,913 [INFO] 4 changes detected
2026-05-11 20:51:22,271 [INFO] 1 change detected
2026-05-11 20:51:22,631 [INFO] 1 change detected
2026-05-11 20:51:22,993 [INFO] 1 change detected
2026-05-11 20:51:23,353 [INFO] 1 change detected
2026-05-11 20:51:23,714 [INFO] 1 change detected
2026-05-11 20:51:24,126 [INFO] 1 change detected
2026-05-11 20:51:24,531 [INFO] 1 change detected
2026-05-11 20:51:24,938 [INFO] 1 change detected
2026-05-11 20:51:25,342 [INFO] 1 change detected
2026-05-11 20:51:25,748 [INFO] 1 change detected
2026-05-11 20:51:26,156 [INFO] 1 change detected
2026-05-11 20:51:26,561 [INFO] 1 change detected
2026-05-11 20:51:26,970 [INFO] 5 changes detected
2026-05-11 20:51:27,376 [INFO] 1 change detected
2026-05-11 20:51:27,782 [INFO] 1 change detected
2026-05-11 20:51:28,190 [INFO] 1 change detected
2026-05-11 20:51:28,597 [INFO] 1 change detected
2026-05-11 20:51:29,000 [INFO] 1 change detected
2026-05-11 20:51:29,357 [INFO] 1 change detected
2026-05-11 20:51:29,769 [INFO] 1 change detected
2026-05-11 20:51:30,174 [INFO] 1 change detected
2026-05-11 20:51:30,581 [INFO] 1 change detected
2026-05-11 20:51:30,986 [INFO] 1 change detected
2026-05-11 20:51:31,390 [INFO] 1 change detected
2026-05-11 20:51:31,796 [INFO] 5 changes detected
2026-05-11 20:51:32,206 [INFO] 1 change detected
2026-05-11 20:51:32,611 [INFO] 1 change detected
2026-05-11 20:51:33,017 [INFO] 1 change detected
2026-05-11 20:51:33,425 [INFO] 1 change detected
2026-05-11 20:51:33,831 [INFO] 1 change detected
2026-05-11 20:51:34,236 [INFO] 1 change detected
2026-05-11 20:51:34,644 [INFO] 1 change detected
2026-05-11 20:51:35,051 [INFO] 1 change detected
2026-05-11 20:51:35,457 [INFO] 1 change detected
2026-05-11 20:51:35,863 [INFO] 1 change detected
2026-05-11 20:51:36,225 [INFO] 1 change detected
2026-05-11 20:51:36,634 [INFO] 1 change detected
2026-05-11 20:51:36,989 [INFO] 4 changes detected
2026-05-11 20:51:37,349 [INFO] 1 change detected
2026-05-11 20:51:37,705 [INFO] 1 change detected
2026-05-11 20:51:38,063 [INFO] 1 change detected
2026-05-11 20:51:38,423 [INFO] 1 change detected
2026-05-11 20:51:38,783 [INFO] 1 change detected
2026-05-11 20:51:39,192 [INFO] 1 change detected
2026-05-11 20:51:39,599 [INFO] 1 change detected
2026-05-11 20:51:40,004 [INFO] 1 change detected
2026-05-11 20:51:40,412 [INFO] 1 change detected
2026-05-11 20:51:40,815 [INFO] 1 change detected
2026-05-11 20:51:41,222 [INFO] 1 change detected
2026-05-11 20:51:41,628 [INFO] 1 change detected
2026-05-11 20:51:41,995 [INFO] 4 changes detected
2026-05-11 20:51:42,353 [INFO] 1 change detected
2026-05-11 20:51:42,712 [INFO] 1 change detected
2026-05-11 20:51:43,072 [INFO] 1 change detected
2026-05-11 20:51:43,431 [INFO] 1 change detected
2026-05-11 20:51:43,840 [INFO] 1 change detected
2026-05-11 20:51:44,246 [INFO] 1 change detected
2026-05-11 20:51:44,653 [INFO] 1 change detected
2026-05-11 20:51:45,059 [INFO] 1 change detected
2026-05-11 20:51:45,416 [INFO] 1 change detected
2026-05-11 20:51:45,824 [INFO] 1 change detected
2026-05-11 20:51:46,230 [INFO] 1 change detected
2026-05-11 20:51:46,635 [INFO] 1 change detected
2026-05-11 20:51:46,992 [INFO] 4 changes detected
2026-05-11 20:51:47,356 [INFO] 1 change detected
2026-05-11 20:51:47,715 [INFO] 1 change detected
2026-05-11 20:51:48,074 [INFO] 1 change detected
2026-05-11 20:51:48,431 [INFO] 1 change detected
2026-05-11 20:51:48,838 [INFO] 1 change detected
2026-05-11 20:51:49,195 [INFO] 1 change detected
2026-05-11 20:51:49,603 [INFO] 1 change detected
2026-05-11 20:51:50,011 [INFO] 1 change detected
2026-05-11 20:51:50,420 [INFO] 1 change detected
2026-05-11 20:51:50,824 [INFO] 1 change detected
2026-05-11 20:51:51,235 [INFO] 1 change detected
2026-05-11 20:51:51,592 [INFO] 1 change detected
2026-05-11 20:51:51,951 [INFO] 4 changes detected
2026-05-11 20:51:52,308 [INFO] 1 change detected
2026-05-11 20:51:52,665 [INFO] 1 change detected
2026-05-11 20:51:53,020 [INFO] 1 change detected
2026-05-11 20:51:53,382 [INFO] 1 change detected
2026-05-11 20:51:53,743 [INFO] 1 change detected
2026-05-11 20:51:54,153 [INFO] 1 change detected
2026-05-11 20:51:54,559 [INFO] 1 change detected
2026-05-11 20:51:54,963 [INFO] 1 change detected
2026-05-11 20:51:55,370 [INFO] 1 change detected
2026-05-11 20:51:55,776 [INFO] 1 change detected
2026-05-11 20:51:56,182 [INFO] 1 change detected
2026-05-11 20:51:56,588 [INFO] 1 change detected
2026-05-11 20:51:56,994 [INFO] 5 changes detected
2026-05-11 20:51:57,399 [INFO] 1 change detected
2026-05-11 20:51:57,806 [INFO] 1 change detected
2026-05-11 20:51:58,162 [INFO] 1 change detected
2026-05-11 20:51:58,572 [INFO] 1 change detected
2026-05-11 20:51:58,979 [INFO] 1 change detected
2026-05-11 20:51:59,386 [INFO] 1 change detected
2026-05-11 20:51:59,791 [INFO] 1 change detected
2026-05-11 20:52:00,198 [INFO] 1 change detected
2026-05-11 20:52:00,607 [INFO] 1 change detected
2026-05-11 20:52:01,015 [INFO] 1 change detected
2026-05-11 20:52:01,420 [INFO] 1 change detected
2026-05-11 20:52:01,776 [INFO] 5 changes detected
2026-05-11 20:52:02,187 [INFO] 1 change detected
2026-05-11 20:52:02,595 [INFO] 1 change detected
2026-05-11 20:52:02,998 [INFO] 1 change detected
2026-05-11 20:52:03,405 [INFO] 1 change detected
2026-05-11 20:52:03,807 [INFO] 1 change detected
2026-05-11 20:52:04,215 [INFO] 1 change detected
2026-05-11 20:52:04,622 [INFO] 1 change detected
2026-05-11 20:52:05,026 [INFO] 1 change detected
2026-05-11 20:52:05,432 [INFO] 1 change detected
2026-05-11 20:52:05,838 [INFO] 1 change detected
2026-05-11 20:52:06,244 [INFO] 1 change detected
2026-05-11 20:52:06,652 [INFO] 1 change detected
2026-05-11 20:52:07,007 [INFO] 4 changes detected
2026-05-11 20:52:07,369 [INFO] 1 change detected
2026-05-11 20:52:07,730 [INFO] 1 change detected
2026-05-11 20:52:08,087 [INFO] 1 change detected
2026-05-11 20:52:08,443 [INFO] 1 change detected
2026-05-11 20:52:08,802 [INFO] 1 change detected
2026-05-11 20:52:09,212 [INFO] 1 change detected
2026-05-11 20:52:09,620 [INFO] 1 change detected
2026-05-11 20:52:10,025 [INFO] 1 change detected
2026-05-11 20:52:10,430 [INFO] 1 change detected
2026-05-11 20:52:10,784 [INFO] 1 change detected
2026-05-11 20:52:11,195 [INFO] 1 change detected
2026-05-11 20:52:11,601 [INFO] 1 change detected
2026-05-11 20:52:11,955 [INFO] 4 changes detected
2026-05-11 20:52:12,313 [INFO] 1 change detected
2026-05-11 20:52:12,671 [INFO] 1 change detected
2026-05-11 20:52:13,032 [INFO] 1 change detected
2026-05-11 20:52:13,390 [INFO] 1 change detected
2026-05-11 20:52:13,802 [INFO] 1 change detected
2026-05-11 20:52:14,210 [INFO] 1 change detected
2026-05-11 20:52:14,569 [INFO] 1 change detected
2026-05-11 20:52:14,978 [INFO] 1 change detected
2026-05-11 20:52:15,385 [INFO] 1 change detected
2026-05-11 20:52:15,792 [INFO] 1 change detected
2026-05-11 20:52:16,197 [INFO] 1 change detected
2026-05-11 20:52:16,601 [INFO] 1 change detected
2026-05-11 20:52:16,956 [INFO] 4 changes detected
2026-05-11 20:52:17,315 [INFO] 1 change detected
2026-05-11 20:52:17,676 [INFO] 1 change detected
2026-05-11 20:52:18,036 [INFO] 1 change detected
2026-05-11 20:52:18,448 [INFO] 1 change detected
2026-05-11 20:52:18,853 [INFO] 1 change detected
2026-05-11 20:52:19,259 [INFO] 1 change detected
2026-05-11 20:52:19,667 [INFO] 1 change detected
2026-05-11 20:52:20,073 [INFO] 1 change detected
2026-05-11 20:52:20,432 [INFO] 1 change detected
2026-05-11 20:52:20,840 [INFO] 1 change detected
2026-05-11 20:52:21,247 [INFO] 1 change detected
2026-05-11 20:52:21,752 [INFO] 5 changes detected
2026-05-11 20:52:22,115 [INFO] 1 change detected
2026-05-11 20:52:22,474 [INFO] 1 change detected
2026-05-11 20:52:22,884 [INFO] 1 change detected
2026-05-11 20:52:23,289 [INFO] 1 change detected
2026-05-11 20:52:23,694 [INFO] 1 change detected
2026-05-11 20:52:24,100 [INFO] 1 change detected
2026-05-11 20:52:24,457 [INFO] 1 change detected
2026-05-11 20:52:24,868 [INFO] 1 change detected
2026-05-11 20:52:25,280 [INFO] 1 change detected
2026-05-11 20:52:25,641 [INFO] 1 change detected
2026-05-11 20:52:26,053 [INFO] 1 change detected
2026-05-11 20:52:26,462 [INFO] 1 change detected
2026-05-11 20:52:26,866 [INFO] 5 changes detected
2026-05-11 20:52:27,232 [INFO] 1 change detected
2026-05-11 20:52:27,643 [INFO] 1 change detected
2026-05-11 20:52:28,049 [INFO] 1 change detected
2026-05-11 20:52:28,455 [INFO] 1 change detected
2026-05-11 20:52:28,862 [INFO] 1 change detected
2026-05-11 20:52:29,267 [INFO] 1 change detected
2026-05-11 20:52:29,670 [INFO] 1 change detected
2026-05-11 20:52:30,073 [INFO] 1 change detected
2026-05-11 20:52:30,487 [INFO] 1 change detected
2026-05-11 20:52:30,892 [INFO] 1 change detected
2026-05-11 20:52:31,300 [INFO] 1 change detected
2026-05-11 20:52:31,756 [INFO] 5 changes detected
2026-05-11 20:52:32,123 [INFO] 1 change detected
2026-05-11 20:52:32,476 [INFO] 1 change detected
2026-05-11 20:52:32,882 [INFO] 1 change detected
2026-05-11 20:52:33,289 [INFO] 1 change detected
2026-05-11 20:52:33,694 [INFO] 1 change detected
2026-05-11 20:52:34,098 [INFO] 1 change detected
2026-05-11 20:52:34,504 [INFO] 1 change detected
2026-05-11 20:52:34,912 [INFO] 1 change detected
2026-05-11 20:52:35,317 [INFO] 1 change detected
2026-05-11 20:52:35,723 [INFO] 1 change detected
2026-05-11 20:52:36,127 [INFO] 1 change detected
2026-05-11 20:52:36,536 [INFO] 1 change detected
2026-05-11 20:52:36,944 [INFO] 5 changes detected
2026-05-11 20:52:37,350 [INFO] 1 change detected
2026-05-11 20:52:37,708 [INFO] 1 change detected
2026-05-11 20:52:38,117 [INFO] 1 change detected
2026-05-11 20:52:38,526 [INFO] 1 change detected
2026-05-11 20:52:38,933 [INFO] 1 change detected
2026-05-11 20:52:39,341 [INFO] 1 change detected
2026-05-11 20:52:39,747 [INFO] 1 change detected
2026-05-11 20:52:40,104 [INFO] 1 change detected
2026-05-11 20:52:40,516 [INFO] 1 change detected
2026-05-11 20:52:40,922 [INFO] 1 change detected
2026-05-11 20:52:41,329 [INFO] 1 change detected
2026-05-11 20:52:41,789 [INFO] 5 changes detected
2026-05-11 20:52:42,142 [INFO] 1 change detected
2026-05-11 20:52:42,501 [INFO] 1 change detected
2026-05-11 20:52:42,914 [INFO] 1 change detected
2026-05-11 20:52:43,324 [INFO] 1 change detected
2026-05-11 20:52:43,729 [INFO] 1 change detected
2026-05-11 20:52:44,137 [INFO] 1 change detected
2026-05-11 20:52:44,543 [INFO] 1 change detected
2026-05-11 20:52:44,949 [INFO] 1 change detected
2026-05-11 20:52:45,357 [INFO] 1 change detected
2026-05-11 20:52:45,761 [INFO] 1 change detected
2026-05-11 20:52:46,117 [INFO] 1 change detected
2026-05-11 20:52:46,528 [INFO] 1 change detected
2026-05-11 20:52:46,936 [INFO] 5 changes detected
2026-05-11 20:52:47,342 [INFO] 1 change detected
2026-05-11 20:52:47,747 [INFO] 1 change detected
2026-05-11 20:52:48,152 [INFO] 1 change detected
2026-05-11 20:52:48,558 [INFO] 1 change detected
2026-05-11 20:52:48,966 [INFO] 1 change detected
2026-05-11 20:52:49,373 [INFO] 1 change detected
2026-05-11 20:52:49,782 [INFO] 1 change detected
2026-05-11 20:52:50,188 [INFO] 1 change detected
2026-05-11 20:52:50,593 [INFO] 1 change detected
2026-05-11 20:52:50,997 [INFO] 1 change detected
2026-05-11 20:52:51,403 [INFO] 1 change detected
2026-05-11 20:52:51,813 [INFO] 5 changes detected
2026-05-11 20:52:52,221 [INFO] 1 change detected
2026-05-11 20:52:52,627 [INFO] 1 change detected
2026-05-11 20:52:53,035 [INFO] 1 change detected
2026-05-11 20:52:53,443 [INFO] 1 change detected
2026-05-11 20:52:53,849 [INFO] 1 change detected
2026-05-11 20:52:54,257 [INFO] 1 change detected
2026-05-11 20:52:54,662 [INFO] 1 change detected
2026-05-11 20:52:55,069 [INFO] 1 change detected
2026-05-11 20:52:55,480 [INFO] 1 change detected
2026-05-11 20:52:55,887 [INFO] 1 change detected
2026-05-11 20:52:56,291 [INFO] 1 change detected
2026-05-11 20:52:56,697 [INFO] 5 changes detected
2026-05-11 20:52:57,105 [INFO] 1 change detected
2026-05-11 20:52:57,511 [INFO] 1 change detected
2026-05-11 20:52:57,918 [INFO] 1 change detected
2026-05-11 20:52:58,322 [INFO] 1 change detected
2026-05-11 20:52:58,729 [INFO] 1 change detected
2026-05-11 20:52:59,137 [INFO] 1 change detected
2026-05-11 20:52:59,540 [INFO] 1 change detected
2026-05-11 20:52:59,945 [INFO] 1 change detected
2026-05-11 20:53:00,355 [INFO] 1 change detected
2026-05-11 20:53:00,762 [INFO] 1 change detected
2026-05-11 20:53:01,128 [INFO] 1 change detected
2026-05-11 20:53:01,539 [INFO] 1 change detected
2026-05-11 20:53:01,896 [INFO] 4 changes detected
2026-05-11 20:53:02,257 [INFO] 1 change detected
2026-05-11 20:53:02,614 [INFO] 1 change detected
2026-05-11 20:53:02,972 [INFO] 1 change detected
2026-05-11 20:53:03,382 [INFO] 1 change detected
2026-05-11 20:53:03,790 [INFO] 1 change detected
2026-05-11 20:53:04,198 [INFO] 1 change detected
2026-05-11 20:53:04,555 [INFO] 1 change detected
2026-05-11 20:53:04,969 [INFO] 1 change detected
2026-05-11 20:53:05,376 [INFO] 1 change detected
2026-05-11 20:53:05,780 [INFO] 1 change detected
2026-05-11 20:53:06,188 [INFO] 1 change detected
2026-05-11 20:53:06,594 [INFO] 1 change detected
2026-05-11 20:53:06,948 [INFO] 4 changes detected
2026-05-11 20:53:07,306 [INFO] 1 change detected
2026-05-11 20:53:07,666 [INFO] 1 change detected
2026-05-11 20:53:08,026 [INFO] 1 change detected
2026-05-11 20:53:08,385 [INFO] 1 change detected
2026-05-11 20:53:08,746 [INFO] 1 change detected
2026-05-11 20:53:09,160 [INFO] 1 change detected
2026-05-11 20:53:09,566 [INFO] 1 change detected
2026-05-11 20:53:09,972 [INFO] 1 change detected
2026-05-11 20:53:10,379 [INFO] 1 change detected
2026-05-11 20:53:10,785 [INFO] 1 change detected
2026-05-11 20:53:11,193 [INFO] 1 change detected
2026-05-11 20:53:11,697 [INFO] 5 changes detected
2026-05-11 20:53:12,059 [INFO] 1 change detected
2026-05-11 20:53:12,467 [INFO] 1 change detected
2026-05-11 20:53:12,872 [INFO] 1 change detected
2026-05-11 20:53:13,277 [INFO] 1 change detected
2026-05-11 20:53:13,684 [INFO] 1 change detected
2026-05-11 20:53:14,094 [INFO] 1 change detected
2026-05-11 20:53:14,498 [INFO] 1 change detected
2026-05-11 20:53:14,906 [INFO] 1 change detected
2026-05-11 20:53:15,311 [INFO] 1 change detected
2026-05-11 20:53:15,718 [INFO] 1 change detected
2026-05-11 20:53:16,124 [INFO] 1 change detected
2026-05-11 20:53:16,532 [INFO] 1 change detected
2026-05-11 20:53:16,939 [INFO] 5 changes detected
2026-05-11 20:53:17,345 [INFO] 1 change detected
2026-05-11 20:53:17,752 [INFO] 1 change detected
2026-05-11 20:53:18,111 [INFO] 1 change detected
2026-05-11 20:53:18,520 [INFO] 1 change detected
2026-05-11 20:53:18,925 [INFO] 1 change detected
2026-05-11 20:53:19,329 [INFO] 1 change detected
2026-05-11 20:53:19,733 [INFO] 1 change detected
2026-05-11 20:53:20,139 [INFO] 1 change detected
2026-05-11 20:53:20,545 [INFO] 1 change detected
2026-05-11 20:53:20,952 [INFO] 1 change detected
2026-05-11 20:53:21,356 [INFO] 1 change detected
2026-05-11 20:53:21,764 [INFO] 5 changes detected
2026-05-11 20:53:22,174 [INFO] 1 change detected
2026-05-11 20:53:22,534 [INFO] 1 change detected
2026-05-11 20:53:22,940 [INFO] 1 change detected
2026-05-11 20:53:23,348 [INFO] 1 change detected
2026-05-11 20:53:23,756 [INFO] 1 change detected
2026-05-11 20:53:24,161 [INFO] 1 change detected
2026-05-11 20:53:24,567 [INFO] 1 change detected
2026-05-11 20:53:24,973 [INFO] 1 change detected
2026-05-11 20:53:25,379 [INFO] 1 change detected
2026-05-11 20:53:25,789 [INFO] 1 change detected
2026-05-11 20:53:26,192 [INFO] 1 change detected
2026-05-11 20:53:26,598 [INFO] 1 change detected
2026-05-11 20:53:26,955 [INFO] 4 changes detected
2026-05-11 20:53:27,314 [INFO] 1 change detected
2026-05-11 20:53:27,673 [INFO] 1 change detected
2026-05-11 20:53:28,031 [INFO] 1 change detected
2026-05-11 20:53:28,392 [INFO] 1 change detected
2026-05-11 20:53:28,752 [INFO] 1 change detected
2026-05-11 20:53:29,165 [INFO] 1 change detected
2026-05-11 20:53:29,569 [INFO] 1 change detected
2026-05-11 20:53:29,974 [INFO] 1 change detected
2026-05-11 20:53:30,383 [INFO] 1 change detected
2026-05-11 20:53:30,788 [INFO] 1 change detected
2026-05-11 20:53:31,144 [INFO] 1 change detected
2026-05-11 20:53:31,555 [INFO] 1 change detected
2026-05-11 20:53:31,913 [INFO] 4 changes detected
2026-05-11 20:53:32,276 [INFO] 1 change detected
2026-05-11 20:53:32,636 [INFO] 1 change detected
2026-05-11 20:53:32,995 [INFO] 1 change detected
2026-05-11 20:53:33,406 [INFO] 1 change detected
2026-05-11 20:53:33,812 [INFO] 1 change detected
2026-05-11 20:53:34,169 [INFO] 1 change detected
2026-05-11 20:53:34,579 [INFO] 1 change detected
2026-05-11 20:53:34,984 [INFO] 1 change detected
2026-05-11 20:53:35,389 [INFO] 1 change detected
2026-05-11 20:53:35,797 [INFO] 1 change detected
2026-05-11 20:53:36,201 [INFO] 1 change detected
2026-05-11 20:53:36,612 [INFO] 1 change detected
2026-05-11 20:53:36,972 [INFO] 4 changes detected
2026-05-11 20:53:37,334 [INFO] 1 change detected
2026-05-11 20:53:37,696 [INFO] 1 change detected
2026-05-11 20:53:38,057 [INFO] 1 change detected
2026-05-11 20:53:38,420 [INFO] 1 change detected
2026-05-11 20:53:38,781 [INFO] 1 change detected
2026-05-11 20:53:39,137 [INFO] 1 change detected
2026-05-11 20:53:39,499 [INFO] 1 change detected
2026-05-11 20:53:39,910 [INFO] 1 change detected
2026-05-11 20:53:40,317 [INFO] 1 change detected
2026-05-11 20:53:40,723 [INFO] 1 change detected
2026-05-11 20:53:41,131 [INFO] 1 change detected
2026-05-11 20:53:41,540 [INFO] 1 change detected
2026-05-11 20:53:41,947 [INFO] 5 changes detected
2026-05-11 20:53:42,353 [INFO] 1 change detected
2026-05-11 20:53:42,712 [INFO] 1 change detected
2026-05-11 20:53:43,124 [INFO] 1 change detected
2026-05-11 20:53:43,531 [INFO] 1 change detected
2026-05-11 20:53:43,935 [INFO] 1 change detected
2026-05-11 20:53:44,340 [INFO] 1 change detected
2026-05-11 20:53:44,749 [INFO] 1 change detected
2026-05-11 20:53:45,153 [INFO] 1 change detected
2026-05-11 20:53:45,509 [INFO] 1 change detected
2026-05-11 20:53:45,922 [INFO] 1 change detected
2026-05-11 20:53:46,331 [INFO] 1 change detected
2026-05-11 20:53:46,740 [INFO] 5 changes detected
2026-05-11 20:53:47,095 [INFO] 1 change detected
2026-05-11 20:53:47,506 [INFO] 1 change detected
2026-05-11 20:53:47,914 [INFO] 1 change detected
2026-05-11 20:53:48,322 [INFO] 1 change detected
2026-05-11 20:53:48,729 [INFO] 1 change detected
2026-05-11 20:53:49,087 [INFO] 1 change detected
2026-05-11 20:53:49,496 [INFO] 1 change detected
2026-05-11 20:53:49,906 [INFO] 1 change detected
2026-05-11 20:53:50,313 [INFO] 1 change detected
2026-05-11 20:53:50,721 [INFO] 1 change detected
2026-05-11 20:53:51,077 [INFO] 1 change detected
2026-05-11 20:53:51,488 [INFO] 1 change detected
2026-05-11 20:53:51,894 [INFO] 5 changes detected
2026-05-11 20:53:52,248 [INFO] 1 change detected
2026-05-11 20:53:52,657 [INFO] 1 change detected
2026-05-11 20:53:53,063 [INFO] 1 change detected
2026-05-11 20:53:53,469 [INFO] 1 change detected
2026-05-11 20:53:53,877 [INFO] 1 change detected
2026-05-11 20:53:54,238 [INFO] 1 change detected
2026-05-11 20:53:54,648 [INFO] 1 change detected
2026-05-11 20:53:55,057 [INFO] 1 change detected
2026-05-11 20:53:55,462 [INFO] 1 change detected
2026-05-11 20:53:55,864 [INFO] 1 change detected
2026-05-11 20:53:56,271 [INFO] 1 change detected
2026-05-11 20:53:56,780 [INFO] 5 changes detected
2026-05-11 20:53:57,132 [INFO] 1 change detected
2026-05-11 20:53:57,492 [INFO] 1 change detected
2026-05-11 20:53:57,903 [INFO] 1 change detected
2026-05-11 20:53:58,309 [INFO] 1 change detected
2026-05-11 20:53:58,715 [INFO] 1 change detected
2026-05-11 20:53:59,121 [INFO] 1 change detected
2026-05-11 20:53:59,479 [INFO] 1 change detected
2026-05-11 20:53:59,890 [INFO] 1 change detected
2026-05-11 20:54:00,300 [INFO] 1 change detected
2026-05-11 20:54:00,706 [INFO] 1 change detected
2026-05-11 20:54:01,110 [INFO] 1 change detected
2026-05-11 20:54:01,519 [INFO] 1 change detected
2026-05-11 20:54:01,877 [INFO] 4 changes detected
2026-05-11 20:54:02,237 [INFO] 1 change detected
2026-05-11 20:54:02,597 [INFO] 1 change detected
2026-05-11 20:54:02,959 [INFO] 1 change detected
2026-05-11 20:54:03,318 [INFO] 1 change detected
2026-05-11 20:54:03,726 [INFO] 1 change detected
2026-05-11 20:54:04,130 [INFO] 1 change detected
2026-05-11 20:54:04,537 [INFO] 1 change detected
2026-05-11 20:54:04,890 [INFO] 1 change detected
2026-05-11 20:54:05,301 [INFO] 1 change detected
2026-05-11 20:54:05,707 [INFO] 1 change detected
2026-05-11 20:54:06,112 [INFO] 1 change detected
2026-05-11 20:54:06,515 [INFO] 1 change detected
2026-05-11 20:54:06,871 [INFO] 5 changes detected
2026-05-11 20:54:07,284 [INFO] 1 change detected
2026-05-11 20:54:07,691 [INFO] 1 change detected
2026-05-11 20:54:08,101 [INFO] 1 change detected
2026-05-11 20:54:08,459 [INFO] 1 change detected
2026-05-11 20:54:08,869 [INFO] 1 change detected
2026-05-11 20:54:09,277 [INFO] 1 change detected
2026-05-11 20:54:09,682 [INFO] 1 change detected
2026-05-11 20:54:10,087 [INFO] 1 change detected
2026-05-11 20:54:10,495 [INFO] 1 change detected
2026-05-11 20:54:10,901 [INFO] 1 change detected
2026-05-11 20:54:11,305 [INFO] 1 change detected
2026-05-11 20:54:11,707 [INFO] 5 changes detected
2026-05-11 20:54:12,112 [INFO] 1 change detected
2026-05-11 20:54:12,521 [INFO] 1 change detected
2026-05-11 20:54:12,927 [INFO] 1 change detected
2026-05-11 20:54:13,281 [INFO] 1 change detected
2026-05-11 20:54:13,689 [INFO] 1 change detected
2026-05-11 20:54:14,093 [INFO] 1 change detected
2026-05-11 20:54:14,502 [INFO] 1 change detected
2026-05-11 20:54:14,908 [INFO] 1 change detected
2026-05-11 20:54:15,313 [INFO] 1 change detected
2026-05-11 20:54:15,718 [INFO] 1 change detected
2026-05-11 20:54:16,121 [INFO] 1 change detected
2026-05-11 20:54:16,527 [INFO] 1 change detected
2026-05-11 20:54:16,932 [INFO] 5 changes detected
2026-05-11 20:54:17,288 [INFO] 1 change detected
2026-05-11 20:54:17,645 [INFO] 1 change detected
2026-05-11 20:54:18,057 [INFO] 1 change detected
2026-05-11 20:54:18,464 [INFO] 1 change detected
2026-05-11 20:54:18,818 [INFO] 1 change detected
2026-05-11 20:54:19,229 [INFO] 1 change detected
2026-05-11 20:54:19,638 [INFO] 1 change detected
2026-05-11 20:54:20,045 [INFO] 1 change detected
2026-05-11 20:54:20,450 [INFO] 1 change detected
2026-05-11 20:54:20,854 [INFO] 1 change detected
2026-05-11 20:54:21,262 [INFO] 1 change detected
2026-05-11 20:54:21,719 [INFO] 5 changes detected
2026-05-11 20:54:22,135 [INFO] 1 change detected
2026-05-11 20:54:22,542 [INFO] 1 change detected
2026-05-11 20:54:22,947 [INFO] 1 change detected
2026-05-11 20:54:23,350 [INFO] 1 change detected
2026-05-11 20:54:23,756 [INFO] 1 change detected
2026-05-11 20:54:24,162 [INFO] 1 change detected
2026-05-11 20:54:24,570 [INFO] 1 change detected
2026-05-11 20:54:24,973 [INFO] 1 change detected
2026-05-11 20:54:25,379 [INFO] 1 change detected
2026-05-11 20:54:25,786 [INFO] 1 change detected
2026-05-11 20:54:26,193 [INFO] 1 change detected
2026-05-11 20:54:26,597 [INFO] 1 change detected
2026-05-11 20:54:26,953 [INFO] 4 changes detected
2026-05-11 20:54:27,314 [INFO] 1 change detected
2026-05-11 20:54:27,674 [INFO] 1 change detected
2026-05-11 20:54:28,033 [INFO] 1 change detected
2026-05-11 20:54:28,393 [INFO] 1 change detected
2026-05-11 20:54:28,753 [INFO] 1 change detected
2026-05-11 20:54:29,163 [INFO] 1 change detected
2026-05-11 20:54:29,570 [INFO] 1 change detected
2026-05-11 20:54:29,928 [INFO] 1 change detected
2026-05-11 20:54:30,339 [INFO] 1 change detected
2026-05-11 20:54:30,744 [INFO] 1 change detected
2026-05-11 20:54:31,152 [INFO] 1 change detected
2026-05-11 20:54:31,560 [INFO] 1 change detected
2026-05-11 20:54:31,918 [INFO] 4 changes detected
2026-05-11 20:54:32,274 [INFO] 1 change detected
2026-05-11 20:54:32,637 [INFO] 1 change detected
2026-05-11 20:54:33,000 [INFO] 1 change detected
2026-05-11 20:54:33,407 [INFO] 1 change detected
2026-05-11 20:54:33,764 [INFO] 1 change detected
2026-05-11 20:54:34,177 [INFO] 1 change detected
2026-05-11 20:54:34,585 [INFO] 1 change detected
2026-05-11 20:54:34,988 [INFO] 1 change detected
2026-05-11 20:54:35,392 [INFO] 1 change detected
2026-05-11 20:54:35,796 [INFO] 1 change detected
2026-05-11 20:54:36,199 [INFO] 1 change detected
2026-05-11 20:54:36,606 [INFO] 1 change detected
2026-05-11 20:54:36,963 [INFO] 4 changes detected
2026-05-11 20:54:37,320 [INFO] 1 change detected
2026-05-11 20:54:37,680 [INFO] 1 change detected
2026-05-11 20:54:38,041 [INFO] 1 change detected
2026-05-11 20:54:38,399 [INFO] 1 change detected
2026-05-11 20:54:38,808 [INFO] 1 change detected
2026-05-11 20:54:39,215 [INFO] 1 change detected
2026-05-11 20:54:39,619 [INFO] 1 change detected
2026-05-11 20:54:40,022 [INFO] 1 change detected
2026-05-11 20:54:40,430 [INFO] 1 change detected
2026-05-11 20:54:40,833 [INFO] 1 change detected
2026-05-11 20:54:41,239 [INFO] 1 change detected
2026-05-11 20:54:41,696 [INFO] 5 changes detected
2026-05-11 20:54:42,062 [INFO] 1 change detected
2026-05-11 20:54:42,418 [INFO] 1 change detected
2026-05-11 20:54:42,825 [INFO] 1 change detected
2026-05-11 20:54:43,231 [INFO] 1 change detected
2026-05-11 20:54:43,637 [INFO] 1 change detected
2026-05-11 20:54:44,046 [INFO] 1 change detected
2026-05-11 20:54:44,452 [INFO] 1 change detected
2026-05-11 20:54:44,809 [INFO] 1 change detected
2026-05-11 20:54:45,219 [INFO] 1 change detected
2026-05-11 20:54:45,625 [INFO] 1 change detected
2026-05-11 20:54:46,033 [INFO] 1 change detected
2026-05-11 20:54:46,393 [INFO] 1 change detected
2026-05-11 20:54:46,852 [INFO] 5 changes detected
2026-05-11 20:54:47,256 [INFO] 1 change detected
2026-05-11 20:54:47,662 [INFO] 1 change detected
2026-05-11 20:54:48,018 [INFO] 1 change detected
2026-05-11 20:54:48,424 [INFO] 1 change detected
2026-05-11 20:54:48,833 [INFO] 1 change detected
2026-05-11 20:54:49,241 [INFO] 1 change detected
2026-05-11 20:54:49,650 [INFO] 1 change detected
2026-05-11 20:54:50,006 [INFO] 1 change detected
2026-05-11 20:54:50,417 [INFO] 1 change detected
2026-05-11 20:54:50,828 [INFO] 1 change detected
2026-05-11 20:54:51,236 [INFO] 1 change detected
2026-05-11 20:54:51,643 [INFO] 1 change detected
2026-05-11 20:54:52,001 [INFO] 4 changes detected
2026-05-11 20:54:52,357 [INFO] 1 change detected
2026-05-11 20:54:52,714 [INFO] 1 change detected
2026-05-11 20:54:53,076 [INFO] 1 change detected
2026-05-11 20:54:53,439 [INFO] 1 change detected
2026-05-11 20:54:53,799 [INFO] 1 change detected
2026-05-11 20:54:54,160 [INFO] 1 change detected
2026-05-11 20:54:54,519 [INFO] 1 change detected
2026-05-11 20:54:54,930 [INFO] 1 change detected
2026-05-11 20:54:55,336 [INFO] 1 change detected
2026-05-11 20:54:55,741 [INFO] 1 change detected
2026-05-11 20:54:56,148 [INFO] 1 change detected
2026-05-11 20:54:56,555 [INFO] 1 change detected
2026-05-11 20:54:56,913 [INFO] 4 changes detected
2026-05-11 20:54:57,273 [INFO] 1 change detected
2026-05-11 20:54:57,633 [INFO] 1 change detected
2026-05-11 20:54:57,991 [INFO] 1 change detected
2026-05-11 20:54:58,401 [INFO] 1 change detected
2026-05-11 20:54:58,805 [INFO] 1 change detected
2026-05-11 20:54:59,210 [INFO] 1 change detected
2026-05-11 20:54:59,618 [INFO] 1 change detected
2026-05-11 20:55:00,027 [INFO] 1 change detected
2026-05-11 20:55:00,435 [INFO] 1 change detected
2026-05-11 20:55:00,846 [INFO] 1 change detected
2026-05-11 20:55:01,249 [INFO] 1 change detected
2026-05-11 20:55:01,655 [INFO] 1 change detected
2026-05-11 20:55:02,010 [INFO] 4 changes detected
2026-05-11 20:55:02,370 [INFO] 1 change detected
2026-05-11 20:55:02,726 [INFO] 1 change detected
2026-05-11 20:55:03,085 [INFO] 1 change detected
2026-05-11 20:55:03,444 [INFO] 1 change detected
2026-05-11 20:55:03,805 [INFO] 1 change detected
2026-05-11 20:55:04,215 [INFO] 1 change detected
2026-05-11 20:55:04,622 [INFO] 1 change detected
2026-05-11 20:55:05,035 [INFO] 1 change detected
2026-05-11 20:55:05,439 [INFO] 1 change detected
2026-05-11 20:55:05,846 [INFO] 1 change detected
2026-05-11 20:55:06,253 [INFO] 1 change detected
2026-05-11 20:55:06,659 [INFO] 1 change detected
2026-05-11 20:55:07,014 [INFO] 4 changes detected
2026-05-11 20:55:07,374 [INFO] 1 change detected
2026-05-11 20:55:07,731 [INFO] 1 change detected
2026-05-11 20:55:08,091 [INFO] 1 change detected
2026-05-11 20:55:08,451 [INFO] 1 change detected
2026-05-11 20:55:08,812 [INFO] 1 change detected
2026-05-11 20:55:09,174 [INFO] 1 change detected
2026-05-11 20:55:09,582 [INFO] 1 change detected
2026-05-11 20:55:09,989 [INFO] 1 change detected
2026-05-11 20:55:10,391 [INFO] 1 change detected
2026-05-11 20:55:10,798 [INFO] 1 change detected
2026-05-11 20:55:11,205 [INFO] 1 change detected
2026-05-11 20:55:11,663 [INFO] 5 changes detected
2026-05-11 20:55:12,016 [INFO] 1 change detected
2026-05-11 20:55:12,425 [INFO] 1 change detected
2026-05-11 20:55:12,783 [INFO] 1 change detected
2026-05-11 20:55:13,195 [INFO] 1 change detected
2026-05-11 20:55:13,601 [INFO] 1 change detected
2026-05-11 20:55:14,008 [INFO] 1 change detected
2026-05-11 20:55:14,413 [INFO] 1 change detected
2026-05-11 20:55:14,819 [INFO] 1 change detected
2026-05-11 20:55:15,223 [INFO] 1 change detected
2026-05-11 20:55:15,630 [INFO] 1 change detected
2026-05-11 20:55:16,033 [INFO] 1 change detected
2026-05-11 20:55:16,436 [INFO] 1 change detected
2026-05-11 20:55:16,853 [INFO] 5 changes detected
2026-05-11 20:55:17,261 [INFO] 1 change detected
2026-05-11 20:55:17,666 [INFO] 1 change detected
2026-05-11 20:55:18,075 [INFO] 1 change detected
2026-05-11 20:55:18,481 [INFO] 1 change detected
2026-05-11 20:55:18,890 [INFO] 1 change detected
2026-05-11 20:55:19,298 [INFO] 1 change detected
2026-05-11 20:55:19,702 [INFO] 1 change detected
2026-05-11 20:55:20,108 [INFO] 1 change detected
2026-05-11 20:55:20,516 [INFO] 1 change detected
2026-05-11 20:55:20,926 [INFO] 1 change detected
2026-05-11 20:55:21,286 [INFO] 1 change detected
2026-05-11 20:55:21,746 [INFO] 5 changes detected
2026-05-11 20:55:22,160 [INFO] 1 change detected
2026-05-11 20:55:22,569 [INFO] 1 change detected
2026-05-11 20:55:22,978 [INFO] 1 change detected
2026-05-11 20:55:23,384 [INFO] 1 change detected
2026-05-11 20:55:23,786 [INFO] 1 change detected
2026-05-11 20:55:24,195 [INFO] 1 change detected
2026-05-11 20:55:24,601 [INFO] 1 change detected
2026-05-11 20:55:25,005 [INFO] 1 change detected
2026-05-11 20:55:25,411 [INFO] 1 change detected
2026-05-11 20:55:25,818 [INFO] 1 change detected
2026-05-11 20:55:26,227 [INFO] 1 change detected
2026-05-11 20:55:26,636 [INFO] 1 change detected
2026-05-11 20:55:26,995 [INFO] 4 changes detected
2026-05-11 20:55:27,354 [INFO] 1 change detected
2026-05-11 20:55:27,712 [INFO] 1 change detected
2026-05-11 20:55:28,074 [INFO] 1 change detected
2026-05-11 20:55:28,436 [INFO] 1 change detected
2026-05-11 20:55:28,795 [INFO] 1 change detected
2026-05-11 20:55:29,156 [INFO] 1 change detected
2026-05-11 20:55:29,514 [INFO] 1 change detected
2026-05-11 20:55:29,922 [INFO] 1 change detected
2026-05-11 20:55:30,329 [INFO] 1 change detected
2026-05-11 20:55:30,736 [INFO] 1 change detected
2026-05-11 20:55:31,144 [INFO] 1 change detected
2026-05-11 20:55:31,550 [INFO] 1 change detected
2026-05-11 20:55:31,909 [INFO] 4 changes detected
2026-05-11 20:55:32,270 [INFO] 1 change detected
2026-05-11 20:55:32,628 [INFO] 1 change detected
2026-05-11 20:55:32,990 [INFO] 1 change detected
2026-05-11 20:55:33,351 [INFO] 1 change detected
2026-05-11 20:55:33,713 [INFO] 1 change detected
2026-05-11 20:55:34,123 [INFO] 1 change detected
2026-05-11 20:55:34,531 [INFO] 1 change detected
2026-05-11 20:55:34,936 [INFO] 1 change detected
2026-05-11 20:55:35,342 [INFO] 1 change detected
2026-05-11 20:55:35,748 [INFO] 1 change detected
2026-05-11 20:55:36,154 [INFO] 1 change detected
2026-05-11 20:55:36,560 [INFO] 1 change detected
2026-05-11 20:55:36,964 [INFO] 5 changes detected
2026-05-11 20:55:37,324 [INFO] 1 change detected
2026-05-11 20:55:37,733 [INFO] 1 change detected
2026-05-11 20:55:38,139 [INFO] 1 change detected
2026-05-11 20:55:38,545 [INFO] 1 change detected
2026-05-11 20:55:38,951 [INFO] 1 change detected
2026-05-11 20:55:39,355 [INFO] 1 change detected
2026-05-11 20:55:39,762 [INFO] 1 change detected
2026-05-11 20:55:40,168 [INFO] 1 change detected
2026-05-11 20:55:40,573 [INFO] 1 change detected
2026-05-11 20:55:40,978 [INFO] 1 change detected
2026-05-11 20:55:41,387 [INFO] 1 change detected
2026-05-11 20:55:41,792 [INFO] 5 changes detected
2026-05-11 20:55:42,198 [INFO] 1 change detected
2026-05-11 20:55:42,606 [INFO] 1 change detected
2026-05-11 20:55:43,012 [INFO] 1 change detected
2026-05-11 20:55:43,421 [INFO] 1 change detected
2026-05-11 20:55:43,826 [INFO] 1 change detected
2026-05-11 20:55:44,232 [INFO] 1 change detected
2026-05-11 20:55:44,638 [INFO] 1 change detected
2026-05-11 20:55:45,045 [INFO] 1 change detected
2026-05-11 20:55:45,450 [INFO] 1 change detected
2026-05-11 20:55:45,859 [INFO] 1 change detected
2026-05-11 20:55:46,265 [INFO] 1 change detected
2026-05-11 20:55:46,623 [INFO] 1 change detected
2026-05-11 20:55:46,981 [INFO] 4 changes detected
2026-05-11 20:55:47,340 [INFO] 1 change detected
2026-05-11 20:55:47,699 [INFO] 1 change detected
2026-05-11 20:55:48,058 [INFO] 1 change detected
2026-05-11 20:55:48,469 [INFO] 1 change detected
2026-05-11 20:55:48,872 [INFO] 1 change detected
2026-05-11 20:55:49,279 [INFO] 1 change detected
2026-05-11 20:55:49,684 [INFO] 1 change detected
2026-05-11 20:55:50,092 [INFO] 1 change detected
2026-05-11 20:55:50,497 [INFO] 1 change detected
2026-05-11 20:55:50,855 [INFO] 1 change detected
2026-05-11 20:55:51,267 [INFO] 1 change detected
2026-05-11 20:55:51,673 [INFO] 5 changes detected
2026-05-11 20:55:52,081 [INFO] 1 change detected
2026-05-11 20:55:52,486 [INFO] 1 change detected
2026-05-11 20:55:52,893 [INFO] 1 change detected
2026-05-11 20:55:53,302 [INFO] 1 change detected
2026-05-11 20:55:53,709 [INFO] 1 change detected
2026-05-11 20:55:54,112 [INFO] 1 change detected
2026-05-11 20:55:54,520 [INFO] 1 change detected
2026-05-11 20:55:54,926 [INFO] 1 change detected
2026-05-11 20:55:55,328 [INFO] 1 change detected
2026-05-11 20:55:55,733 [INFO] 1 change detected
2026-05-11 20:55:56,140 [INFO] 1 change detected
2026-05-11 20:55:56,550 [INFO] 1 change detected
2026-05-11 20:55:56,903 [INFO] 4 changes detected
2026-05-11 20:55:57,263 [INFO] 1 change detected
2026-05-11 20:55:57,622 [INFO] 1 change detected
2026-05-11 20:55:57,982 [INFO] 1 change detected
2026-05-11 20:55:58,391 [INFO] 1 change detected
2026-05-11 20:55:58,800 [INFO] 1 change detected
2026-05-11 20:55:59,205 [INFO] 1 change detected
2026-05-11 20:55:59,610 [INFO] 1 change detected
2026-05-11 20:56:00,013 [INFO] 1 change detected
2026-05-11 20:56:00,370 [INFO] 1 change detected
2026-05-11 20:56:00,779 [INFO] 1 change detected
2026-05-11 20:56:01,184 [INFO] 1 change detected
2026-05-11 20:56:01,590 [INFO] 1 change detected
2026-05-11 20:56:01,941 [INFO] 4 changes detected
2026-05-11 20:56:02,299 [INFO] 1 change detected
2026-05-11 20:56:02,654 [INFO] 1 change detected
2026-05-11 20:56:03,012 [INFO] 1 change detected
2026-05-11 20:56:03,371 [INFO] 1 change detected
2026-05-11 20:56:03,779 [INFO] 1 change detected
2026-05-11 20:56:04,185 [INFO] 1 change detected
2026-05-11 20:56:04,590 [INFO] 1 change detected
2026-05-11 20:56:04,994 [INFO] 1 change detected
2026-05-11 20:56:05,404 [INFO] 1 change detected
2026-05-11 20:56:05,809 [INFO] 1 change detected
2026-05-11 20:56:06,219 [INFO] 1 change detected
2026-05-11 20:56:06,625 [INFO] 1 change detected
2026-05-11 20:56:06,978 [INFO] 4 changes detected
2026-05-11 20:56:07,332 [INFO] 1 change detected
2026-05-11 20:56:07,693 [INFO] 1 change detected
2026-05-11 20:56:08,053 [INFO] 1 change detected
2026-05-11 20:56:08,411 [INFO] 1 change detected
2026-05-11 20:56:08,770 [INFO] 1 change detected
2026-05-11 20:56:09,177 [INFO] 1 change detected
2026-05-11 20:56:09,535 [INFO] 1 change detected
2026-05-11 20:56:09,945 [INFO] 1 change detected
2026-05-11 20:56:10,352 [INFO] 1 change detected
2026-05-11 20:56:10,757 [INFO] 1 change detected
2026-05-11 20:56:11,165 [INFO] 1 change detected
2026-05-11 20:56:11,621 [INFO] 5 changes detected
2026-05-11 20:56:11,987 [INFO] 1 change detected
2026-05-11 20:56:12,348 [INFO] 1 change detected
2026-05-11 20:56:12,755 [INFO] 1 change detected
2026-05-11 20:56:13,159 [INFO] 1 change detected
2026-05-11 20:56:13,567 [INFO] 1 change detected
2026-05-11 20:56:13,970 [INFO] 1 change detected
2026-05-11 20:56:14,379 [INFO] 1 change detected
2026-05-11 20:56:14,784 [INFO] 1 change detected
2026-05-11 20:56:15,145 [INFO] 1 change detected
2026-05-11 20:56:15,557 [INFO] 1 change detected
2026-05-11 20:56:15,963 [INFO] 1 change detected
2026-05-11 20:56:16,369 [INFO] 1 change detected
2026-05-11 20:56:16,875 [INFO] 5 changes detected
2026-05-11 20:56:17,291 [INFO] 1 change detected
2026-05-11 20:56:17,650 [INFO] 1 change detected
2026-05-11 20:56:18,059 [INFO] 1 change detected
2026-05-11 20:56:18,463 [INFO] 1 change detected
2026-05-11 20:56:18,869 [INFO] 1 change detected
2026-05-11 20:56:19,272 [INFO] 1 change detected
2026-05-11 20:56:19,678 [INFO] 1 change detected
2026-05-11 20:56:20,084 [INFO] 1 change detected
2026-05-11 20:56:20,488 [INFO] 1 change detected
2026-05-11 20:56:20,900 [INFO] 1 change detected
2026-05-11 20:56:21,259 [INFO] 1 change detected
2026-05-11 20:56:21,769 [INFO] 5 changes detected
2026-05-11 20:56:22,131 [INFO] 1 change detected
2026-05-11 20:56:22,540 [INFO] 1 change detected
2026-05-11 20:56:22,946 [INFO] 1 change detected
2026-05-11 20:56:23,351 [INFO] 1 change detected
2026-05-11 20:56:23,755 [INFO] 1 change detected
2026-05-11 20:56:24,160 [INFO] 1 change detected
2026-05-11 20:56:24,566 [INFO] 1 change detected
2026-05-11 20:56:24,974 [INFO] 1 change detected
2026-05-11 20:56:25,378 [INFO] 1 change detected
2026-05-11 20:56:25,794 [INFO] 1 change detected
2026-05-11 20:56:26,202 [INFO] 1 change detected
2026-05-11 20:56:26,608 [INFO] 1 change detected
2026-05-11 20:56:26,962 [INFO] 4 changes detected
2026-05-11 20:56:27,321 [INFO] 1 change detected
2026-05-11 20:56:27,681 [INFO] 1 change detected
2026-05-11 20:56:28,039 [INFO] 1 change detected
2026-05-11 20:56:28,397 [INFO] 1 change detected
2026-05-11 20:56:28,805 [INFO] 1 change detected
2026-05-11 20:56:29,212 [INFO] 1 change detected
2026-05-11 20:56:29,618 [INFO] 1 change detected
2026-05-11 20:56:29,974 [INFO] 1 change detected
2026-05-11 20:56:30,382 [INFO] 1 change detected
2026-05-11 20:56:30,791 [INFO] 1 change detected
2026-05-11 20:56:31,196 [INFO] 1 change detected
2026-05-11 20:56:31,602 [INFO] 1 change detected
2026-05-11 20:56:31,962 [INFO] 4 changes detected
2026-05-11 20:56:32,320 [INFO] 1 change detected
2026-05-11 20:56:32,683 [INFO] 1 change detected
2026-05-11 20:56:33,044 [INFO] 1 change detected
2026-05-11 20:56:33,401 [INFO] 1 change detected
2026-05-11 20:56:33,815 [INFO] 1 change detected
2026-05-11 20:56:34,225 [INFO] 1 change detected
2026-05-11 20:56:34,630 [INFO] 1 change detected
2026-05-11 20:56:35,036 [INFO] 1 change detected
2026-05-11 20:56:35,443 [INFO] 1 change detected
2026-05-11 20:56:35,802 [INFO] 1 change detected
2026-05-11 20:56:36,212 [INFO] 1 change detected
2026-05-11 20:56:36,620 [INFO] 1 change detected
2026-05-11 20:56:36,976 [INFO] 4 changes detected
2026-05-11 20:56:37,335 [INFO] 1 change detected
2026-05-11 20:56:37,695 [INFO] 1 change detected
2026-05-11 20:56:38,054 [INFO] 1 change detected
2026-05-11 20:56:38,414 [INFO] 1 change detected
2026-05-11 20:56:38,824 [INFO] 1 change detected
2026-05-11 20:56:39,229 [INFO] 1 change detected
2026-05-11 20:56:39,637 [INFO] 1 change detected
2026-05-11 20:56:40,043 [INFO] 1 change detected
2026-05-11 20:56:40,446 [INFO] 1 change detected
2026-05-11 20:56:40,854 [INFO] 1 change detected
2026-05-11 20:56:41,213 [INFO] 1 change detected
2026-05-11 20:56:41,622 [INFO] 1 change detected
2026-05-11 20:56:41,981 [INFO] 4 changes detected
2026-05-11 20:56:42,337 [INFO] 1 change detected
2026-05-11 20:56:42,698 [INFO] 1 change detected
2026-05-11 20:56:43,058 [INFO] 1 change detected
2026-05-11 20:56:43,466 [INFO] 1 change detected
2026-05-11 20:56:43,874 [INFO] 1 change detected
2026-05-11 20:56:44,281 [INFO] 1 change detected
2026-05-11 20:56:44,686 [INFO] 1 change detected
2026-05-11 20:56:45,091 [INFO] 1 change detected
2026-05-11 20:56:45,447 [INFO] 1 change detected
2026-05-11 20:56:45,861 [INFO] 1 change detected
2026-05-11 20:56:46,264 [INFO] 1 change detected
2026-05-11 20:56:46,670 [INFO] 1 change detected
2026-05-11 20:56:47,021 [INFO] 4 changes detected
2026-05-11 20:56:47,383 [INFO] 1 change detected
2026-05-11 20:56:47,744 [INFO] 1 change detected
2026-05-11 20:56:48,104 [INFO] 1 change detected
2026-05-11 20:56:48,462 [INFO] 1 change detected
2026-05-11 20:56:48,874 [INFO] 1 change detected
2026-05-11 20:56:49,277 [INFO] 1 change detected
2026-05-11 20:56:49,685 [INFO] 1 change detected
2026-05-11 20:56:50,094 [INFO] 1 change detected
2026-05-11 20:56:50,503 [INFO] 1 change detected
2026-05-11 20:56:50,909 [INFO] 1 change detected
2026-05-11 20:56:51,315 [INFO] 1 change detected
2026-05-11 20:56:51,770 [INFO] 5 changes detected
2026-05-11 20:56:52,186 [INFO] 1 change detected
2026-05-11 20:56:52,545 [INFO] 1 change detected
2026-05-11 20:56:52,955 [INFO] 1 change detected
2026-05-11 20:56:53,362 [INFO] 1 change detected
2026-05-11 20:56:53,770 [INFO] 1 change detected
2026-05-11 20:56:54,174 [INFO] 1 change detected
2026-05-11 20:56:54,583 [INFO] 1 change detected
2026-05-11 20:56:54,989 [INFO] 1 change detected
2026-05-11 20:56:55,397 [INFO] 1 change detected
2026-05-11 20:56:55,804 [INFO] 1 change detected
2026-05-11 20:56:56,213 [INFO] 1 change detected
2026-05-11 20:56:56,618 [INFO] 1 change detected
2026-05-11 20:56:56,974 [INFO] 4 changes detected
2026-05-11 20:56:57,332 [INFO] 1 change detected
2026-05-11 20:56:57,693 [INFO] 1 change detected
2026-05-11 20:56:58,050 [INFO] 1 change detected
2026-05-11 20:56:58,410 [INFO] 1 change detected
2026-05-11 20:56:58,821 [INFO] 1 change detected
2026-05-11 20:56:59,227 [INFO] 1 change detected
2026-05-11 20:56:59,635 [INFO] 1 change detected
2026-05-11 20:57:00,043 [INFO] 1 change detected
2026-05-11 20:57:00,450 [INFO] 1 change detected
2026-05-11 20:57:00,856 [INFO] 1 change detected
2026-05-11 20:57:01,262 [INFO] 1 change detected
2026-05-11 20:57:01,668 [INFO] 1 change detected
2026-05-11 20:57:02,023 [INFO] 4 changes detected
2026-05-11 20:57:02,383 [INFO] 1 change detected
2026-05-11 20:57:02,743 [INFO] 1 change detected
2026-05-11 20:57:03,104 [INFO] 1 change detected
2026-05-11 20:57:03,461 [INFO] 1 change detected
2026-05-11 20:57:03,819 [INFO] 1 change detected
2026-05-11 20:57:04,177 [INFO] 1 change detected
2026-05-11 20:57:04,590 [INFO] 1 change detected
2026-05-11 20:57:04,994 [INFO] 1 change detected
2026-05-11 20:57:05,402 [INFO] 1 change detected
2026-05-11 20:57:05,807 [INFO] 1 change detected
2026-05-11 20:57:06,215 [INFO] 1 change detected
2026-05-11 20:57:06,618 [INFO] 1 change detected
2026-05-11 20:57:06,974 [INFO] 4 changes detected
2026-05-11 20:57:07,333 [INFO] 1 change detected
2026-05-11 20:57:07,694 [INFO] 1 change detected
2026-05-11 20:57:08,053 [INFO] 1 change detected
2026-05-11 20:57:08,415 [INFO] 1 change detected
2026-05-11 20:57:08,826 [INFO] 1 change detected
2026-05-11 20:57:09,230 [INFO] 1 change detected
2026-05-11 20:57:09,587 [INFO] 1 change detected
2026-05-11 20:57:10,002 [INFO] 1 change detected
2026-05-11 20:57:10,408 [INFO] 1 change detected
2026-05-11 20:57:10,813 [INFO] 1 change detected
2026-05-11 20:57:11,171 [INFO] 1 change detected
2026-05-11 20:57:11,583 [INFO] 1 change detected
2026-05-11 20:57:11,937 [INFO] 4 changes detected
2026-05-11 20:57:12,298 [INFO] 1 change detected
2026-05-11 20:57:12,663 [INFO] 1 change detected
2026-05-11 20:57:13,024 [INFO] 1 change detected
2026-05-11 20:57:13,385 [INFO] 1 change detected
2026-05-11 20:57:13,748 [INFO] 1 change detected
2026-05-11 20:57:14,107 [INFO] 1 change detected
2026-05-11 20:57:14,468 [INFO] 1 change detected
2026-05-11 20:57:14,877 [INFO] 1 change detected
2026-05-11 20:57:15,282 [INFO] 1 change detected
2026-05-11 20:57:15,691 [INFO] 1 change detected
2026-05-11 20:57:16,095 [INFO] 1 change detected
2026-05-11 20:57:16,500 [INFO] 1 change detected
2026-05-11 20:57:16,853 [INFO] 4 changes detected
2026-05-11 20:57:17,207 [INFO] 1 change detected
2026-05-11 20:57:17,566 [INFO] 1 change detected
2026-05-11 20:57:17,978 [INFO] 1 change detected
2026-05-11 20:57:18,336 [INFO] 1 change detected
2026-05-11 20:57:18,745 [INFO] 1 change detected
2026-05-11 20:57:19,156 [INFO] 1 change detected
2026-05-11 20:57:19,564 [INFO] 1 change detected
2026-05-11 20:57:19,968 [INFO] 1 change detected
2026-05-11 20:57:20,375 [INFO] 1 change detected
2026-05-11 20:57:20,780 [INFO] 1 change detected
2026-05-11 20:57:21,187 [INFO] 1 change detected
2026-05-11 20:57:21,590 [INFO] 1 change detected
2026-05-11 20:57:21,944 [INFO] 4 changes detected
2026-05-11 20:57:22,303 [INFO] 1 change detected
2026-05-11 20:57:22,664 [INFO] 1 change detected
2026-05-11 20:57:23,023 [INFO] 1 change detected
2026-05-11 20:57:23,386 [INFO] 1 change detected
2026-05-11 20:57:23,746 [INFO] 1 change detected
2026-05-11 20:57:24,156 [INFO] 1 change detected
2026-05-11 20:57:24,563 [INFO] 1 change detected
2026-05-11 20:57:24,970 [INFO] 1 change detected
2026-05-11 20:57:25,374 [INFO] 1 change detected
2026-05-11 20:57:25,780 [INFO] 1 change detected
2026-05-11 20:57:26,186 [INFO] 1 change detected
2026-05-11 20:57:26,591 [INFO] 1 change detected
2026-05-11 20:57:26,948 [INFO] 4 changes detected
2026-05-11 20:57:27,305 [INFO] 1 change detected
2026-05-11 20:57:27,665 [INFO] 1 change detected
2026-05-11 20:57:28,023 [INFO] 1 change detected
2026-05-11 20:57:28,432 [INFO] 1 change detected
2026-05-11 20:57:28,838 [INFO] 1 change detected
2026-05-11 20:57:29,243 [INFO] 1 change detected
2026-05-11 20:57:29,647 [INFO] 1 change detected
2026-05-11 20:57:30,000 [INFO] 1 change detected
2026-05-11 20:57:30,411 [INFO] 1 change detected
2026-05-11 20:57:30,817 [INFO] 1 change detected
2026-05-11 20:57:31,223 [INFO] 1 change detected
2026-05-11 20:57:31,629 [INFO] 1 change detected
2026-05-11 20:57:31,997 [INFO] 4 changes detected
2026-05-11 20:57:32,357 [INFO] 1 change detected
2026-05-11 20:57:32,714 [INFO] 1 change detected
2026-05-11 20:57:33,072 [INFO] 1 change detected
2026-05-11 20:57:33,429 [INFO] 1 change detected
2026-05-11 20:57:33,790 [INFO] 1 change detected
2026-05-11 20:57:34,203 [INFO] 1 change detected
2026-05-11 20:57:34,608 [INFO] 1 change detected
2026-05-11 20:57:35,010 [INFO] 1 change detected
2026-05-11 20:57:35,413 [INFO] 1 change detected
2026-05-11 20:57:35,821 [INFO] 1 change detected
2026-05-11 20:57:36,230 [INFO] 1 change detected
2026-05-11 20:57:36,632 [INFO] 1 change detected
2026-05-11 20:57:36,989 [INFO] 4 changes detected
2026-05-11 20:57:37,350 [INFO] 1 change detected
2026-05-11 20:57:37,708 [INFO] 1 change detected
2026-05-11 20:57:38,066 [INFO] 1 change detected
2026-05-11 20:57:38,426 [INFO] 1 change detected
2026-05-11 20:57:38,836 [INFO] 1 change detected
2026-05-11 20:57:39,238 [INFO] 1 change detected
2026-05-11 20:57:39,639 [INFO] 1 change detected
2026-05-11 20:57:40,047 [INFO] 1 change detected
2026-05-11 20:57:40,451 [INFO] 1 change detected
2026-05-11 20:57:40,861 [INFO] 1 change detected
2026-05-11 20:57:41,264 [INFO] 1 change detected
2026-05-11 20:57:41,719 [INFO] 5 changes detected
2026-05-11 20:57:42,121 [INFO] 1 change detected
2026-05-11 20:57:42,530 [INFO] 1 change detected
2026-05-11 20:57:42,936 [INFO] 1 change detected
2026-05-11 20:57:43,294 [INFO] 1 change detected
2026-05-11 20:57:43,704 [INFO] 1 change detected
2026-05-11 20:57:44,107 [INFO] 1 change detected
2026-05-11 20:57:44,515 [INFO] 1 change detected
2026-05-11 20:57:44,919 [INFO] 1 change detected
2026-05-11 20:57:45,325 [INFO] 1 change detected
2026-05-11 20:57:45,731 [INFO] 1 change detected
2026-05-11 20:57:46,137 [INFO] 1 change detected
2026-05-11 20:57:46,543 [INFO] 1 change detected
2026-05-11 20:57:46,899 [INFO] 4 changes detected
2026-05-11 20:57:47,257 [INFO] 1 change detected
2026-05-11 20:57:47,616 [INFO] 1 change detected
2026-05-11 20:57:47,973 [INFO] 1 change detected
2026-05-11 20:57:48,335 [INFO] 1 change detected
2026-05-11 20:57:48,747 [INFO] 1 change detected
2026-05-11 20:57:49,151 [INFO] 1 change detected
2026-05-11 20:57:49,560 [INFO] 1 change detected
2026-05-11 20:57:49,965 [INFO] 1 change detected
2026-05-11 20:57:50,322 [INFO] 1 change detected
2026-05-11 20:57:50,735 [INFO] 1 change detected
2026-05-11 20:57:51,139 [INFO] 1 change detected
2026-05-11 20:57:51,545 [INFO] 1 change detected
2026-05-11 20:57:51,897 [INFO] 4 changes detected
2026-05-11 20:57:52,254 [INFO] 1 change detected
2026-05-11 20:57:52,614 [INFO] 1 change detected
2026-05-11 20:57:52,975 [INFO] 1 change detected
2026-05-11 20:57:53,384 [INFO] 1 change detected
2026-05-11 20:57:53,789 [INFO] 1 change detected
2026-05-11 20:57:54,194 [INFO] 1 change detected
2026-05-11 20:57:54,601 [INFO] 1 change detected
2026-05-11 20:57:55,005 [INFO] 1 change detected
2026-05-11 20:57:55,409 [INFO] 1 change detected
2026-05-11 20:57:55,812 [INFO] 1 change detected
2026-05-11 20:57:56,217 [INFO] 1 change detected
2026-05-11 20:57:56,576 [INFO] 1 change detected
2026-05-11 20:57:56,934 [INFO] 4 changes detected
2026-05-11 20:57:57,292 [INFO] 1 change detected
2026-05-11 20:57:57,651 [INFO] 1 change detected
2026-05-11 20:57:58,008 [INFO] 1 change detected
2026-05-11 20:57:58,367 [INFO] 1 change detected
2026-05-11 20:57:58,773 [INFO] 1 change detected
2026-05-11 20:57:59,179 [INFO] 1 change detected
2026-05-11 20:57:59,588 [INFO] 1 change detected
2026-05-11 20:57:59,990 [INFO] 1 change detected
2026-05-11 20:58:00,393 [INFO] 1 change detected
2026-05-11 20:58:00,798 [INFO] 1 change detected
2026-05-11 20:58:01,204 [INFO] 1 change detected
2026-05-11 20:58:01,608 [INFO] 1 change detected
2026-05-11 20:58:01,965 [INFO] 4 changes detected
2026-05-11 20:58:02,327 [INFO] 1 change detected
2026-05-11 20:58:02,690 [INFO] 1 change detected
2026-05-11 20:58:03,049 [INFO] 1 change detected
2026-05-11 20:58:03,409 [INFO] 1 change detected
2026-05-11 20:58:03,818 [INFO] 1 change detected
2026-05-11 20:58:04,223 [INFO] 1 change detected
2026-05-11 20:58:04,632 [INFO] 1 change detected
2026-05-11 20:58:05,038 [INFO] 1 change detected
2026-05-11 20:58:05,442 [INFO] 1 change detected
2026-05-11 20:58:05,801 [INFO] 1 change detected
2026-05-11 20:58:06,209 [INFO] 1 change detected
2026-05-11 20:58:06,616 [INFO] 1 change detected
2026-05-11 20:58:06,968 [INFO] 4 changes detected
2026-05-11 20:58:07,329 [INFO] 1 change detected
2026-05-11 20:58:07,689 [INFO] 1 change detected
2026-05-11 20:58:08,047 [INFO] 1 change detected
2026-05-11 20:58:08,457 [INFO] 1 change detected
2026-05-11 20:58:08,865 [INFO] 1 change detected
2026-05-11 20:58:09,270 [INFO] 1 change detected
2026-05-11 20:58:09,675 [INFO] 1 change detected
2026-05-11 20:58:10,030 [INFO] 1 change detected
2026-05-11 20:58:10,438 [INFO] 1 change detected
2026-05-11 20:58:10,844 [INFO] 1 change detected
2026-05-11 20:58:11,248 [INFO] 1 change detected
2026-05-11 20:58:11,704 [INFO] 5 changes detected
2026-05-11 20:58:12,108 [INFO] 1 change detected
2026-05-11 20:58:12,514 [INFO] 1 change detected
2026-05-11 20:58:12,920 [INFO] 1 change detected
2026-05-11 20:58:13,324 [INFO] 1 change detected
2026-05-11 20:58:13,730 [INFO] 1 change detected
2026-05-11 20:58:14,137 [INFO] 1 change detected
2026-05-11 20:58:14,543 [INFO] 1 change detected
2026-05-11 20:58:14,949 [INFO] 1 change detected
2026-05-11 20:58:15,355 [INFO] 1 change detected
2026-05-11 20:58:15,759 [INFO] 1 change detected
2026-05-11 20:58:16,166 [INFO] 1 change detected
2026-05-11 20:58:16,570 [INFO] 1 change detected
2026-05-11 20:58:16,924 [INFO] 4 changes detected
2026-05-11 20:58:17,287 [INFO] 1 change detected
2026-05-11 20:58:17,649 [INFO] 1 change detected
2026-05-11 20:58:18,010 [INFO] 1 change detected
2026-05-11 20:58:18,370 [INFO] 1 change detected
2026-05-11 20:58:18,730 [INFO] 1 change detected
2026-05-11 20:58:19,140 [INFO] 1 change detected
2026-05-11 20:58:19,546 [INFO] 1 change detected
2026-05-11 20:58:19,952 [INFO] 1 change detected
2026-05-11 20:58:20,358 [INFO] 1 change detected
2026-05-11 20:58:20,764 [INFO] 1 change detected
2026-05-11 20:58:21,172 [INFO] 1 change detected
2026-05-11 20:58:21,577 [INFO] 1 change detected
2026-05-11 20:58:21,935 [INFO] 4 changes detected
2026-05-11 20:58:22,291 [INFO] 1 change detected
2026-05-11 20:58:22,652 [INFO] 1 change detected
2026-05-11 20:58:23,011 [INFO] 1 change detected
2026-05-11 20:58:23,419 [INFO] 1 change detected
2026-05-11 20:58:23,825 [INFO] 1 change detected
2026-05-11 20:58:24,234 [INFO] 1 change detected
2026-05-11 20:58:24,638 [INFO] 1 change detected
2026-05-11 20:58:24,993 [INFO] 1 change detected
2026-05-11 20:58:25,403 [INFO] 1 change detected
2026-05-11 20:58:25,812 [INFO] 1 change detected
2026-05-11 20:58:26,221 [INFO] 1 change detected
2026-05-11 20:58:26,629 [INFO] 1 change detected
2026-05-11 20:58:26,984 [INFO] 4 changes detected
2026-05-11 20:58:27,344 [INFO] 1 change detected
2026-05-11 20:58:27,702 [INFO] 1 change detected
2026-05-11 20:58:28,062 [INFO] 1 change detected
2026-05-11 20:58:28,421 [INFO] 1 change detected
2026-05-11 20:58:28,786 [INFO] 1 change detected
2026-05-11 20:58:29,195 [INFO] 1 change detected
2026-05-11 20:58:29,606 [INFO] 1 change detected
2026-05-11 20:58:30,012 [INFO] 1 change detected
2026-05-11 20:58:30,418 [INFO] 1 change detected
2026-05-11 20:58:30,828 [INFO] 1 change detected
2026-05-11 20:58:31,235 [INFO] 1 change detected
2026-05-11 20:58:31,643 [INFO] 1 change detected
2026-05-11 20:58:31,996 [INFO] 4 changes detected
2026-05-11 20:58:32,357 [INFO] 1 change detected
2026-05-11 20:58:32,716 [INFO] 1 change detected
2026-05-11 20:58:33,077 [INFO] 1 change detected
2026-05-11 20:58:33,435 [INFO] 1 change detected
2026-05-11 20:58:33,843 [INFO] 1 change detected
2026-05-11 20:58:34,251 [INFO] 1 change detected
2026-05-11 20:58:34,655 [INFO] 1 change detected
2026-05-11 20:58:35,014 [INFO] 1 change detected
2026-05-11 20:58:35,428 [INFO] 1 change detected
2026-05-11 20:58:35,833 [INFO] 1 change detected
2026-05-11 20:58:36,241 [INFO] 1 change detected
2026-05-11 20:58:36,651 [INFO] 1 change detected
2026-05-11 20:58:37,003 [INFO] 4 changes detected
2026-05-11 20:58:37,362 [INFO] 1 change detected
2026-05-11 20:58:37,722 [INFO] 1 change detected
2026-05-11 20:58:38,081 [INFO] 1 change detected
2026-05-11 20:58:38,442 [INFO] 1 change detected
2026-05-11 20:58:38,801 [INFO] 1 change detected
2026-05-11 20:58:39,161 [INFO] 1 change detected
2026-05-11 20:58:39,571 [INFO] 1 change detected
2026-05-11 20:58:39,980 [INFO] 1 change detected
2026-05-11 20:58:40,388 [INFO] 1 change detected
2026-05-11 20:58:40,790 [INFO] 1 change detected
2026-05-11 20:58:41,198 [INFO] 1 change detected
2026-05-11 20:58:41,553 [INFO] 1 change detected
2026-05-11 20:58:41,912 [INFO] 4 changes detected
2026-05-11 20:58:42,270 [INFO] 1 change detected
2026-05-11 20:58:42,629 [INFO] 1 change detected
2026-05-11 20:58:42,988 [INFO] 1 change detected
2026-05-11 20:58:43,347 [INFO] 1 change detected
2026-05-11 20:58:43,706 [INFO] 1 change detected
2026-05-11 20:58:44,063 [INFO] 1 change detected
2026-05-11 20:58:44,472 [INFO] 1 change detected
2026-05-11 20:58:44,879 [INFO] 1 change detected
2026-05-11 20:58:45,285 [INFO] 1 change detected
2026-05-11 20:58:45,693 [INFO] 1 change detected
2026-05-11 20:58:46,050 [INFO] 1 change detected
2026-05-11 20:58:46,464 [INFO] 1 change detected
2026-05-11 20:58:46,868 [INFO] 5 changes detected
2026-05-11 20:58:47,275 [INFO] 1 change detected
2026-05-11 20:58:47,684 [INFO] 1 change detected
2026-05-11 20:58:48,092 [INFO] 1 change detected
2026-05-11 20:58:48,502 [INFO] 1 change detected
2026-05-11 20:58:48,857 [INFO] 1 change detected
2026-05-11 20:58:49,263 [INFO] 1 change detected
2026-05-11 20:58:49,669 [INFO] 1 change detected
2026-05-11 20:58:50,070 [INFO] 1 change detected
2026-05-11 20:58:50,485 [INFO] 1 change detected
2026-05-11 20:58:50,888 [INFO] 1 change detected
2026-05-11 20:58:51,292 [INFO] 1 change detected
2026-05-11 20:58:51,698 [INFO] 5 changes detected
2026-05-11 20:58:52,113 [INFO] 1 change detected
2026-05-11 20:58:52,519 [INFO] 1 change detected
2026-05-11 20:58:52,922 [INFO] 1 change detected
2026-05-11 20:58:53,325 [INFO] 1 change detected
2026-05-11 20:58:53,729 [INFO] 1 change detected
2026-05-11 20:58:54,134 [INFO] 1 change detected
2026-05-11 20:58:54,538 [INFO] 1 change detected
2026-05-11 20:58:54,945 [INFO] 1 change detected
2026-05-11 20:58:55,304 [INFO] 1 change detected
2026-05-11 20:58:55,717 [INFO] 1 change detected
2026-05-11 20:58:56,122 [INFO] 1 change detected
2026-05-11 20:58:56,527 [INFO] 1 change detected
2026-05-11 20:58:56,883 [INFO] 4 changes detected
2026-05-11 20:58:57,240 [INFO] 1 change detected
2026-05-11 20:58:57,598 [INFO] 1 change detected
2026-05-11 20:58:58,007 [INFO] 1 change detected
2026-05-11 20:58:58,415 [INFO] 1 change detected
2026-05-11 20:58:58,824 [INFO] 1 change detected
2026-05-11 20:58:59,228 [INFO] 1 change detected
2026-05-11 20:58:59,635 [INFO] 1 change detected
2026-05-11 20:59:00,041 [INFO] 1 change detected
2026-05-11 20:59:00,448 [INFO] 1 change detected
2026-05-11 20:59:00,855 [INFO] 1 change detected
2026-05-11 20:59:01,258 [INFO] 1 change detected
2026-05-11 20:59:01,664 [INFO] 1 change detected
2026-05-11 20:59:02,020 [INFO] 4 changes detected
2026-05-11 20:59:02,379 [INFO] 1 change detected
2026-05-11 20:59:02,739 [INFO] 1 change detected
2026-05-11 20:59:03,099 [INFO] 1 change detected
2026-05-11 20:59:03,460 [INFO] 1 change detected
2026-05-11 20:59:03,819 [INFO] 1 change detected
2026-05-11 20:59:04,227 [INFO] 1 change detected
2026-05-11 20:59:04,634 [INFO] 1 change detected
2026-05-11 20:59:05,040 [INFO] 1 change detected
2026-05-11 20:59:05,446 [INFO] 1 change detected
2026-05-11 20:59:05,853 [INFO] 1 change detected
2026-05-11 20:59:06,259 [INFO] 1 change detected
2026-05-11 20:59:06,616 [INFO] 1 change detected
2026-05-11 20:59:06,977 [INFO] 4 changes detected
2026-05-11 20:59:07,336 [INFO] 1 change detected
2026-05-11 20:59:07,694 [INFO] 1 change detected
2026-05-11 20:59:08,051 [INFO] 1 change detected
2026-05-11 20:59:08,462 [INFO] 1 change detected
2026-05-11 20:59:08,821 [INFO] 1 change detected
2026-05-11 20:59:09,230 [INFO] 1 change detected
2026-05-11 20:59:09,635 [INFO] 1 change detected
2026-05-11 20:59:10,039 [INFO] 1 change detected
2026-05-11 20:59:10,448 [INFO] 1 change detected
2026-05-11 20:59:10,857 [INFO] 1 change detected
2026-05-11 20:59:11,261 [INFO] 1 change detected
2026-05-11 20:59:11,766 [INFO] 5 changes detected
2026-05-11 20:59:12,131 [INFO] 1 change detected
2026-05-11 20:59:12,543 [INFO] 1 change detected
2026-05-11 20:59:12,951 [INFO] 1 change detected
2026-05-11 20:59:13,357 [INFO] 1 change detected
2026-05-11 20:59:13,764 [INFO] 1 change detected
2026-05-11 20:59:14,171 [INFO] 1 change detected
2026-05-11 20:59:14,577 [INFO] 1 change detected
2026-05-11 20:59:14,980 [INFO] 1 change detected
2026-05-11 20:59:15,385 [INFO] 1 change detected
2026-05-11 20:59:15,791 [INFO] 1 change detected
2026-05-11 20:59:16,200 [INFO] 1 change detected
2026-05-11 20:59:16,607 [INFO] 1 change detected
2026-05-11 20:59:16,960 [INFO] 4 changes detected
2026-05-11 20:59:17,318 [INFO] 1 change detected
2026-05-11 20:59:17,679 [INFO] 1 change detected
2026-05-11 20:59:18,041 [INFO] 1 change detected
2026-05-11 20:59:18,400 [INFO] 1 change detected
2026-05-11 20:59:18,762 [INFO] 1 change detected
2026-05-11 20:59:19,173 [INFO] 1 change detected
2026-05-11 20:59:19,531 [INFO] 1 change detected
2026-05-11 20:59:19,942 [INFO] 1 change detected
2026-05-11 20:59:20,350 [INFO] 1 change detected
2026-05-11 20:59:20,757 [INFO] 1 change detected
2026-05-11 20:59:21,164 [INFO] 1 change detected
2026-05-11 20:59:21,522 [INFO] 1 change detected
2026-05-11 20:59:21,882 [INFO] 4 changes detected
2026-05-11 20:59:22,241 [INFO] 1 change detected
2026-05-11 20:59:22,601 [INFO] 1 change detected
2026-05-11 20:59:23,010 [INFO] 1 change detected
2026-05-11 20:59:23,415 [INFO] 1 change detected
2026-05-11 20:59:23,824 [INFO] 1 change detected
2026-05-11 20:59:24,230 [INFO] 1 change detected
2026-05-11 20:59:24,636 [INFO] 1 change detected
2026-05-11 20:59:24,996 [INFO] 1 change detected
2026-05-11 20:59:25,403 [INFO] 1 change detected
2026-05-11 20:59:25,811 [INFO] 1 change detected
2026-05-11 20:59:26,218 [INFO] 1 change detected
2026-05-11 20:59:26,624 [INFO] 1 change detected
2026-05-11 20:59:26,979 [INFO] 4 changes detected
2026-05-11 20:59:27,341 [INFO] 1 change detected
2026-05-11 20:59:27,698 [INFO] 1 change detected
2026-05-11 20:59:28,055 [INFO] 1 change detected
2026-05-11 20:59:28,416 [INFO] 1 change detected
2026-05-11 20:59:28,824 [INFO] 1 change detected
2026-05-11 20:59:29,229 [INFO] 1 change detected
2026-05-11 20:59:29,638 [INFO] 1 change detected
2026-05-11 20:59:30,041 [INFO] 1 change detected
2026-05-11 20:59:30,446 [INFO] 1 change detected
2026-05-11 20:59:30,851 [INFO] 1 change detected
2026-05-11 20:59:31,255 [INFO] 1 change detected
2026-05-11 20:59:31,713 [INFO] 5 changes detected
2026-05-11 20:59:32,131 [INFO] 1 change detected
2026-05-11 20:59:32,536 [INFO] 1 change detected
2026-05-11 20:59:32,941 [INFO] 1 change detected
2026-05-11 20:59:33,348 [INFO] 1 change detected
2026-05-11 20:59:33,703 [INFO] 1 change detected
2026-05-11 20:59:34,114 [INFO] 1 change detected
2026-05-11 20:59:34,520 [INFO] 1 change detected
2026-05-11 20:59:34,974 [INFO] 1 change detected
2026-05-11 20:59:35,379 [INFO] 1 change detected
2026-05-11 20:59:35,740 [INFO] 1 change detected
2026-05-11 20:59:36,151 [INFO] 1 change detected
2026-05-11 20:59:36,557 [INFO] 1 change detected
2026-05-11 20:59:36,966 [INFO] 5 changes detected
2026-05-11 20:59:37,371 [INFO] 1 change detected
2026-05-11 20:59:37,779 [INFO] 1 change detected
2026-05-11 20:59:38,185 [INFO] 1 change detected
2026-05-11 20:59:38,591 [INFO] 1 change detected
2026-05-11 20:59:38,996 [INFO] 1 change detected
2026-05-11 20:59:39,404 [INFO] 1 change detected
2026-05-11 20:59:39,810 [INFO] 1 change detected
2026-05-11 20:59:40,217 [INFO] 1 change detected
2026-05-11 20:59:40,621 [INFO] 1 change detected
2026-05-11 20:59:41,030 [INFO] 1 change detected
2026-05-11 20:59:41,435 [INFO] 1 change detected
2026-05-11 20:59:41,802 [INFO] 5 changes detected
2026-05-11 20:59:42,212 [INFO] 1 change detected
2026-05-11 20:59:42,620 [INFO] 1 change detected
2026-05-11 20:59:43,027 [INFO] 1 change detected
2026-05-11 20:59:43,433 [INFO] 1 change detected
2026-05-11 20:59:43,837 [INFO] 1 change detected
2026-05-11 20:59:44,244 [INFO] 1 change detected
2026-05-11 20:59:44,650 [INFO] 1 change detected
2026-05-11 20:59:45,054 [INFO] 1 change detected
2026-05-11 20:59:45,461 [INFO] 1 change detected
2026-05-11 20:59:45,869 [INFO] 1 change detected
2026-05-11 20:59:46,274 [INFO] 1 change detected
2026-05-11 20:59:46,780 [INFO] 5 changes detected
2026-05-11 20:59:47,144 [INFO] 1 change detected
2026-05-11 20:59:47,555 [INFO] 1 change detected
2026-05-11 20:59:47,961 [INFO] 1 change detected
2026-05-11 20:59:48,363 [INFO] 1 change detected
2026-05-11 20:59:48,770 [INFO] 1 change detected
2026-05-11 20:59:49,175 [INFO] 1 change detected
2026-05-11 20:59:49,578 [INFO] 1 change detected
2026-05-11 20:59:49,987 [INFO] 1 change detected
2026-05-11 20:59:50,389 [INFO] 1 change detected
2026-05-11 20:59:50,794 [INFO] 1 change detected
2026-05-11 20:59:51,197 [INFO] 1 change detected
2026-05-11 20:59:51,602 [INFO] 1 change detected
2026-05-11 20:59:51,956 [INFO] 4 changes detected
2026-05-11 20:59:52,312 [INFO] 1 change detected
2026-05-11 20:59:52,673 [INFO] 1 change detected
2026-05-11 20:59:53,034 [INFO] 1 change detected
2026-05-11 20:59:53,395 [INFO] 1 change detected
2026-05-11 20:59:53,805 [INFO] 1 change detected
2026-05-11 20:59:54,160 [INFO] 1 change detected
2026-05-11 20:59:54,572 [INFO] 1 change detected
2026-05-11 20:59:54,978 [INFO] 1 change detected
2026-05-11 20:59:55,383 [INFO] 1 change detected
2026-05-11 20:59:55,790 [INFO] 1 change detected
2026-05-11 20:59:56,198 [INFO] 1 change detected
2026-05-11 20:59:56,601 [INFO] 1 change detected
2026-05-11 20:59:56,956 [INFO] 4 changes detected
2026-05-11 20:59:57,315 [INFO] 1 change detected
2026-05-11 20:59:57,675 [INFO] 1 change detected
2026-05-11 20:59:58,036 [INFO] 1 change detected
2026-05-11 20:59:58,448 [INFO] 1 change detected
2026-05-11 20:59:58,851 [INFO] 1 change detected
2026-05-11 20:59:59,260 [INFO] 1 change detected
2026-05-11 20:59:59,664 [INFO] 1 change detected
2026-05-11 21:00:00,068 [INFO] 1 change detected
2026-05-11 21:00:00,422 [INFO] 1 change detected
2026-05-11 21:00:00,832 [INFO] 1 change detected
2026-05-11 21:00:01,239 [INFO] 1 change detected
2026-05-11 21:00:01,694 [INFO] 5 changes detected
2026-05-11 21:00:02,110 [INFO] 1 change detected
2026-05-11 21:00:02,519 [INFO] 1 change detected
2026-05-11 21:00:02,876 [INFO] 1 change detected
2026-05-11 21:00:03,286 [INFO] 1 change detected
2026-05-11 21:00:03,690 [INFO] 1 change detected
2026-05-11 21:00:04,096 [INFO] 1 change detected
2026-05-11 21:00:04,504 [INFO] 1 change detected
2026-05-11 21:00:04,909 [INFO] 1 change detected
2026-05-11 21:00:05,316 [INFO] 1 change detected
2026-05-11 21:00:05,723 [INFO] 1 change detected
2026-05-11 21:00:06,128 [INFO] 1 change detected
2026-05-11 21:00:06,489 [INFO] 1 change detected
2026-05-11 21:00:06,900 [INFO] 5 changes detected
2026-05-11 21:00:07,306 [INFO] 1 change detected
2026-05-11 21:00:07,714 [INFO] 1 change detected
2026-05-11 21:00:08,119 [INFO] 1 change detected
2026-05-11 21:00:08,473 [INFO] 3 changes detected
2026-05-11 21:00:08,840 [INFO] 1 change detected
2026-05-11 21:00:09,196 [INFO] 1 change detected
2026-05-11 21:00:09,558 [INFO] 1 change detected
2026-05-11 21:00:09,918 [INFO] 1 change detected
2026-05-11 21:00:10,277 [INFO] 1 change detected
2026-05-11 21:00:10,639 [INFO] 1 change detected
2026-05-11 21:00:11,000 [INFO] 1 change detected
2026-05-11 21:00:11,361 [INFO] 1 change detected
2026-05-11 21:00:11,776 [INFO] 1 change detected
2026-05-11 21:00:12,130 [INFO] 4 changes detected
2026-05-11 21:00:12,489 [INFO] 1 change detected
2026-05-11 21:00:12,849 [INFO] 1 change detected
2026-05-11 21:00:13,211 [INFO] 1 change detected
2026-05-11 21:00:13,574 [INFO] 1 change detected
2026-05-11 21:00:13,987 [INFO] 1 change detected
2026-05-11 21:00:14,394 [INFO] 1 change detected
2026-05-11 21:00:14,800 [INFO] 1 change detected
2026-05-11 21:00:15,205 [INFO] 1 change detected
2026-05-11 21:00:15,613 [INFO] 1 change detected
2026-05-11 21:00:15,969 [INFO] 1 change detected
2026-05-11 21:00:16,381 [INFO] 1 change detected
2026-05-11 21:00:16,787 [INFO] 5 changes detected
2026-05-11 21:00:17,192 [INFO] 1 change detected
2026-05-11 21:00:17,600 [INFO] 1 change detected
2026-05-11 21:00:18,009 [INFO] 1 change detected
2026-05-11 21:00:18,426 [INFO] 1 change detected
2026-05-11 21:00:18,784 [INFO] 1 change detected
2026-05-11 21:00:19,195 [INFO] 1 change detected
2026-05-11 21:00:19,601 [INFO] 1 change detected
2026-05-11 21:00:20,006 [INFO] 1 change detected
2026-05-11 21:00:20,413 [INFO] 1 change detected
2026-05-11 21:00:20,819 [INFO] 1 change detected
2026-05-11 21:00:21,227 [INFO] 1 change detected
2026-05-11 21:00:21,632 [INFO] 1 change detected
2026-05-11 21:00:21,987 [INFO] 4 changes detected
2026-05-11 21:00:22,344 [INFO] 1 change detected
2026-05-11 21:00:22,703 [INFO] 1 change detected
2026-05-11 21:00:23,061 [INFO] 1 change detected
2026-05-11 21:00:23,422 [INFO] 1 change detected
2026-05-11 21:00:23,831 [INFO] 1 change detected
2026-05-11 21:00:24,237 [INFO] 1 change detected
2026-05-11 21:00:24,645 [INFO] 1 change detected
2026-05-11 21:00:25,003 [INFO] 1 change detected
2026-05-11 21:00:25,414 [INFO] 1 change detected
2026-05-11 21:00:25,822 [INFO] 1 change detected
2026-05-11 21:00:26,233 [INFO] 1 change detected
2026-05-11 21:00:26,640 [INFO] 1 change detected
2026-05-11 21:00:26,995 [INFO] 4 changes detected
2026-05-11 21:00:27,354 [INFO] 1 change detected
2026-05-11 21:00:27,712 [INFO] 1 change detected
2026-05-11 21:00:28,069 [INFO] 1 change detected
2026-05-11 21:00:28,430 [INFO] 1 change detected
2026-05-11 21:00:28,838 [INFO] 1 change detected
2026-05-11 21:00:29,249 [INFO] 1 change detected
2026-05-11 21:00:29,654 [INFO] 1 change detected
2026-05-11 21:00:30,059 [INFO] 1 change detected
2026-05-11 21:00:30,466 [INFO] 1 change detected
2026-05-11 21:00:30,873 [INFO] 1 change detected
2026-05-11 21:00:31,277 [INFO] 1 change detected
2026-05-11 21:00:31,684 [INFO] 5 changes detected
2026-05-11 21:00:32,092 [INFO] 1 change detected
2026-05-11 21:00:32,496 [INFO] 1 change detected
2026-05-11 21:00:32,899 [INFO] 1 change detected
2026-05-11 21:00:33,307 [INFO] 1 change detected
2026-05-11 21:00:33,711 [INFO] 1 change detected
2026-05-11 21:00:34,116 [INFO] 1 change detected
2026-05-11 21:00:34,522 [INFO] 1 change detected
2026-05-11 21:00:34,930 [INFO] 1 change detected
2026-05-11 21:00:35,340 [INFO] 1 change detected
2026-05-11 21:00:35,699 [INFO] 1 change detected
2026-05-11 21:00:36,111 [INFO] 1 change detected
2026-05-11 21:00:36,516 [INFO] 1 change detected
2026-05-11 21:00:36,873 [INFO] 4 changes detected
2026-05-11 21:00:37,234 [INFO] 1 change detected
2026-05-11 21:00:37,593 [INFO] 1 change detected
2026-05-11 21:00:38,001 [INFO] 1 change detected
2026-05-11 21:00:38,359 [INFO] 1 change detected
2026-05-11 21:00:38,769 [INFO] 1 change detected
2026-05-11 21:00:39,179 [INFO] 1 change detected
2026-05-11 21:00:39,585 [INFO] 1 change detected
2026-05-11 21:00:39,993 [INFO] 1 change detected
2026-05-11 21:00:40,398 [INFO] 1 change detected
2026-05-11 21:00:40,808 [INFO] 1 change detected
2026-05-11 21:00:41,214 [INFO] 1 change detected
2026-05-11 21:00:41,572 [INFO] 1 change detected
2026-05-11 21:00:41,932 [INFO] 4 changes detected
2026-05-11 21:00:42,286 [INFO] 1 change detected
2026-05-11 21:00:42,646 [INFO] 1 change detected
2026-05-11 21:00:43,007 [INFO] 1 change detected
2026-05-11 21:00:43,418 [INFO] 1 change detected
2026-05-11 21:00:43,824 [INFO] 1 change detected
2026-05-11 21:00:44,231 [INFO] 1 change detected
2026-05-11 21:00:44,589 [INFO] 1 change detected
2026-05-11 21:00:45,002 [INFO] 1 change detected
2026-05-11 21:00:45,410 [INFO] 1 change detected
2026-05-11 21:00:45,817 [INFO] 1 change detected
2026-05-11 21:00:46,222 [INFO] 1 change detected
2026-05-11 21:00:46,627 [INFO] 1 change detected
2026-05-11 21:00:46,981 [INFO] 4 changes detected
2026-05-11 21:00:47,340 [INFO] 1 change detected
2026-05-11 21:00:47,699 [INFO] 1 change detected
2026-05-11 21:00:48,062 [INFO] 1 change detected
2026-05-11 21:00:48,419 [INFO] 1 change detected
2026-05-11 21:00:48,779 [INFO] 1 change detected
2026-05-11 21:00:49,194 [INFO] 1 change detected
2026-05-11 21:00:49,601 [INFO] 1 change detected
2026-05-11 21:00:50,006 [INFO] 1 change detected
2026-05-11 21:00:50,413 [INFO] 1 change detected
2026-05-11 21:00:50,820 [INFO] 1 change detected
2026-05-11 21:00:51,224 [INFO] 1 change detected
2026-05-11 21:00:51,634 [INFO] 1 change detected
2026-05-11 21:00:51,990 [INFO] 4 changes detected
2026-05-11 21:00:52,348 [INFO] 1 change detected
2026-05-11 21:00:52,710 [INFO] 1 change detected
2026-05-11 21:00:53,069 [INFO] 1 change detected
2026-05-11 21:00:53,429 [INFO] 1 change detected
2026-05-11 21:00:53,786 [INFO] 1 change detected
2026-05-11 21:00:54,197 [INFO] 1 change detected
2026-05-11 21:00:54,603 [INFO] 1 change detected
2026-05-11 21:00:55,009 [INFO] 1 change detected
2026-05-11 21:00:55,417 [INFO] 1 change detected
2026-05-11 21:00:55,824 [INFO] 1 change detected
2026-05-11 21:00:56,230 [INFO] 1 change detected
2026-05-11 21:00:56,584 [INFO] 1 change detected
2026-05-11 21:00:56,944 [INFO] 4 changes detected
2026-05-11 21:00:57,301 [INFO] 1 change detected
2026-05-11 21:00:57,660 [INFO] 1 change detected
2026-05-11 21:00:58,020 [INFO] 1 change detected
2026-05-11 21:00:58,429 [INFO] 1 change detected
2026-05-11 21:00:58,833 [INFO] 1 change detected
2026-05-11 21:00:59,238 [INFO] 1 change detected
2026-05-11 21:00:59,645 [INFO] 1 change detected
2026-05-11 21:01:00,052 [INFO] 1 change detected
2026-05-11 21:01:00,459 [INFO] 1 change detected
2026-05-11 21:01:00,863 [INFO] 1 change detected
2026-05-11 21:01:01,266 [INFO] 1 change detected
2026-05-11 21:01:01,725 [INFO] 5 changes detected
2026-05-11 21:01:02,089 [INFO] 1 change detected
2026-05-11 21:01:02,498 [INFO] 1 change detected
2026-05-11 21:01:02,905 [INFO] 1 change detected
2026-05-11 21:01:03,309 [INFO] 1 change detected
2026-05-11 21:01:03,716 [INFO] 1 change detected
2026-05-11 21:01:04,122 [INFO] 1 change detected
2026-05-11 21:01:04,530 [INFO] 1 change detected
2026-05-11 21:01:04,935 [INFO] 1 change detected
2026-05-11 21:01:05,339 [INFO] 1 change detected
2026-05-11 21:01:05,747 [INFO] 1 change detected
2026-05-11 21:01:06,154 [INFO] 1 change detected
2026-05-11 21:01:06,571 [INFO] 1 change detected
2026-05-11 21:01:06,926 [INFO] 4 changes detected
2026-05-11 21:01:07,283 [INFO] 1 change detected
2026-05-11 21:01:07,641 [INFO] 1 change detected
2026-05-11 21:01:07,998 [INFO] 1 change detected
2026-05-11 21:01:08,359 [INFO] 1 change detected
2026-05-11 21:01:08,718 [INFO] 1 change detected
2026-05-11 21:01:09,130 [INFO] 1 change detected
2026-05-11 21:01:09,536 [INFO] 1 change detected
2026-05-11 21:01:09,945 [INFO] 1 change detected
2026-05-11 21:01:10,348 [INFO] 1 change detected
2026-05-11 21:01:10,754 [INFO] 1 change detected
2026-05-11 21:01:11,159 [INFO] 1 change detected
2026-05-11 21:01:11,514 [INFO] 1 change detected
2026-05-11 21:01:11,867 [INFO] 4 changes detected
2026-05-11 21:01:12,229 [INFO] 1 change detected
2026-05-11 21:01:12,585 [INFO] 1 change detected
2026-05-11 21:01:12,994 [INFO] 1 change detected
2026-05-11 21:01:13,400 [INFO] 1 change detected
2026-05-11 21:01:13,805 [INFO] 1 change detected
2026-05-11 21:01:14,210 [INFO] 1 change detected
2026-05-11 21:01:14,616 [INFO] 1 change detected
2026-05-11 21:01:15,018 [INFO] 1 change detected
2026-05-11 21:01:15,423 [INFO] 1 change detected
2026-05-11 21:01:15,827 [INFO] 1 change detected
2026-05-11 21:01:16,234 [INFO] 1 change detected
2026-05-11 21:01:16,638 [INFO] 1 change detected
2026-05-11 21:01:16,993 [INFO] 4 changes detected
2026-05-11 21:01:17,348 [INFO] 1 change detected
2026-05-11 21:01:17,708 [INFO] 1 change detected
2026-05-11 21:01:18,065 [INFO] 1 change detected
2026-05-11 21:01:18,422 [INFO] 1 change detected
2026-05-11 21:01:18,833 [INFO] 1 change detected
2026-05-11 21:01:19,235 [INFO] 1 change detected
2026-05-11 21:01:19,640 [INFO] 1 change detected
2026-05-11 21:01:20,045 [INFO] 1 change detected
2026-05-11 21:01:20,451 [INFO] 1 change detected
2026-05-11 21:01:20,805 [INFO] 1 change detected
2026-05-11 21:01:21,215 [INFO] 1 change detected
2026-05-11 21:01:21,623 [INFO] 1 change detected
2026-05-11 21:01:21,976 [INFO] 4 changes detected
2026-05-11 21:01:22,334 [INFO] 1 change detected
2026-05-11 21:01:22,695 [INFO] 1 change detected
2026-05-11 21:01:23,051 [INFO] 1 change detected
2026-05-11 21:01:23,458 [INFO] 1 change detected
2026-05-11 21:01:23,864 [INFO] 1 change detected
2026-05-11 21:01:24,270 [INFO] 1 change detected
2026-05-11 21:01:24,677 [INFO] 1 change detected
2026-05-11 21:01:25,092 [INFO] 1 change detected
2026-05-11 21:01:25,450 [INFO] 1 change detected
2026-05-11 21:01:25,860 [INFO] 1 change detected
2026-05-11 21:01:26,270 [INFO] 1 change detected
2026-05-11 21:01:26,676 [INFO] 1 change detected
2026-05-11 21:01:27,031 [INFO] 4 changes detected
2026-05-11 21:01:27,389 [INFO] 1 change detected
2026-05-11 21:01:27,749 [INFO] 1 change detected
2026-05-11 21:01:28,108 [INFO] 1 change detected
2026-05-11 21:01:28,468 [INFO] 1 change detected
2026-05-11 21:01:28,829 [INFO] 1 change detected
2026-05-11 21:01:29,238 [INFO] 1 change detected
2026-05-11 21:01:29,647 [INFO] 1 change detected
2026-05-11 21:01:30,006 [INFO] 1 change detected
2026-05-11 21:01:30,420 [INFO] 1 change detected
2026-05-11 21:01:30,824 [INFO] 1 change detected
2026-05-11 21:01:31,233 [INFO] 1 change detected
2026-05-11 21:01:31,688 [INFO] 5 changes detected
2026-05-11 21:01:32,053 [INFO] 1 change detected
2026-05-11 21:01:32,463 [INFO] 1 change detected
2026-05-11 21:01:32,870 [INFO] 1 change detected
2026-05-11 21:01:33,275 [INFO] 1 change detected
2026-05-11 21:01:33,678 [INFO] 1 change detected
2026-05-11 21:01:34,084 [INFO] 1 change detected
2026-05-11 21:01:34,493 [INFO] 1 change detected
2026-05-11 21:01:34,897 [INFO] 1 change detected
2026-05-11 21:01:35,302 [INFO] 1 change detected
2026-05-11 21:01:35,707 [INFO] 1 change detected
2026-05-11 21:01:36,115 [INFO] 1 change detected
2026-05-11 21:01:36,523 [INFO] 1 change detected
2026-05-11 21:01:36,879 [INFO] 4 changes detected
2026-05-11 21:01:37,237 [INFO] 1 change detected
2026-05-11 21:01:37,596 [INFO] 1 change detected
2026-05-11 21:01:37,956 [INFO] 1 change detected
2026-05-11 21:01:38,366 [INFO] 1 change detected
2026-05-11 21:01:38,773 [INFO] 1 change detected
2026-05-11 21:01:39,181 [INFO] 1 change detected
2026-05-11 21:01:39,585 [INFO] 1 change detected
2026-05-11 21:01:39,990 [INFO] 1 change detected
2026-05-11 21:01:40,347 [INFO] 1 change detected
2026-05-11 21:01:40,754 [INFO] 1 change detected
2026-05-11 21:01:41,158 [INFO] 1 change detected
2026-05-11 21:01:41,564 [INFO] 1 change detected
2026-05-11 21:01:41,921 [INFO] 4 changes detected
2026-05-11 21:01:42,282 [INFO] 1 change detected
2026-05-11 21:01:42,643 [INFO] 1 change detected
2026-05-11 21:01:43,003 [INFO] 1 change detected
2026-05-11 21:01:43,416 [INFO] 1 change detected
2026-05-11 21:01:43,776 [INFO] 1 change detected
2026-05-11 21:01:44,188 [INFO] 1 change detected
2026-05-11 21:01:44,596 [INFO] 1 change detected
2026-05-11 21:01:45,005 [INFO] 1 change detected
2026-05-11 21:01:45,413 [INFO] 1 change detected
2026-05-11 21:01:45,822 [INFO] 1 change detected
2026-05-11 21:01:46,226 [INFO] 1 change detected
2026-05-11 21:01:46,734 [INFO] 5 changes detected
2026-05-11 21:01:47,150 [INFO] 1 change detected
2026-05-11 21:01:47,559 [INFO] 1 change detected
2026-05-11 21:01:47,964 [INFO] 1 change detected
2026-05-11 21:01:48,321 [INFO] 1 change detected
2026-05-11 21:01:48,734 [INFO] 1 change detected
2026-05-11 21:01:49,139 [INFO] 1 change detected
2026-05-11 21:01:49,544 [INFO] 1 change detected
2026-05-11 21:01:49,949 [INFO] 1 change detected
2026-05-11 21:01:50,353 [INFO] 1 change detected
2026-05-11 21:01:50,760 [INFO] 1 change detected
2026-05-11 21:01:51,169 [INFO] 1 change detected
2026-05-11 21:01:51,575 [INFO] 1 change detected
2026-05-11 21:01:51,932 [INFO] 4 changes detected
2026-05-11 21:01:52,295 [INFO] 1 change detected
2026-05-11 21:01:52,654 [INFO] 1 change detected
2026-05-11 21:01:53,014 [INFO] 1 change detected
2026-05-11 21:01:53,375 [INFO] 1 change detected
2026-05-11 21:01:53,737 [INFO] 1 change detected
2026-05-11 21:01:54,146 [INFO] 1 change detected
2026-05-11 21:01:54,503 [INFO] 1 change detected
2026-05-11 21:01:54,914 [INFO] 1 change detected
2026-05-11 21:01:55,320 [INFO] 1 change detected
2026-05-11 21:01:55,726 [INFO] 1 change detected
2026-05-11 21:01:56,133 [INFO] 1 change detected
2026-05-11 21:01:56,542 [INFO] 1 change detected
2026-05-11 21:01:56,948 [INFO] 5 changes detected
2026-05-11 21:01:57,356 [INFO] 1 change detected
2026-05-11 21:01:57,766 [INFO] 1 change detected
2026-05-11 21:01:58,126 [INFO] 1 change detected
2026-05-11 21:01:58,536 [INFO] 1 change detected
2026-05-11 21:01:58,942 [INFO] 1 change detected
2026-05-11 21:01:59,348 [INFO] 1 change detected
2026-05-11 21:01:59,756 [INFO] 1 change detected
2026-05-11 21:02:00,159 [INFO] 1 change detected
2026-05-11 21:02:00,565 [INFO] 1 change detected
2026-05-11 21:02:00,974 [INFO] 1 change detected
2026-05-11 21:02:01,381 [INFO] 1 change detected
2026-05-11 21:02:01,788 [INFO] 5 changes detected
2026-05-11 21:02:02,192 [INFO] 1 change detected
2026-05-11 21:02:02,597 [INFO] 1 change detected
2026-05-11 21:02:02,955 [INFO] 1 change detected
2026-05-11 21:02:03,365 [INFO] 1 change detected
2026-05-11 21:02:03,773 [INFO] 1 change detected
2026-05-11 21:02:04,181 [INFO] 1 change detected
2026-05-11 21:02:04,587 [INFO] 1 change detected
2026-05-11 21:02:04,946 [INFO] 1 change detected
2026-05-11 21:02:05,356 [INFO] 1 change detected
2026-05-11 21:02:05,763 [INFO] 1 change detected
2026-05-11 21:02:06,170 [INFO] 1 change detected
2026-05-11 21:02:06,578 [INFO] 1 change detected
2026-05-11 21:02:06,935 [INFO] 4 changes detected
2026-05-11 21:02:07,295 [INFO] 1 change detected
2026-05-11 21:02:07,655 [INFO] 1 change detected
2026-05-11 21:02:08,013 [INFO] 1 change detected
2026-05-11 21:02:08,369 [INFO] 1 change detected
2026-05-11 21:02:08,782 [INFO] 1 change detected
2026-05-11 21:02:09,189 [INFO] 1 change detected
2026-05-11 21:02:09,598 [INFO] 1 change detected
2026-05-11 21:02:10,006 [INFO] 1 change detected
2026-05-11 21:02:10,411 [INFO] 1 change detected
2026-05-11 21:02:10,819 [INFO] 1 change detected
2026-05-11 21:02:11,177 [INFO] 1 change detected
2026-05-11 21:02:11,585 [INFO] 1 change detected
2026-05-11 21:02:11,942 [INFO] 4 changes detected
2026-05-11 21:02:12,305 [INFO] 1 change detected
2026-05-11 21:02:12,664 [INFO] 1 change detected
2026-05-11 21:02:13,022 [INFO] 1 change detected
2026-05-11 21:02:13,383 [INFO] 1 change detected
2026-05-11 21:02:13,795 [INFO] 1 change detected
2026-05-11 21:02:14,206 [INFO] 1 change detected
2026-05-11 21:02:14,610 [INFO] 1 change detected
2026-05-11 21:02:15,015 [INFO] 1 change detected
2026-05-11 21:02:15,421 [INFO] 1 change detected
2026-05-11 21:02:15,829 [INFO] 1 change detected
2026-05-11 21:02:16,233 [INFO] 1 change detected
2026-05-11 21:02:16,739 [INFO] 5 changes detected
2026-05-11 21:02:17,152 [INFO] 1 change detected
2026-05-11 21:02:17,556 [INFO] 1 change detected
2026-05-11 21:02:17,963 [INFO] 1 change detected
2026-05-11 21:02:18,369 [INFO] 1 change detected
2026-05-11 21:02:18,775 [INFO] 1 change detected
2026-05-11 21:02:19,180 [INFO] 1 change detected
2026-05-11 21:02:19,536 [INFO] 1 change detected
2026-05-11 21:02:19,945 [INFO] 1 change detected
2026-05-11 21:02:20,348 [INFO] 1 change detected
2026-05-11 21:02:20,755 [INFO] 1 change detected
2026-05-11 21:02:21,161 [INFO] 1 change detected
2026-05-11 21:02:21,567 [INFO] 1 change detected
2026-05-11 21:02:21,968 [INFO] 5 changes detected
2026-05-11 21:02:22,373 [INFO] 1 change detected
2026-05-11 21:02:22,781 [INFO] 1 change detected
2026-05-11 21:02:23,185 [INFO] 1 change detected
2026-05-11 21:02:23,591 [INFO] 1 change detected
2026-05-11 21:02:23,996 [INFO] 1 change detected
2026-05-11 21:02:24,399 [INFO] 1 change detected
2026-05-11 21:02:24,803 [INFO] 1 change detected
2026-05-11 21:02:25,209 [INFO] 1 change detected
2026-05-11 21:02:25,615 [INFO] 1 change detected
2026-05-11 21:02:26,020 [INFO] 1 change detected
2026-05-11 21:02:26,425 [INFO] 1 change detected
2026-05-11 21:02:26,880 [INFO] 5 changes detected
2026-05-11 21:02:27,246 [INFO] 1 change detected
2026-05-11 21:02:27,658 [INFO] 1 change detected
2026-05-11 21:02:28,062 [INFO] 1 change detected
2026-05-11 21:02:28,466 [INFO] 1 change detected
2026-05-11 21:02:28,870 [INFO] 1 change detected
2026-05-11 21:02:29,278 [INFO] 1 change detected
2026-05-11 21:02:29,687 [INFO] 1 change detected
2026-05-11 21:02:30,091 [INFO] 1 change detected
2026-05-11 21:02:30,445 [INFO] 1 change detected
2026-05-11 21:02:30,855 [INFO] 1 change detected
2026-05-11 21:02:31,261 [INFO] 1 change detected
2026-05-11 21:02:31,666 [INFO] 1 change detected
2026-05-11 21:02:32,020 [INFO] 4 changes detected
2026-05-11 21:02:32,380 [INFO] 1 change detected
2026-05-11 21:02:32,736 [INFO] 1 change detected
2026-05-11 21:02:33,098 [INFO] 1 change detected
2026-05-11 21:02:33,505 [INFO] 1 change detected
2026-05-11 21:02:33,861 [INFO] 1 change detected
2026-05-11 21:02:34,268 [INFO] 1 change detected
2026-05-11 21:02:34,675 [INFO] 1 change detected
2026-05-11 21:02:35,081 [INFO] 1 change detected
2026-05-11 21:02:35,488 [INFO] 1 change detected
2026-05-11 21:02:35,892 [INFO] 1 change detected
2026-05-11 21:02:36,252 [INFO] 1 change detected
2026-05-11 21:02:36,762 [INFO] 5 changes detected
2026-05-11 21:02:37,164 [INFO] 1 change detected
2026-05-11 21:02:37,570 [INFO] 1 change detected
2026-05-11 21:02:37,977 [INFO] 1 change detected
2026-05-11 21:02:38,385 [INFO] 1 change detected
2026-05-11 21:02:38,790 [INFO] 1 change detected
2026-05-11 21:02:39,198 [INFO] 1 change detected
2026-05-11 21:02:39,601 [INFO] 1 change detected
2026-05-11 21:02:39,964 [INFO] 1 change detected
2026-05-11 21:02:40,373 [INFO] 1 change detected
2026-05-11 21:02:40,778 [INFO] 1 change detected
2026-05-11 21:02:41,184 [INFO] 1 change detected
2026-05-11 21:02:41,691 [INFO] 5 changes detected
2026-05-11 21:02:42,093 [INFO] 1 change detected
2026-05-11 21:02:42,497 [INFO] 1 change detected
2026-05-11 21:02:42,905 [INFO] 1 change detected
2026-05-11 21:02:43,309 [INFO] 1 change detected
2026-05-11 21:02:43,713 [INFO] 1 change detected
2026-05-11 21:02:44,119 [INFO] 1 change detected
2026-05-11 21:02:44,523 [INFO] 1 change detected
2026-05-11 21:02:44,930 [INFO] 1 change detected
2026-05-11 21:02:45,333 [INFO] 1 change detected
2026-05-11 21:02:45,740 [INFO] 1 change detected
2026-05-11 21:02:46,145 [INFO] 1 change detected
2026-05-11 21:02:46,502 [INFO] 1 change detected
2026-05-11 21:02:46,910 [INFO] 5 changes detected
2026-05-11 21:02:47,325 [INFO] 1 change detected
2026-05-11 21:02:47,734 [INFO] 1 change detected
2026-05-11 21:02:48,138 [INFO] 1 change detected
2026-05-11 21:02:48,544 [INFO] 1 change detected
2026-05-11 21:02:48,950 [INFO] 1 change detected
2026-05-11 21:02:49,354 [INFO] 1 change detected
2026-05-11 21:02:49,760 [INFO] 1 change detected
2026-05-11 21:02:50,166 [INFO] 1 change detected
2026-05-11 21:02:50,573 [INFO] 1 change detected
2026-05-11 21:02:50,978 [INFO] 1 change detected
2026-05-11 21:02:51,384 [INFO] 1 change detected
2026-05-11 21:02:51,790 [INFO] 1 change detected
2026-05-11 21:02:52,145 [INFO] 4 changes detected
2026-05-11 21:02:52,505 [INFO] 1 change detected
2026-05-11 21:02:52,859 [INFO] 1 change detected
2026-05-11 21:02:53,212 [INFO] 1 change detected
2026-05-11 21:02:53,575 [INFO] 1 change detected
2026-05-11 21:02:53,984 [INFO] 1 change detected
2026-05-11 21:02:54,389 [INFO] 1 change detected
2026-05-11 21:02:54,797 [INFO] 1 change detected
2026-05-11 21:02:55,199 [INFO] 1 change detected
2026-05-11 21:02:55,606 [INFO] 1 change detected
2026-05-11 21:02:55,964 [INFO] 1 change detected
2026-05-11 21:02:56,371 [INFO] 1 change detected
2026-05-11 21:02:56,877 [INFO] 5 changes detected
2026-05-11 21:02:57,243 [INFO] 1 change detected
2026-05-11 21:02:57,652 [INFO] 1 change detected
2026-05-11 21:02:58,057 [INFO] 1 change detected
2026-05-11 21:02:58,464 [INFO] 1 change detected
2026-05-11 21:02:58,869 [INFO] 1 change detected
2026-05-11 21:02:59,274 [INFO] 1 change detected
2026-05-11 21:02:59,682 [INFO] 1 change detected
2026-05-11 21:03:00,087 [INFO] 1 change detected
2026-05-11 21:03:00,495 [INFO] 1 change detected
2026-05-11 21:03:00,900 [INFO] 1 change detected
2026-05-11 21:03:01,306 [INFO] 1 change detected
2026-05-11 21:03:01,709 [INFO] 5 changes detected
2026-05-11 21:03:02,113 [INFO] 1 change detected
2026-05-11 21:03:02,518 [INFO] 1 change detected
2026-05-11 21:03:02,925 [INFO] 1 change detected
2026-05-11 21:03:03,334 [INFO] 1 change detected
2026-05-11 21:03:03,788 [INFO] 2 changes detected
2026-05-11 21:03:07,644 [INFO] 6 changes detected
2026-05-11 21:03:08,514 [INFO] 6 changes detected
2026-05-11 21:03:10,561 [INFO] Starting Air Quality AI server...
2026-05-11 21:03:10,563 [INFO] Database initialized.
2026-05-11 21:03:10,563 [INFO] Server ready at http://0.0.0.0:8000
2026-05-11 21:03:10,563 [INFO] Docs at http://localhost:8000/docs
2026-05-11 21:03:10,586 [INFO] 1 change detected
2026-05-11 21:03:10,939 [INFO] 1 change detected
2026-05-11 21:03:11,346 [INFO] 1 change detected
2026-05-11 21:03:11,751 [INFO] 5 changes detected
2026-05-11 21:03:12,106 [INFO] 1 change detected
2026-05-11 21:03:12,513 [INFO] 1 change detected
2026-05-11 21:03:12,922 [INFO] 1 change detected
2026-05-11 21:03:13,326 [INFO] 1 change detected
2026-05-11 21:03:13,730 [INFO] 1 change detected
2026-05-11 21:03:14,136 [INFO] 1 change detected
2026-05-11 21:03:14,543 [INFO] 1 change detected
2026-05-11 21:03:14,949 [INFO] 1 change detected
2026-05-11 21:03:15,354 [INFO] 1 change detected
2026-05-11 21:03:15,714 [INFO] 1 change detected
2026-05-11 21:03:16,123 [INFO] 1 change detected
2026-05-11 21:03:16,533 [INFO] 1 change detected
2026-05-11 21:03:16,890 [INFO] 5 changes detected
2026-05-11 21:03:17,302 [INFO] 1 change detected
2026-05-11 21:03:17,708 [INFO] 1 change detected
2026-05-11 21:03:18,117 [INFO] 1 change detected
2026-05-11 21:03:18,522 [INFO] 1 change detected
2026-05-11 21:03:18,926 [INFO] 1 change detected
2026-05-11 21:03:19,332 [INFO] 1 change detected
2026-05-11 21:03:19,740 [INFO] 1 change detected
2026-05-11 21:03:20,144 [INFO] 1 change detected
2026-05-11 21:03:20,549 [INFO] 1 change detected
2026-05-11 21:03:20,953 [INFO] 1 change detected
2026-05-11 21:03:21,358 [INFO] 1 change detected
2026-05-11 21:03:21,715 [INFO] 1 change detected
2026-05-11 21:03:22,073 [INFO] 4 changes detected
2026-05-11 21:03:22,430 [INFO] 1 change detected
2026-05-11 21:03:22,789 [INFO] 1 change detected
2026-05-11 21:03:23,149 [INFO] 1 change detected
2026-05-11 21:03:23,510 [INFO] 1 change detected
2026-05-11 21:03:23,868 [INFO] 1 change detected
2026-05-11 21:03:24,228 [INFO] 1 change detected
2026-05-11 21:03:24,639 [INFO] 1 change detected
2026-05-11 21:03:25,046 [INFO] 1 change detected
2026-05-11 21:03:25,451 [INFO] 1 change detected
2026-05-11 21:03:25,858 [INFO] 1 change detected
2026-05-11 21:03:26,262 [INFO] 1 change detected
2026-05-11 21:03:26,669 [INFO] 1 change detected
2026-05-11 21:03:27,028 [INFO] 4 changes detected
2026-05-11 21:03:27,387 [INFO] 1 change detected
2026-05-11 21:03:27,743 [INFO] 1 change detected
2026-05-11 21:03:28,101 [INFO] 1 change detected
2026-05-11 21:03:28,510 [INFO] 1 change detected
2026-05-11 21:03:28,917 [INFO] 1 change detected
2026-05-11 21:03:29,325 [INFO] 1 change detected
2026-05-11 21:03:29,728 [INFO] 1 change detected
2026-05-11 21:03:30,082 [INFO] 1 change detected
2026-05-11 21:03:30,492 [INFO] 1 change detected
2026-05-11 21:03:30,900 [INFO] 1 change detected
2026-05-11 21:03:31,305 [INFO] 1 change detected
2026-05-11 21:03:31,810 [INFO] 5 changes detected
2026-05-11 21:03:32,172 [INFO] 1 change detected
2026-05-11 21:03:32,584 [INFO] 1 change detected
2026-05-11 21:03:32,995 [INFO] 1 change detected
2026-05-11 21:03:33,401 [INFO] 1 change detected
2026-05-11 21:03:33,805 [INFO] 1 change detected
2026-05-11 21:03:34,212 [INFO] 1 change detected
2026-05-11 21:03:34,618 [INFO] 1 change detected
2026-05-11 21:03:34,973 [INFO] 1 change detected
2026-05-11 21:03:35,383 [INFO] 1 change detected
2026-05-11 21:03:35,791 [INFO] 1 change detected
2026-05-11 21:03:36,201 [INFO] 1 change detected
2026-05-11 21:03:36,606 [INFO] 1 change detected
2026-05-11 21:03:37,011 [INFO] 5 changes detected
2026-05-11 21:03:37,420 [INFO] 1 change detected
2026-05-11 21:03:37,832 [INFO] 1 change detected
2026-05-11 21:03:38,188 [INFO] 1 change detected
2026-05-11 21:03:38,599 [INFO] 1 change detected
2026-05-11 21:03:39,004 [INFO] 1 change detected
2026-05-11 21:03:39,413 [INFO] 1 change detected
2026-05-11 21:03:39,819 [INFO] 1 change detected
2026-05-11 21:03:40,226 [INFO] 1 change detected
2026-05-11 21:03:40,633 [INFO] 1 change detected
2026-05-11 21:03:41,040 [INFO] 1 change detected
2026-05-11 21:03:41,449 [INFO] 1 change detected
2026-05-11 21:03:41,853 [INFO] 5 changes detected
2026-05-11 21:03:42,262 [INFO] 1 change detected
2026-05-11 21:03:42,667 [INFO] 1 change detected
2026-05-11 21:03:43,027 [INFO] 1 change detected
2026-05-11 21:03:43,438 [INFO] 1 change detected
2026-05-11 21:03:43,843 [INFO] 1 change detected
2026-05-11 21:03:44,249 [INFO] 1 change detected
2026-05-11 21:03:44,655 [INFO] 1 change detected
2026-05-11 21:03:45,063 [INFO] 1 change detected
2026-05-11 21:03:45,470 [INFO] 1 change detected
2026-05-11 21:03:45,878 [INFO] 1 change detected
2026-05-11 21:03:46,284 [INFO] 1 change detected
2026-05-11 21:03:46,691 [INFO] 1 change detected
2026-05-11 21:03:47,048 [INFO] 4 changes detected
2026-05-11 21:03:47,408 [INFO] 1 change detected
2026-05-11 21:03:47,769 [INFO] 1 change detected
2026-05-11 21:03:48,131 [INFO] 1 change detected
2026-05-11 21:03:48,542 [INFO] 1 change detected
2026-05-11 21:03:48,951 [INFO] 1 change detected
2026-05-11 21:03:49,361 [INFO] 1 change detected
2026-05-11 21:03:49,768 [INFO] 1 change detected
2026-05-11 21:03:50,177 [INFO] 1 change detected
2026-05-11 21:03:50,583 [INFO] 1 change detected
2026-05-11 21:03:50,990 [INFO] 1 change detected
2026-05-11 21:03:51,396 [INFO] 1 change detected
2026-05-11 21:03:51,850 [INFO] 5 changes detected
2026-05-11 21:03:52,254 [INFO] 1 change detected
2026-05-11 21:03:52,661 [INFO] 1 change detected
2026-05-11 21:03:53,069 [INFO] 1 change detected
2026-05-11 21:03:53,477 [INFO] 1 change detected
2026-05-11 21:03:53,885 [INFO] 1 change detected
2026-05-11 21:03:54,243 [INFO] 1 change detected
2026-05-11 21:03:54,654 [INFO] 1 change detected
2026-05-11 21:03:55,058 [INFO] 1 change detected
2026-05-11 21:03:55,470 [INFO] 1 change detected
2026-05-11 21:03:55,877 [INFO] 1 change detected
2026-05-11 21:03:56,235 [INFO] 1 change detected
2026-05-11 21:03:56,646 [INFO] 1 change detected
2026-05-11 21:03:56,998 [INFO] 4 changes detected
2026-05-11 21:03:57,359 [INFO] 1 change detected
2026-05-11 21:03:57,719 [INFO] 1 change detected
2026-05-11 21:03:58,079 [INFO] 1 change detected
2026-05-11 21:03:58,491 [INFO] 1 change detected
2026-05-11 21:03:58,897 [INFO] 1 change detected
2026-05-11 21:03:59,307 [INFO] 1 change detected
2026-05-11 21:03:59,715 [INFO] 1 change detected
2026-05-11 21:04:00,122 [INFO] 1 change detected
2026-05-11 21:04:00,528 [INFO] 1 change detected
2026-05-11 21:04:00,932 [INFO] 1 change detected
2026-05-11 21:04:01,338 [INFO] 1 change detected
2026-05-11 21:04:01,746 [INFO] 1 change detected
2026-05-11 21:04:02,150 [INFO] 5 changes detected
2026-05-11 21:04:02,556 [INFO] 1 change detected
2026-05-11 21:04:02,963 [INFO] 1 change detected
2026-05-11 21:04:03,320 [INFO] 1 change detected
2026-05-11 21:04:03,732 [INFO] 1 change detected
2026-05-11 21:04:04,143 [INFO] 1 change detected
2026-05-11 21:04:04,554 [INFO] 1 change detected
2026-05-11 21:04:04,961 [INFO] 1 change detected
2026-05-11 21:04:05,368 [INFO] 1 change detected
2026-05-11 21:04:05,773 [INFO] 1 change detected
2026-05-11 21:04:06,182 [INFO] 1 change detected
2026-05-11 21:04:06,590 [INFO] 1 change detected
2026-05-11 21:04:07,047 [INFO] 5 changes detected
2026-05-11 21:04:07,452 [INFO] 1 change detected
2026-05-11 21:04:07,807 [INFO] 1 change detected
2026-05-11 21:04:08,218 [INFO] 1 change detected
2026-05-11 21:04:08,622 [INFO] 1 change detected
2026-05-11 21:04:09,029 [INFO] 1 change detected
2026-05-11 21:04:09,438 [INFO] 1 change detected
2026-05-11 21:04:09,845 [INFO] 1 change detected
2026-05-11 21:04:10,252 [INFO] 1 change detected
2026-05-11 21:04:10,658 [INFO] 1 change detected
2026-05-11 21:04:11,016 [INFO] 1 change detected
2026-05-11 21:04:11,428 [INFO] 1 change detected
2026-05-11 21:04:11,833 [INFO] 5 changes detected
2026-05-11 21:04:12,239 [INFO] 1 change detected
2026-05-11 21:04:12,645 [INFO] 1 change detected
2026-05-11 21:04:13,051 [INFO] 1 change detected
2026-05-11 21:04:13,407 [INFO] 1 change detected
2026-05-11 21:04:13,820 [INFO] 1 change detected
2026-05-11 21:04:14,227 [INFO] 1 change detected
2026-05-11 21:04:14,631 [INFO] 1 change detected
2026-05-11 21:04:15,037 [INFO] 1 change detected
2026-05-11 21:04:15,445 [INFO] 1 change detected
2026-05-11 21:04:15,850 [INFO] 1 change detected
2026-05-11 21:04:16,258 [INFO] 1 change detected
2026-05-11 21:04:16,662 [INFO] 1 change detected
2026-05-11 21:04:17,019 [INFO] 4 changes detected
2026-05-11 21:04:17,378 [INFO] 1 change detected
2026-05-11 21:04:17,739 [INFO] 1 change detected
2026-05-11 21:04:18,100 [INFO] 1 change detected
2026-05-11 21:04:18,461 [INFO] 1 change detected
2026-05-11 21:04:18,822 [INFO] 1 change detected
2026-05-11 21:04:19,232 [INFO] 1 change detected
2026-05-11 21:04:19,639 [INFO] 1 change detected
2026-05-11 21:04:20,046 [INFO] 1 change detected
2026-05-11 21:04:20,450 [INFO] 1 change detected
2026-05-11 21:04:20,858 [INFO] 1 change detected
2026-05-11 21:04:21,269 [INFO] 1 change detected
2026-05-11 21:04:21,675 [INFO] 1 change detected
2026-05-11 21:04:22,032 [INFO] 4 changes detected
2026-05-11 21:04:22,388 [INFO] 1 change detected
2026-05-11 21:04:22,750 [INFO] 1 change detected
2026-05-11 21:04:23,114 [INFO] 1 change detected
2026-05-11 21:04:23,525 [INFO] 1 change detected
2026-05-11 21:04:23,883 [INFO] 1 change detected
2026-05-11 21:04:24,297 [INFO] 1 change detected
2026-05-11 21:04:24,706 [INFO] 1 change detected
2026-05-11 21:04:25,114 [INFO] 1 change detected
2026-05-11 21:04:25,523 [INFO] 1 change detected
2026-05-11 21:04:25,927 [INFO] 1 change detected
2026-05-11 21:04:26,333 [INFO] 1 change detected
2026-05-11 21:04:26,739 [INFO] 1 change detected
2026-05-11 21:04:27,100 [INFO] 4 changes detected
2026-05-11 21:04:27,461 [INFO] 1 change detected
2026-05-11 21:04:27,822 [INFO] 1 change detected
2026-05-11 21:04:28,182 [INFO] 1 change detected
2026-05-11 21:04:28,541 [INFO] 1 change detected
2026-05-11 21:04:28,901 [INFO] 1 change detected
2026-05-11 21:04:29,260 [INFO] 1 change detected
2026-05-11 21:04:29,670 [INFO] 1 change detected
2026-05-11 21:04:30,076 [INFO] 1 change detected
2026-05-11 21:04:30,483 [INFO] 1 change detected
2026-05-11 21:04:30,889 [INFO] 1 change detected
2026-05-11 21:04:31,298 [INFO] 1 change detected
2026-05-11 21:04:31,753 [INFO] 5 changes detected
2026-05-11 21:04:32,158 [INFO] 1 change detected
2026-05-11 21:04:32,567 [INFO] 1 change detected
2026-05-11 21:04:32,974 [INFO] 1 change detected
2026-05-11 21:04:33,378 [INFO] 1 change detected
2026-05-11 21:04:33,785 [INFO] 1 change detected
2026-05-11 21:04:34,192 [INFO] 1 change detected
2026-05-11 21:04:34,601 [INFO] 1 change detected
2026-05-11 21:04:35,006 [INFO] 1 change detected
2026-05-11 21:04:35,413 [INFO] 1 change detected
2026-05-11 21:04:35,822 [INFO] 1 change detected
2026-05-11 21:04:36,228 [INFO] 1 change detected
2026-05-11 21:04:36,634 [INFO] 1 change detected
2026-05-11 21:04:36,987 [INFO] 4 changes detected
2026-05-11 21:04:37,349 [INFO] 1 change detected
2026-05-11 21:04:37,705 [INFO] 1 change detected
2026-05-11 21:04:38,063 [INFO] 1 change detected
2026-05-11 21:04:38,424 [INFO] 1 change detected
2026-05-11 21:04:38,833 [INFO] 1 change detected
2026-05-11 21:04:39,237 [INFO] 1 change detected
2026-05-11 21:04:39,646 [INFO] 1 change detected
2026-05-11 21:04:40,053 [INFO] 1 change detected
2026-05-11 21:04:40,411 [INFO] 1 change detected
2026-05-11 21:04:40,824 [INFO] 1 change detected
2026-05-11 21:04:41,231 [INFO] 1 change detected
2026-05-11 21:04:41,639 [INFO] 1 change detected
2026-05-11 21:04:41,994 [INFO] 4 changes detected
2026-05-11 21:04:42,352 [INFO] 1 change detected
2026-05-11 21:04:42,711 [INFO] 1 change detected
2026-05-11 21:04:43,072 [INFO] 1 change detected
2026-05-11 21:04:43,431 [INFO] 1 change detected
2026-05-11 21:04:43,842 [INFO] 1 change detected
2026-05-11 21:04:44,250 [INFO] 1 change detected
2026-05-11 21:04:44,657 [INFO] 1 change detected
2026-05-11 21:04:45,064 [INFO] 1 change detected
2026-05-11 21:04:45,520 [INFO] 1 change detected
2026-05-11 21:04:45,876 [INFO] 1 change detected
2026-05-11 21:04:46,288 [INFO] 1 change detected
2026-05-11 21:04:46,694 [INFO] 1 change detected
2026-05-11 21:04:47,051 [INFO] 4 changes detected
2026-05-11 21:04:47,413 [INFO] 1 change detected
2026-05-11 21:04:47,771 [INFO] 1 change detected
2026-05-11 21:04:48,131 [INFO] 1 change detected
2026-05-11 21:04:48,489 [INFO] 1 change detected
2026-05-11 21:04:48,852 [INFO] 1 change detected
2026-05-11 21:04:49,211 [INFO] 1 change detected
2026-05-11 21:04:49,621 [INFO] 1 change detected
2026-05-11 21:04:50,027 [INFO] 1 change detected
2026-05-11 21:04:50,435 [INFO] 1 change detected
2026-05-11 21:04:50,839 [INFO] 1 change detected
2026-05-11 21:04:51,247 [INFO] 1 change detected
2026-05-11 21:04:51,703 [INFO] 5 changes detected
2026-05-11 21:04:52,106 [INFO] 1 change detected
2026-05-11 21:04:52,512 [INFO] 1 change detected
2026-05-11 21:04:52,916 [INFO] 1 change detected
2026-05-11 21:04:53,322 [INFO] 1 change detected
2026-05-11 21:04:53,731 [INFO] 1 change detected
2026-05-11 21:04:54,136 [INFO] 1 change detected
2026-05-11 21:04:54,541 [INFO] 1 change detected
2026-05-11 21:04:54,952 [INFO] 1 change detected
2026-05-11 21:04:55,370 [INFO] 1 change detected
2026-05-11 21:04:55,777 [INFO] 1 change detected
2026-05-11 21:04:56,181 [INFO] 1 change detected
2026-05-11 21:04:56,586 [INFO] 1 change detected
2026-05-11 21:04:56,992 [INFO] 5 changes detected
2026-05-11 21:04:57,396 [INFO] 1 change detected
2026-05-11 21:04:57,802 [INFO] 1 change detected
2026-05-11 21:04:58,212 [INFO] 1 change detected
2026-05-11 21:04:58,616 [INFO] 1 change detected
2026-05-11 21:04:59,021 [INFO] 1 change detected
2026-05-11 21:04:59,430 [INFO] 1 change detected
2026-05-11 21:04:59,833 [INFO] 1 change detected
2026-05-11 21:05:00,239 [INFO] 1 change detected
2026-05-11 21:05:00,651 [INFO] 1 change detected
2026-05-11 21:05:01,009 [INFO] 1 change detected
2026-05-11 21:05:01,421 [INFO] 1 change detected
2026-05-11 21:05:01,832 [INFO] 5 changes detected
2026-05-11 21:05:02,235 [INFO] 1 change detected
2026-05-11 21:05:02,641 [INFO] 1 change detected
2026-05-11 21:05:03,000 [INFO] 1 change detected
2026-05-11 21:05:03,409 [INFO] 1 change detected
2026-05-11 21:05:03,816 [INFO] 1 change detected
2026-05-11 21:05:04,220 [INFO] 1 change detected
2026-05-11 21:05:04,628 [INFO] 1 change detected
2026-05-11 21:05:05,032 [INFO] 1 change detected
2026-05-11 21:05:05,437 [INFO] 1 change detected
2026-05-11 21:05:05,843 [INFO] 1 change detected
2026-05-11 21:05:06,250 [INFO] 1 change detected
2026-05-11 21:05:06,654 [INFO] 1 change detected
2026-05-11 21:05:07,009 [INFO] 4 changes detected
2026-05-11 21:05:07,367 [INFO] 1 change detected
2026-05-11 21:05:07,727 [INFO] 1 change detected
2026-05-11 21:05:08,084 [INFO] 1 change detected
2026-05-11 21:05:08,443 [INFO] 1 change detected
2026-05-11 21:05:08,804 [INFO] 1 change detected
2026-05-11 21:05:09,210 [INFO] 1 change detected
2026-05-11 21:05:09,616 [INFO] 1 change detected
2026-05-11 21:05:10,023 [INFO] 1 change detected
2026-05-11 21:05:10,425 [INFO] 1 change detected
2026-05-11 21:05:10,828 [INFO] 1 change detected
2026-05-11 21:05:11,235 [INFO] 1 change detected
2026-05-11 21:05:11,588 [INFO] 1 change detected
2026-05-11 21:05:11,947 [INFO] 4 changes detected
2026-05-11 21:05:12,309 [INFO] 1 change detected
2026-05-11 21:05:12,668 [INFO] 1 change detected
2026-05-11 21:05:13,027 [INFO] 1 change detected
2026-05-11 21:05:13,387 [INFO] 1 change detected
2026-05-11 21:05:13,794 [INFO] 1 change detected
2026-05-11 21:05:14,201 [INFO] 1 change detected
2026-05-11 21:05:14,605 [INFO] 1 change detected
2026-05-11 21:05:15,012 [INFO] 1 change detected
2026-05-11 21:05:15,417 [INFO] 1 change detected
2026-05-11 21:05:15,820 [INFO] 1 change detected
2026-05-11 21:05:16,225 [INFO] 1 change detected
2026-05-11 21:05:16,634 [INFO] 1 change detected
2026-05-11 21:05:16,992 [INFO] 4 changes detected
2026-05-11 21:05:17,348 [INFO] 1 change detected
2026-05-11 21:05:17,706 [INFO] 1 change detected
2026-05-11 21:05:18,064 [INFO] 1 change detected
2026-05-11 21:05:18,422 [INFO] 1 change detected
2026-05-11 21:05:18,833 [INFO] 1 change detected
2026-05-11 21:05:19,239 [INFO] 1 change detected
2026-05-11 21:05:19,645 [INFO] 1 change detected
2026-05-11 21:05:20,050 [INFO] 1 change detected
2026-05-11 21:05:20,457 [INFO] 1 change detected
2026-05-11 21:05:20,861 [INFO] 1 change detected
2026-05-11 21:05:21,214 [INFO] 1 change detected
2026-05-11 21:05:21,623 [INFO] 1 change detected
2026-05-11 21:05:21,979 [INFO] 4 changes detected
2026-05-11 21:05:22,332 [INFO] 1 change detected
2026-05-11 21:05:22,692 [INFO] 1 change detected
2026-05-11 21:05:23,048 [INFO] 1 change detected
2026-05-11 21:05:23,409 [INFO] 1 change detected
2026-05-11 21:05:23,766 [INFO] 1 change detected
2026-05-11 21:05:24,172 [INFO] 1 change detected
2026-05-11 21:05:24,581 [INFO] 1 change detected
2026-05-11 21:05:24,946 [INFO] 1 change detected
2026-05-11 21:05:25,353 [INFO] 1 change detected
2026-05-11 21:05:25,759 [INFO] 1 change detected
2026-05-11 21:05:26,161 [INFO] 1 change detected
2026-05-11 21:05:26,568 [INFO] 1 change detected
2026-05-11 21:05:26,975 [INFO] 5 changes detected
2026-05-11 21:05:27,380 [INFO] 1 change detected
2026-05-11 21:05:27,788 [INFO] 1 change detected
2026-05-11 21:05:28,193 [INFO] 1 change detected
2026-05-11 21:05:28,600 [INFO] 1 change detected
2026-05-11 21:05:28,957 [INFO] 1 change detected
2026-05-11 21:05:29,371 [INFO] 1 change detected
2026-05-11 21:05:29,777 [INFO] 1 change detected
2026-05-11 21:05:30,185 [INFO] 1 change detected
2026-05-11 21:05:30,589 [INFO] 1 change detected
2026-05-11 21:05:30,995 [INFO] 1 change detected
2026-05-11 21:05:31,402 [INFO] 1 change detected
2026-05-11 21:05:31,808 [INFO] 5 changes detected
2026-05-11 21:05:32,162 [INFO] 1 change detected
2026-05-11 21:05:32,521 [INFO] 1 change detected
2026-05-11 21:05:32,929 [INFO] 1 change detected
2026-05-11 21:05:33,337 [INFO] 1 change detected
2026-05-11 21:05:33,739 [INFO] 1 change detected
2026-05-11 21:05:34,145 [INFO] 1 change detected
2026-05-11 21:05:34,550 [INFO] 1 change detected
2026-05-11 21:05:34,955 [INFO] 1 change detected
2026-05-11 21:05:35,363 [INFO] 1 change detected
2026-05-11 21:05:35,769 [INFO] 1 change detected
2026-05-11 21:05:36,136 [INFO] 1 change detected
2026-05-11 21:05:36,545 [INFO] 1 change detected
2026-05-11 21:05:36,899 [INFO] 4 changes detected
2026-05-11 21:05:37,257 [INFO] 1 change detected
2026-05-11 21:05:37,619 [INFO] 1 change detected
2026-05-11 21:05:37,977 [INFO] 1 change detected
2026-05-11 21:05:38,387 [INFO] 1 change detected
2026-05-11 21:05:38,790 [INFO] 1 change detected
2026-05-11 21:05:39,205 [INFO] 1 change detected
2026-05-11 21:05:39,610 [INFO] 1 change detected
2026-05-11 21:05:40,016 [INFO] 1 change detected
2026-05-11 21:05:40,418 [INFO] 1 change detected
2026-05-11 21:05:40,823 [INFO] 1 change detected
2026-05-11 21:05:41,227 [INFO] 1 change detected
2026-05-11 21:05:41,635 [INFO] 1 change detected
2026-05-11 21:05:41,991 [INFO] 4 changes detected
2026-05-11 21:05:42,349 [INFO] 1 change detected
2026-05-11 21:05:42,708 [INFO] 1 change detected
2026-05-11 21:05:43,071 [INFO] 1 change detected
2026-05-11 21:05:43,430 [INFO] 1 change detected
2026-05-11 21:05:43,841 [INFO] 1 change detected
2026-05-11 21:05:44,250 [INFO] 1 change detected
2026-05-11 21:05:44,655 [INFO] 1 change detected
2026-05-11 21:05:45,061 [INFO] 1 change detected
2026-05-11 21:05:45,466 [INFO] 1 change detected
2026-05-11 21:05:45,871 [INFO] 1 change detected
2026-05-11 21:05:46,274 [INFO] 1 change detected
2026-05-11 21:05:46,681 [INFO] 1 change detected
2026-05-11 21:05:47,034 [INFO] 4 changes detected
2026-05-11 21:05:47,392 [INFO] 1 change detected
2026-05-11 21:05:47,752 [INFO] 1 change detected
2026-05-11 21:05:48,111 [INFO] 1 change detected
2026-05-11 21:05:48,520 [INFO] 1 change detected
2026-05-11 21:05:48,923 [INFO] 1 change detected
2026-05-11 21:05:49,332 [INFO] 1 change detected
2026-05-11 21:05:49,737 [INFO] 1 change detected
2026-05-11 21:05:50,144 [INFO] 1 change detected
2026-05-11 21:05:50,549 [INFO] 1 change detected
2026-05-11 21:05:50,952 [INFO] 1 change detected
2026-05-11 21:05:51,359 [INFO] 1 change detected
2026-05-11 21:05:51,864 [INFO] 5 changes detected
2026-05-11 21:05:52,272 [INFO] 1 change detected
2026-05-11 21:05:52,631 [INFO] 1 change detected
2026-05-11 21:05:53,039 [INFO] 1 change detected
2026-05-11 21:05:53,444 [INFO] 1 change detected
2026-05-11 21:05:53,851 [INFO] 1 change detected
2026-05-11 21:05:54,258 [INFO] 1 change detected
2026-05-11 21:05:54,664 [INFO] 1 change detected
2026-05-11 21:05:55,071 [INFO] 1 change detected
2026-05-11 21:05:55,477 [INFO] 1 change detected
2026-05-11 21:05:55,882 [INFO] 1 change detected
2026-05-11 21:05:56,285 [INFO] 1 change detected
2026-05-11 21:05:56,640 [INFO] 1 change detected
2026-05-11 21:05:57,002 [INFO] 4 changes detected
2026-05-11 21:05:57,362 [INFO] 1 change detected
2026-05-11 21:05:57,723 [INFO] 1 change detected
2026-05-11 21:05:58,081 [INFO] 1 change detected
2026-05-11 21:05:58,489 [INFO] 1 change detected
2026-05-11 21:05:58,897 [INFO] 1 change detected
2026-05-11 21:05:59,303 [INFO] 1 change detected
2026-05-11 21:05:59,710 [INFO] 1 change detected
2026-05-11 21:06:00,115 [INFO] 1 change detected
2026-05-11 21:06:00,482 [INFO] 1 change detected
2026-05-11 21:06:00,892 [INFO] 1 change detected
2026-05-11 21:06:01,297 [INFO] 1 change detected
2026-05-11 21:06:01,700 [INFO] 5 changes detected
2026-05-11 21:06:02,116 [INFO] 1 change detected
2026-05-11 21:06:02,522 [INFO] 1 change detected
2026-05-11 21:06:02,925 [INFO] 1 change detected
2026-05-11 21:06:03,331 [INFO] 1 change detected
2026-05-11 21:06:03,738 [INFO] 1 change detected
2026-05-11 21:06:04,143 [INFO] 1 change detected
2026-05-11 21:06:04,550 [INFO] 1 change detected
2026-05-11 21:06:04,954 [INFO] 1 change detected
2026-05-11 21:06:05,363 [INFO] 1 change detected
2026-05-11 21:06:05,768 [INFO] 1 change detected
2026-05-11 21:06:06,176 [INFO] 1 change detected
2026-05-11 21:06:06,581 [INFO] 1 change detected
2026-05-11 21:06:06,934 [INFO] 4 changes detected
2026-05-11 21:06:07,296 [INFO] 1 change detected
2026-05-11 21:06:07,653 [INFO] 1 change detected
2026-05-11 21:06:08,010 [INFO] 1 change detected
2026-05-11 21:06:08,367 [INFO] 1 change detected
2026-05-11 21:06:08,778 [INFO] 1 change detected
2026-05-11 21:06:09,183 [INFO] 1 change detected
2026-05-11 21:06:09,589 [INFO] 1 change detected
2026-05-11 21:06:09,993 [INFO] 1 change detected
2026-05-11 21:06:10,352 [INFO] 1 change detected
2026-05-11 21:06:10,763 [INFO] 1 change detected
2026-05-11 21:06:11,171 [INFO] 1 change detected
2026-05-11 21:06:11,575 [INFO] 1 change detected
2026-05-11 21:06:11,978 [INFO] 5 changes detected
2026-05-11 21:06:12,384 [INFO] 1 change detected
2026-05-11 21:06:12,790 [INFO] 1 change detected
2026-05-11 21:06:13,196 [INFO] 1 change detected
2026-05-11 21:06:13,600 [INFO] 1 change detected
2026-05-11 21:06:14,005 [INFO] 1 change detected
2026-05-11 21:06:14,411 [INFO] 1 change detected
2026-05-11 21:06:14,816 [INFO] 1 change detected
2026-05-11 21:06:15,224 [INFO] 1 change detected
2026-05-11 21:06:15,630 [INFO] 1 change detected
2026-05-11 21:06:16,037 [INFO] 1 change detected
2026-05-11 21:06:16,445 [INFO] 1 change detected
2026-05-11 21:06:16,851 [INFO] 5 changes detected
2026-05-11 21:06:17,256 [INFO] 1 change detected
2026-05-11 21:06:17,665 [INFO] 1 change detected
2026-05-11 21:06:18,068 [INFO] 1 change detected
2026-05-11 21:06:18,473 [INFO] 1 change detected
2026-05-11 21:06:18,879 [INFO] 1 change detected
2026-05-11 21:06:19,246 [INFO] 1 change detected
2026-05-11 21:06:19,658 [INFO] 1 change detected
2026-05-11 21:06:20,061 [INFO] 1 change detected
2026-05-11 21:06:20,468 [INFO] 1 change detected
2026-05-11 21:06:20,872 [INFO] 1 change detected
2026-05-11 21:06:21,281 [INFO] 1 change detected
2026-05-11 21:06:21,686 [INFO] 5 changes detected
2026-05-11 21:06:22,090 [INFO] 1 change detected
2026-05-11 21:06:22,496 [INFO] 1 change detected
2026-05-11 21:06:22,900 [INFO] 1 change detected
2026-05-11 21:06:23,306 [INFO] 1 change detected
2026-05-11 21:06:23,711 [INFO] 1 change detected
2026-05-11 21:06:24,118 [INFO] 1 change detected
2026-05-11 21:06:24,521 [INFO] 1 change detected
2026-05-11 21:06:24,928 [INFO] 1 change detected
2026-05-11 21:06:25,334 [INFO] 1 change detected
2026-05-11 21:06:25,743 [INFO] 1 change detected
2026-05-11 21:06:26,148 [INFO] 1 change detected
2026-05-11 21:06:26,552 [INFO] 1 change detected
2026-05-11 21:06:26,958 [INFO] 5 changes detected
2026-05-11 21:06:27,314 [INFO] 1 change detected
2026-05-11 21:06:27,672 [INFO] 1 change detected
2026-05-11 21:06:28,082 [INFO] 1 change detected
2026-05-11 21:06:28,486 [INFO] 1 change detected
2026-05-11 21:06:28,892 [INFO] 1 change detected
2026-05-11 21:06:29,297 [INFO] 1 change detected
2026-05-11 21:06:29,700 [INFO] 1 change detected
2026-05-11 21:06:30,106 [INFO] 1 change detected
2026-05-11 21:06:30,511 [INFO] 1 change detected
2026-05-11 21:06:30,919 [INFO] 1 change detected
2026-05-11 21:06:31,323 [INFO] 1 change detected
2026-05-11 21:06:31,729 [INFO] 5 changes detected
2026-05-11 21:06:32,132 [INFO] 1 change detected
2026-05-11 21:06:32,536 [INFO] 1 change detected
2026-05-11 21:06:32,940 [INFO] 1 change detected
2026-05-11 21:06:33,343 [INFO] 1 change detected
2026-05-11 21:06:33,751 [INFO] 1 change detected
2026-05-11 21:06:34,154 [INFO] 1 change detected
2026-05-11 21:06:34,563 [INFO] 1 change detected
2026-05-11 21:06:34,918 [INFO] 1 change detected
2026-05-11 21:06:35,327 [INFO] 1 change detected
2026-05-11 21:06:35,734 [INFO] 1 change detected
2026-05-11 21:06:36,143 [INFO] 1 change detected
2026-05-11 21:06:36,549 [INFO] 1 change detected
2026-05-11 21:06:36,906 [INFO] 4 changes detected
2026-05-11 21:06:37,266 [INFO] 1 change detected
2026-05-11 21:06:37,624 [INFO] 1 change detected
2026-05-11 21:06:37,985 [INFO] 1 change detected
2026-05-11 21:06:38,391 [INFO] 1 change detected
2026-05-11 21:06:38,797 [INFO] 1 change detected
2026-05-11 21:06:39,200 [INFO] 1 change detected
2026-05-11 21:06:39,609 [INFO] 1 change detected
2026-05-11 21:06:40,013 [INFO] 1 change detected
2026-05-11 21:06:40,420 [INFO] 1 change detected
2026-05-11 21:06:40,828 [INFO] 1 change detected
2026-05-11 21:06:41,236 [INFO] 1 change detected
2026-05-11 21:06:41,640 [INFO] 1 change detected
2026-05-11 21:06:41,997 [INFO] 4 changes detected
2026-05-11 21:06:42,355 [INFO] 1 change detected
2026-05-11 21:06:42,713 [INFO] 1 change detected
2026-05-11 21:06:43,072 [INFO] 1 change detected
2026-05-11 21:06:43,431 [INFO] 1 change detected
2026-05-11 21:06:43,841 [INFO] 1 change detected
2026-05-11 21:06:44,250 [INFO] 1 change detected
2026-05-11 21:06:44,658 [INFO] 1 change detected
2026-05-11 21:06:45,064 [INFO] 1 change detected
2026-05-11 21:06:45,469 [INFO] 1 change detected
2026-05-11 21:06:45,873 [INFO] 1 change detected
2026-05-11 21:06:46,276 [INFO] 1 change detected
2026-05-11 21:06:46,732 [INFO] 5 changes detected
2026-05-11 21:06:47,138 [INFO] 1 change detected
2026-05-11 21:06:47,546 [INFO] 1 change detected
2026-05-11 21:06:47,949 [INFO] 1 change detected
2026-05-11 21:06:48,352 [INFO] 1 change detected
2026-05-11 21:06:48,762 [INFO] 1 change detected
2026-05-11 21:06:49,166 [INFO] 1 change detected
2026-05-11 21:06:49,568 [INFO] 1 change detected
2026-05-11 21:06:49,974 [INFO] 1 change detected
2026-05-11 21:06:50,382 [INFO] 1 change detected
2026-05-11 21:06:50,786 [INFO] 1 change detected
2026-05-11 21:06:51,193 [INFO] 1 change detected
2026-05-11 21:06:51,599 [INFO] 1 change detected
2026-05-11 21:06:51,954 [INFO] 4 changes detected
2026-05-11 21:06:52,313 [INFO] 1 change detected
2026-05-11 21:06:52,674 [INFO] 1 change detected
2026-05-11 21:06:53,032 [INFO] 1 change detected
2026-05-11 21:06:53,389 [INFO] 1 change detected
2026-05-11 21:06:53,749 [INFO] 1 change detected
2026-05-11 21:06:54,156 [INFO] 1 change detected
2026-05-11 21:06:54,563 [INFO] 1 change detected
2026-05-11 21:06:54,969 [INFO] 1 change detected
2026-05-11 21:06:55,375 [INFO] 1 change detected
2026-05-11 21:06:55,778 [INFO] 1 change detected
2026-05-11 21:06:56,184 [INFO] 1 change detected
2026-05-11 21:06:56,589 [INFO] 1 change detected
2026-05-11 21:06:56,944 [INFO] 4 changes detected
2026-05-11 21:06:57,306 [INFO] 1 change detected
2026-05-11 21:06:57,665 [INFO] 1 change detected
2026-05-11 21:06:58,023 [INFO] 1 change detected
2026-05-11 21:06:58,383 [INFO] 1 change detected
2026-05-11 21:06:58,741 [INFO] 1 change detected
2026-05-11 21:06:59,146 [INFO] 1 change detected
2026-05-11 21:06:59,552 [INFO] 1 change detected
2026-05-11 21:06:59,958 [INFO] 1 change detected
2026-05-11 21:07:00,365 [INFO] 1 change detected
2026-05-11 21:07:00,770 [INFO] 1 change detected
2026-05-11 21:07:01,174 [INFO] 1 change detected
2026-05-11 21:07:01,581 [INFO] 1 change detected
2026-05-11 21:07:01,937 [INFO] 4 changes detected
2026-05-11 21:07:02,297 [INFO] 1 change detected
2026-05-11 21:07:02,656 [INFO] 1 change detected
2026-05-11 21:07:03,015 [INFO] 1 change detected
2026-05-11 21:07:03,376 [INFO] 1 change detected
2026-05-11 21:07:03,785 [INFO] 1 change detected
2026-05-11 21:07:04,190 [INFO] 1 change detected
2026-05-11 21:07:04,595 [INFO] 1 change detected
2026-05-11 21:07:05,001 [INFO] 1 change detected
2026-05-11 21:07:05,407 [INFO] 1 change detected
2026-05-11 21:07:05,816 [INFO] 1 change detected
2026-05-11 21:07:06,220 [INFO] 1 change detected
2026-05-11 21:07:06,627 [INFO] 1 change detected
2026-05-11 21:07:06,980 [INFO] 4 changes detected
2026-05-11 21:07:07,344 [INFO] 1 change detected
2026-05-11 21:07:07,703 [INFO] 1 change detected
2026-05-11 21:07:08,062 [INFO] 1 change detected
2026-05-11 21:07:08,420 [INFO] 1 change detected
2026-05-11 21:07:08,828 [INFO] 1 change detected
2026-05-11 21:07:09,234 [INFO] 1 change detected
2026-05-11 21:07:09,640 [INFO] 1 change detected
2026-05-11 21:07:10,046 [INFO] 1 change detected
2026-05-11 21:07:10,453 [INFO] 1 change detected
2026-05-11 21:07:10,861 [INFO] 1 change detected
2026-05-11 21:07:11,267 [INFO] 1 change detected
2026-05-11 21:07:11,673 [INFO] 1 change detected
2026-05-11 21:07:12,028 [INFO] 4 changes detected
2026-05-11 21:07:12,386 [INFO] 1 change detected
2026-05-11 21:07:12,745 [INFO] 1 change detected
2026-05-11 21:07:13,106 [INFO] 1 change detected
2026-05-11 21:07:13,468 [INFO] 1 change detected
2026-05-11 21:07:13,825 [INFO] 1 change detected
2026-05-11 21:07:14,233 [INFO] 1 change detected
2026-05-11 21:07:14,639 [INFO] 1 change detected
2026-05-11 21:07:15,045 [INFO] 1 change detected
2026-05-11 21:07:15,449 [INFO] 1 change detected
2026-05-11 21:07:15,857 [INFO] 1 change detected
2026-05-11 21:07:16,266 [INFO] 1 change detected
2026-05-11 21:07:16,719 [INFO] 5 changes detected
2026-05-11 21:07:17,126 [INFO] 1 change detected
2026-05-11 21:07:17,531 [INFO] 1 change detected
2026-05-11 21:07:17,936 [INFO] 1 change detected
2026-05-11 21:07:18,344 [INFO] 1 change detected
2026-05-11 21:07:18,748 [INFO] 1 change detected
2026-05-11 21:07:19,153 [INFO] 1 change detected
2026-05-11 21:07:19,560 [INFO] 1 change detected
2026-05-11 21:07:19,969 [INFO] 1 change detected
2026-05-11 21:07:20,382 [INFO] 1 change detected
2026-05-11 21:07:20,789 [INFO] 1 change detected
2026-05-11 21:07:21,146 [INFO] 1 change detected
2026-05-11 21:07:21,554 [INFO] 1 change detected
2026-05-11 21:07:21,915 [INFO] 4 changes detected
2026-05-11 21:07:22,274 [INFO] 1 change detected
2026-05-11 21:07:22,636 [INFO] 1 change detected
2026-05-11 21:07:22,994 [INFO] 1 change detected
2026-05-11 21:07:23,352 [INFO] 1 change detected
2026-05-11 21:07:23,761 [INFO] 1 change detected
2026-05-11 21:07:24,165 [INFO] 1 change detected
2026-05-11 21:07:24,571 [INFO] 1 change detected
2026-05-11 21:07:24,979 [INFO] 1 change detected
2026-05-11 21:07:25,383 [INFO] 1 change detected
2026-05-11 21:07:25,790 [INFO] 1 change detected
2026-05-11 21:07:26,200 [INFO] 1 change detected
2026-05-11 21:07:26,607 [INFO] 1 change detected
2026-05-11 21:07:26,963 [INFO] 4 changes detected
2026-05-11 21:07:27,324 [INFO] 1 change detected
2026-05-11 21:07:27,682 [INFO] 1 change detected
2026-05-11 21:07:28,046 [INFO] 1 change detected
2026-05-11 21:07:28,403 [INFO] 1 change detected
2026-05-11 21:07:28,761 [INFO] 1 change detected
2026-05-11 21:07:29,121 [INFO] 1 change detected
2026-05-11 21:07:29,532 [INFO] 1 change detected
2026-05-11 21:07:29,933 [INFO] 1 change detected
2026-05-11 21:07:30,342 [INFO] 1 change detected
2026-05-11 21:07:30,747 [INFO] 1 change detected
2026-05-11 21:07:31,154 [INFO] 1 change detected
2026-05-11 21:07:31,563 [INFO] 1 change detected
2026-05-11 21:07:31,920 [INFO] 4 changes detected
2026-05-11 21:07:32,278 [INFO] 1 change detected
2026-05-11 21:07:32,639 [INFO] 1 change detected
2026-05-11 21:07:32,998 [INFO] 1 change detected
2026-05-11 21:07:33,405 [INFO] 1 change detected
2026-05-11 21:07:33,762 [INFO] 1 change detected
2026-05-11 21:07:34,174 [INFO] 1 change detected
2026-05-11 21:07:34,582 [INFO] 1 change detected
2026-05-11 21:07:34,988 [INFO] 1 change detected
2026-05-11 21:07:35,396 [INFO] 1 change detected
2026-05-11 21:07:35,804 [INFO] 1 change detected
2026-05-11 21:07:36,210 [INFO] 1 change detected
2026-05-11 21:07:36,619 [INFO] 1 change detected
2026-05-11 21:07:36,974 [INFO] 4 changes detected
2026-05-11 21:07:37,335 [INFO] 1 change detected
2026-05-11 21:07:37,697 [INFO] 1 change detected
2026-05-11 21:07:38,059 [INFO] 1 change detected
2026-05-11 21:07:38,418 [INFO] 1 change detected
2026-05-11 21:07:38,775 [INFO] 1 change detected
2026-05-11 21:07:39,184 [INFO] 1 change detected
2026-05-11 21:07:39,592 [INFO] 1 change detected
2026-05-11 21:07:39,997 [INFO] 1 change detected
2026-05-11 21:07:40,401 [INFO] 1 change detected
2026-05-11 21:07:40,805 [INFO] 1 change detected
2026-05-11 21:07:41,211 [INFO] 1 change detected
2026-05-11 21:07:41,568 [INFO] 1 change detected
2026-05-11 21:07:41,927 [INFO] 4 changes detected
2026-05-11 21:07:42,285 [INFO] 1 change detected
2026-05-11 21:07:42,645 [INFO] 1 change detected
2026-05-11 21:07:43,006 [INFO] 1 change detected
2026-05-11 21:07:43,365 [INFO] 1 change detected
2026-05-11 21:07:43,724 [INFO] 1 change detected
2026-05-11 21:07:44,132 [INFO] 1 change detected
2026-05-11 21:07:44,538 [INFO] 1 change detected
2026-05-11 21:07:44,943 [INFO] 1 change detected
2026-05-11 21:07:45,347 [INFO] 1 change detected
2026-05-11 21:07:45,754 [INFO] 1 change detected
2026-05-11 21:07:46,109 [INFO] 1 change detected
2026-05-11 21:07:46,519 [INFO] 1 change detected
2026-05-11 21:07:46,873 [INFO] 4 changes detected
2026-05-11 21:07:47,232 [INFO] 1 change detected
2026-05-11 21:07:47,589 [INFO] 1 change detected
2026-05-11 21:07:47,946 [INFO] 1 change detected
2026-05-11 21:07:48,354 [INFO] 1 change detected
2026-05-11 21:07:48,758 [INFO] 1 change detected
2026-05-11 21:07:49,164 [INFO] 1 change detected
2026-05-11 21:07:49,571 [INFO] 1 change detected
2026-05-11 21:07:49,977 [INFO] 1 change detected
2026-05-11 21:07:50,386 [INFO] 1 change detected
2026-05-11 21:07:50,790 [INFO] 1 change detected
2026-05-11 21:07:51,195 [INFO] 1 change detected
2026-05-11 21:07:51,600 [INFO] 1 change detected
2026-05-11 21:07:51,952 [INFO] 4 changes detected
2026-05-11 21:07:52,312 [INFO] 1 change detected
2026-05-11 21:07:52,675 [INFO] 1 change detected
2026-05-11 21:07:53,031 [INFO] 1 change detected
2026-05-11 21:07:53,390 [INFO] 1 change detected
2026-05-11 21:07:53,750 [INFO] 1 change detected
2026-05-11 21:07:54,162 [INFO] 1 change detected
2026-05-11 21:07:54,570 [INFO] 1 change detected
2026-05-11 21:07:54,979 [INFO] 1 change detected
2026-05-11 21:07:55,337 [INFO] 1 change detected
2026-05-11 21:07:55,747 [INFO] 1 change detected
2026-05-11 21:07:56,154 [INFO] 1 change detected
2026-05-11 21:07:56,562 [INFO] 1 change detected
2026-05-11 21:07:56,917 [INFO] 4 changes detected
2026-05-11 21:07:57,273 [INFO] 1 change detected
2026-05-11 21:07:57,631 [INFO] 1 change detected
2026-05-11 21:07:57,993 [INFO] 1 change detected
2026-05-11 21:07:58,354 [INFO] 1 change detected
2026-05-11 21:07:58,766 [INFO] 1 change detected
2026-05-11 21:07:59,123 [INFO] 1 change detected
2026-05-11 21:07:59,535 [INFO] 1 change detected
2026-05-11 21:07:59,941 [INFO] 1 change detected
2026-05-11 21:08:00,346 [INFO] 1 change detected
2026-05-11 21:08:00,752 [INFO] 1 change detected
2026-05-11 21:08:01,159 [INFO] 1 change detected
2026-05-11 21:08:01,567 [INFO] 1 change detected
2026-05-11 21:08:01,922 [INFO] 4 changes detected
2026-05-11 21:08:02,283 [INFO] 1 change detected
2026-05-11 21:08:02,640 [INFO] 1 change detected
2026-05-11 21:08:02,999 [INFO] 1 change detected
2026-05-11 21:08:03,407 [INFO] 1 change detected
2026-05-11 21:08:03,815 [INFO] 1 change detected
2026-05-11 21:08:04,222 [INFO] 1 change detected
2026-05-11 21:08:04,627 [INFO] 1 change detected
2026-05-11 21:08:05,029 [INFO] 1 change detected
2026-05-11 21:08:05,386 [INFO] 1 change detected
2026-05-11 21:08:05,796 [INFO] 1 change detected
2026-05-11 21:08:06,203 [INFO] 1 change detected
2026-05-11 21:08:06,712 [INFO] 5 changes detected
2026-05-11 21:08:07,066 [INFO] 1 change detected
2026-05-11 21:08:07,475 [INFO] 1 change detected
2026-05-11 21:08:07,878 [INFO] 1 change detected
2026-05-11 21:08:08,284 [INFO] 1 change detected
2026-05-11 21:08:08,691 [INFO] 1 change detected
2026-05-11 21:08:09,098 [INFO] 1 change detected
2026-05-11 21:08:09,505 [INFO] 1 change detected
2026-05-11 21:08:09,912 [INFO] 1 change detected
2026-05-11 21:08:10,315 [INFO] 1 change detected
2026-05-11 21:08:10,722 [INFO] 1 change detected
2026-05-11 21:08:11,130 [INFO] 1 change detected
2026-05-11 21:08:11,535 [INFO] 1 change detected
2026-05-11 21:08:11,892 [INFO] 5 changes detected
2026-05-11 21:08:12,303 [INFO] 1 change detected
2026-05-11 21:08:12,713 [INFO] 1 change detected
2026-05-11 21:08:13,119 [INFO] 1 change detected
2026-05-11 21:08:13,523 [INFO] 1 change detected
2026-05-11 21:08:13,927 [INFO] 1 change detected
2026-05-11 21:08:14,336 [INFO] 1 change detected
2026-05-11 21:08:14,741 [INFO] 1 change detected
2026-05-11 21:08:15,149 [INFO] 1 change detected
2026-05-11 21:08:15,556 [INFO] 1 change detected
2026-05-11 21:08:15,964 [INFO] 1 change detected
2026-05-11 21:08:16,323 [INFO] 1 change detected
2026-05-11 21:08:16,734 [INFO] 5 changes detected
2026-05-11 21:08:17,139 [INFO] 1 change detected
2026-05-11 21:08:17,547 [INFO] 1 change detected
2026-05-11 21:08:17,952 [INFO] 1 change detected
2026-05-11 21:08:18,359 [INFO] 1 change detected
2026-05-11 21:08:18,765 [INFO] 1 change detected
2026-05-11 21:08:19,123 [INFO] 1 change detected
2026-05-11 21:08:19,538 [INFO] 1 change detected
2026-05-11 21:08:19,948 [INFO] 1 change detected
2026-05-11 21:08:20,356 [INFO] 1 change detected
2026-05-11 21:08:20,764 [INFO] 1 change detected
2026-05-11 21:08:21,117 [INFO] 1 change detected
2026-05-11 21:08:21,531 [INFO] 1 change detected
2026-05-11 21:08:21,895 [INFO] 4 changes detected
2026-05-11 21:08:22,255 [INFO] 1 change detected
2026-05-11 21:08:22,621 [INFO] 1 change detected
2026-05-11 21:08:22,979 [INFO] 1 change detected
2026-05-11 21:08:23,390 [INFO] 1 change detected
2026-05-11 21:08:23,794 [INFO] 1 change detected
2026-05-11 21:08:24,202 [INFO] 1 change detected
2026-05-11 21:08:24,614 [INFO] 1 change detected
2026-05-11 21:08:25,018 [INFO] 1 change detected
2026-05-11 21:08:25,422 [INFO] 1 change detected
2026-05-11 21:08:25,827 [INFO] 1 change detected
2026-05-11 21:08:26,234 [INFO] 1 change detected
2026-05-11 21:08:26,640 [INFO] 1 change detected
2026-05-11 21:08:26,993 [INFO] 4 changes detected
2026-05-11 21:08:27,352 [INFO] 1 change detected
2026-05-11 21:08:27,709 [INFO] 1 change detected
2026-05-11 21:08:28,064 [INFO] 1 change detected
2026-05-11 21:08:28,422 [INFO] 1 change detected
2026-05-11 21:08:28,782 [INFO] 1 change detected
2026-05-11 21:08:29,194 [INFO] 1 change detected
2026-05-11 21:08:29,601 [INFO] 1 change detected
2026-05-11 21:08:30,006 [INFO] 1 change detected
2026-05-11 21:08:30,410 [INFO] 1 change detected
2026-05-11 21:08:30,819 [INFO] 1 change detected
2026-05-11 21:08:31,226 [INFO] 1 change detected
2026-05-11 21:08:31,636 [INFO] 1 change detected
2026-05-11 21:08:31,993 [INFO] 4 changes detected
2026-05-11 21:08:32,356 [INFO] 1 change detected
2026-05-11 21:08:32,715 [INFO] 1 change detected
2026-05-11 21:08:33,077 [INFO] 1 change detected
2026-05-11 21:08:33,436 [INFO] 1 change detected
2026-05-11 21:08:33,797 [INFO] 1 change detected
2026-05-11 21:08:34,206 [INFO] 1 change detected
2026-05-11 21:08:34,609 [INFO] 1 change detected
2026-05-11 21:08:35,014 [INFO] 1 change detected
2026-05-11 21:08:35,420 [INFO] 1 change detected
2026-05-11 21:08:35,828 [INFO] 1 change detected
2026-05-11 21:08:36,234 [INFO] 1 change detected
2026-05-11 21:08:36,639 [INFO] 1 change detected
2026-05-11 21:08:36,995 [INFO] 4 changes detected
2026-05-11 21:08:37,357 [INFO] 1 change detected
2026-05-11 21:08:37,719 [INFO] 1 change detected
2026-05-11 21:08:38,079 [INFO] 1 change detected
2026-05-11 21:08:38,437 [INFO] 1 change detected
2026-05-11 21:08:38,849 [INFO] 1 change detected
2026-05-11 21:08:39,255 [INFO] 1 change detected
2026-05-11 21:08:39,658 [INFO] 1 change detected
2026-05-11 21:08:40,064 [INFO] 1 change detected
2026-05-11 21:08:40,472 [INFO] 1 change detected
2026-05-11 21:08:40,880 [INFO] 1 change detected
2026-05-11 21:08:41,288 [INFO] 1 change detected
2026-05-11 21:08:41,695 [INFO] 1 change detected
2026-05-11 21:08:42,052 [INFO] 4 changes detected
2026-05-11 21:08:42,413 [INFO] 1 change detected
2026-05-11 21:08:42,776 [INFO] 1 change detected
2026-05-11 21:08:43,136 [INFO] 1 change detected
2026-05-11 21:08:43,495 [INFO] 1 change detected
2026-05-11 21:08:43,857 [INFO] 1 change detected
2026-05-11 21:08:44,216 [INFO] 1 change detected
2026-05-11 21:08:44,626 [INFO] 1 change detected
2026-05-11 21:08:45,034 [INFO] 1 change detected
2026-05-11 21:08:45,442 [INFO] 1 change detected
2026-05-11 21:08:45,847 [INFO] 1 change detected
2026-05-11 21:08:46,254 [INFO] 1 change detected
2026-05-11 21:08:46,661 [INFO] 1 change detected
2026-05-11 21:08:47,016 [INFO] 4 changes detected
2026-05-11 21:08:47,376 [INFO] 1 change detected
2026-05-11 21:08:47,736 [INFO] 1 change detected
2026-05-11 21:08:48,100 [INFO] 1 change detected
2026-05-11 21:08:48,459 [INFO] 1 change detected
2026-05-11 21:08:48,869 [INFO] 1 change detected
2026-05-11 21:08:49,277 [INFO] 1 change detected
2026-05-11 21:08:49,682 [INFO] 1 change detected
2026-05-11 21:08:50,040 [INFO] 1 change detected
2026-05-11 21:08:50,452 [INFO] 1 change detected
2026-05-11 21:08:50,856 [INFO] 1 change detected
2026-05-11 21:08:51,259 [INFO] 1 change detected
2026-05-11 21:08:51,765 [INFO] 5 changes detected
2026-05-11 21:08:52,128 [INFO] 1 change detected
2026-05-11 21:08:52,541 [INFO] 1 change detected
2026-05-11 21:08:52,946 [INFO] 1 change detected
2026-05-11 21:08:53,353 [INFO] 1 change detected
2026-05-11 21:08:53,761 [INFO] 1 change detected
2026-05-11 21:08:54,169 [INFO] 1 change detected
2026-05-11 21:08:54,574 [INFO] 1 change detected
2026-05-11 21:08:54,979 [INFO] 1 change detected
2026-05-11 21:08:55,384 [INFO] 1 change detected
2026-05-11 21:08:55,789 [INFO] 1 change detected
2026-05-11 21:08:56,196 [INFO] 1 change detected
2026-05-11 21:08:56,600 [INFO] 1 change detected
2026-05-11 21:08:56,956 [INFO] 4 changes detected
2026-05-11 21:08:57,318 [INFO] 1 change detected
2026-05-11 21:08:57,677 [INFO] 1 change detected
2026-05-11 21:08:58,038 [INFO] 1 change detected
2026-05-11 21:08:58,395 [INFO] 1 change detected
2026-05-11 21:08:58,804 [INFO] 1 change detected
2026-05-11 21:08:59,209 [INFO] 1 change detected
2026-05-11 21:08:59,618 [INFO] 1 change detected
2026-05-11 21:09:00,026 [INFO] 1 change detected
2026-05-11 21:09:00,432 [INFO] 1 change detected
2026-05-11 21:09:00,836 [INFO] 1 change detected
2026-05-11 21:09:01,241 [INFO] 1 change detected
2026-05-11 21:09:01,598 [INFO] 1 change detected
2026-05-11 21:09:01,958 [INFO] 4 changes detected
2026-05-11 21:09:02,318 [INFO] 1 change detected
2026-05-11 21:09:02,680 [INFO] 1 change detected
2026-05-11 21:09:03,041 [INFO] 1 change detected
2026-05-11 21:09:03,404 [INFO] 1 change detected
2026-05-11 21:09:03,812 [INFO] 1 change detected
2026-05-11 21:09:04,218 [INFO] 1 change detected
2026-05-11 21:09:04,575 [INFO] 1 change detected
2026-05-11 21:09:04,989 [INFO] 1 change detected
2026-05-11 21:09:05,396 [INFO] 1 change detected
2026-05-11 21:09:05,803 [INFO] 1 change detected
2026-05-11 21:09:06,209 [INFO] 1 change detected
2026-05-11 21:09:06,567 [INFO] 1 change detected
2026-05-11 21:09:06,926 [INFO] 4 changes detected
2026-05-11 21:09:07,286 [INFO] 1 change detected
2026-05-11 21:09:07,647 [INFO] 1 change detected
2026-05-11 21:09:08,006 [INFO] 1 change detected
2026-05-11 21:09:08,415 [INFO] 1 change detected
2026-05-11 21:09:08,820 [INFO] 1 change detected
2026-05-11 21:09:09,225 [INFO] 1 change detected
2026-05-11 21:09:09,631 [INFO] 1 change detected
2026-05-11 21:09:10,037 [INFO] 1 change detected
2026-05-11 21:09:10,444 [INFO] 1 change detected
2026-05-11 21:09:10,852 [INFO] 1 change detected
2026-05-11 21:09:11,253 [INFO] 1 change detected
2026-05-11 21:09:11,659 [INFO] 1 change detected
2026-05-11 21:09:12,025 [INFO] 4 changes detected
2026-05-11 21:09:12,386 [INFO] 1 change detected
2026-05-11 21:09:12,745 [INFO] 1 change detected
2026-05-11 21:09:13,106 [INFO] 1 change detected
2026-05-11 21:09:13,466 [INFO] 1 change detected
2026-05-11 21:09:13,875 [INFO] 1 change detected
2026-05-11 21:09:14,282 [INFO] 1 change detected
2026-05-11 21:09:14,686 [INFO] 1 change detected
2026-05-11 21:09:15,091 [INFO] 1 change detected
2026-05-11 21:09:15,496 [INFO] 1 change detected
2026-05-11 21:09:15,903 [INFO] 1 change detected
2026-05-11 21:09:16,309 [INFO] 1 change detected
2026-05-11 21:09:16,716 [INFO] 1 change detected
2026-05-11 21:09:17,073 [INFO] 4 changes detected
2026-05-11 21:09:17,431 [INFO] 1 change detected
2026-05-11 21:09:17,788 [INFO] 1 change detected
2026-05-11 21:09:18,148 [INFO] 1 change detected
2026-05-11 21:09:18,508 [INFO] 1 change detected
2026-05-11 21:09:18,866 [INFO] 1 change detected
2026-05-11 21:09:19,273 [INFO] 1 change detected
2026-05-11 21:09:19,681 [INFO] 1 change detected
2026-05-11 21:09:20,088 [INFO] 1 change detected
2026-05-11 21:09:20,492 [INFO] 1 change detected
2026-05-11 21:09:20,898 [INFO] 1 change detected
2026-05-11 21:09:21,307 [INFO] 1 change detected
2026-05-11 21:09:21,762 [INFO] 5 changes detected
2026-05-11 21:09:22,177 [INFO] 1 change detected
2026-05-11 21:09:22,585 [INFO] 1 change detected
2026-05-11 21:09:22,990 [INFO] 1 change detected
2026-05-11 21:09:23,392 [INFO] 1 change detected
2026-05-11 21:09:23,797 [INFO] 1 change detected
2026-05-11 21:09:24,200 [INFO] 1 change detected
2026-05-11 21:09:24,560 [INFO] 1 change detected
2026-05-11 21:09:24,969 [INFO] 1 change detected
2026-05-11 21:09:25,377 [INFO] 1 change detected
2026-05-11 21:09:25,783 [INFO] 1 change detected
2026-05-11 21:09:26,187 [INFO] 1 change detected
2026-05-11 21:09:26,594 [INFO] 1 change detected
2026-05-11 21:09:26,950 [INFO] 4 changes detected
2026-05-11 21:09:27,309 [INFO] 1 change detected
2026-05-11 21:09:27,669 [INFO] 1 change detected
2026-05-11 21:09:28,029 [INFO] 1 change detected
2026-05-11 21:09:28,391 [INFO] 1 change detected
2026-05-11 21:09:28,800 [INFO] 1 change detected
2026-05-11 21:09:29,207 [INFO] 1 change detected
2026-05-11 21:09:29,563 [INFO] 1 change detected
2026-05-11 21:09:29,974 [INFO] 1 change detected
2026-05-11 21:09:30,379 [INFO] 1 change detected
2026-05-11 21:09:30,784 [INFO] 1 change detected
2026-05-11 21:09:31,190 [INFO] 1 change detected
2026-05-11 21:09:31,592 [INFO] 1 change detected
2026-05-11 21:09:31,996 [INFO] 5 changes detected
2026-05-11 21:09:32,351 [INFO] 1 change detected
2026-05-11 21:09:32,762 [INFO] 1 change detected
2026-05-11 21:09:33,168 [INFO] 1 change detected
2026-05-11 21:09:33,579 [INFO] 1 change detected
2026-05-11 21:09:33,982 [INFO] 1 change detected
2026-05-11 21:09:34,341 [INFO] 1 change detected
2026-05-11 21:09:34,751 [INFO] 1 change detected
2026-05-11 21:09:35,157 [INFO] 1 change detected
2026-05-11 21:09:35,564 [INFO] 1 change detected
2026-05-11 21:09:35,973 [INFO] 1 change detected
2026-05-11 21:09:36,375 [INFO] 1 change detected
2026-05-11 21:09:36,783 [INFO] 5 changes detected
2026-05-11 21:09:37,202 [INFO] 1 change detected
2026-05-11 21:09:37,568 [INFO] 1 change detected
2026-05-11 21:09:37,975 [INFO] 1 change detected
2026-05-11 21:09:38,391 [INFO] 1 change detected
2026-05-11 21:09:38,807 [INFO] 1 change detected
2026-05-11 21:09:39,158 [INFO] 1 change detected
2026-05-11 21:09:39,567 [INFO] 1 change detected
2026-05-11 21:09:39,975 [INFO] 1 change detected
2026-05-11 21:09:40,332 [INFO] 1 change detected
2026-05-11 21:09:40,745 [INFO] 1 change detected
2026-05-11 21:09:41,147 [INFO] 1 change detected
2026-05-11 21:09:41,652 [INFO] 5 changes detected
2026-05-11 21:09:42,066 [INFO] 1 change detected
2026-05-11 21:09:42,469 [INFO] 1 change detected
2026-05-11 21:09:42,824 [INFO] 1 change detected
2026-05-11 21:09:43,235 [INFO] 1 change detected
2026-05-11 21:09:43,642 [INFO] 1 change detected
2026-05-11 21:09:44,047 [INFO] 1 change detected
2026-05-11 21:09:44,450 [INFO] 1 change detected
2026-05-11 21:09:44,855 [INFO] 1 change detected
2026-05-11 21:09:45,262 [INFO] 1 change detected
2026-05-11 21:09:45,668 [INFO] 1 change detected
2026-05-11 21:09:46,072 [INFO] 1 change detected
2026-05-11 21:09:46,477 [INFO] 1 change detected
2026-05-11 21:09:46,833 [INFO] 5 changes detected
2026-05-11 21:09:47,245 [INFO] 1 change detected
2026-05-11 21:09:47,650 [INFO] 1 change detected
2026-05-11 21:09:48,058 [INFO] 1 change detected
2026-05-11 21:09:48,464 [INFO] 1 change detected
2026-05-11 21:09:48,867 [INFO] 1 change detected
2026-05-11 21:09:49,273 [INFO] 1 change detected
2026-05-11 21:09:49,627 [INFO] 1 change detected
2026-05-11 21:09:50,039 [INFO] 1 change detected
2026-05-11 21:09:50,448 [INFO] 1 change detected
2026-05-11 21:09:50,856 [INFO] 1 change detected
2026-05-11 21:09:51,216 [INFO] 1 change detected
2026-05-11 21:09:51,627 [INFO] 1 change detected
2026-05-11 21:09:51,984 [INFO] 4 changes detected
2026-05-11 21:09:52,341 [INFO] 1 change detected
2026-05-11 21:09:52,701 [INFO] 1 change detected
2026-05-11 21:09:53,062 [INFO] 1 change detected
2026-05-11 21:09:53,421 [INFO] 1 change detected
2026-05-11 21:09:53,782 [INFO] 1 change detected
2026-05-11 21:09:54,190 [INFO] 1 change detected
2026-05-11 21:09:54,597 [INFO] 1 change detected
2026-05-11 21:09:55,004 [INFO] 1 change detected
2026-05-11 21:09:55,409 [INFO] 1 change detected
2026-05-11 21:09:55,819 [INFO] 1 change detected
2026-05-11 21:09:56,223 [INFO] 1 change detected
2026-05-11 21:09:56,633 [INFO] 1 change detected
2026-05-11 21:09:56,990 [INFO] 4 changes detected
2026-05-11 21:09:57,350 [INFO] 1 change detected
2026-05-11 21:09:57,707 [INFO] 1 change detected
2026-05-11 21:09:58,062 [INFO] 1 change detected
2026-05-11 21:09:58,421 [INFO] 1 change detected
2026-05-11 21:09:58,783 [INFO] 1 change detected
2026-05-11 21:09:59,143 [INFO] 1 change detected
2026-05-11 21:09:59,554 [INFO] 1 change detected
2026-05-11 21:09:59,962 [INFO] 1 change detected
2026-05-11 21:10:00,369 [INFO] 1 change detected
2026-05-11 21:10:00,775 [INFO] 1 change detected
2026-05-11 21:10:01,181 [INFO] 1 change detected
2026-05-11 21:10:01,585 [INFO] 1 change detected
2026-05-11 21:10:01,943 [INFO] 4 changes detected
2026-05-11 21:10:02,301 [INFO] 1 change detected
2026-05-11 21:10:02,660 [INFO] 1 change detected
2026-05-11 21:10:03,022 [INFO] 1 change detected
2026-05-11 21:10:03,379 [INFO] 1 change detected
2026-05-11 21:10:03,740 [INFO] 1 change detected
2026-05-11 21:10:04,097 [INFO] 1 change detected
2026-05-11 21:10:04,509 [INFO] 1 change detected
2026-05-11 21:10:04,919 [INFO] 1 change detected
2026-05-11 21:10:05,327 [INFO] 1 change detected
2026-05-11 21:10:05,734 [INFO] 1 change detected
2026-05-11 21:10:06,141 [INFO] 1 change detected
2026-05-11 21:10:06,548 [INFO] 1 change detected
2026-05-11 21:10:06,955 [INFO] 5 changes detected
2026-05-11 21:10:07,364 [INFO] 1 change detected
2026-05-11 21:10:07,767 [INFO] 1 change detected
2026-05-11 21:10:08,176 [INFO] 1 change detected
2026-05-11 21:10:08,580 [INFO] 1 change detected
2026-05-11 21:10:08,988 [INFO] 1 change detected
2026-05-11 21:10:09,347 [INFO] 1 change detected
2026-05-11 21:10:09,757 [INFO] 1 change detected
2026-05-11 21:10:10,166 [INFO] 1 change detected
2026-05-11 21:10:10,575 [INFO] 1 change detected
2026-05-11 21:10:10,984 [INFO] 1 change detected
2026-05-11 21:10:11,390 [INFO] 1 change detected
2026-05-11 21:10:11,800 [INFO] 5 changes detected
2026-05-11 21:10:12,155 [INFO] 1 change detected
2026-05-11 21:10:12,518 [INFO] 1 change detected
2026-05-11 21:10:12,929 [INFO] 1 change detected
2026-05-11 21:10:13,338 [INFO] 1 change detected
2026-05-11 21:10:13,745 [INFO] 1 change detected
2026-05-11 21:10:14,152 [INFO] 1 change detected
2026-05-11 21:10:14,560 [INFO] 1 change detected
2026-05-11 21:10:14,964 [INFO] 1 change detected
2026-05-11 21:10:15,371 [INFO] 1 change detected
2026-05-11 21:10:15,778 [INFO] 1 change detected
2026-05-11 21:10:16,184 [INFO] 1 change detected
2026-05-11 21:10:16,593 [INFO] 1 change detected
2026-05-11 21:10:16,948 [INFO] 4 changes detected
2026-05-11 21:10:17,310 [INFO] 1 change detected
2026-05-11 21:10:17,669 [INFO] 1 change detected
2026-05-11 21:10:18,030 [INFO] 1 change detected
2026-05-11 21:10:18,392 [INFO] 1 change detected
2026-05-11 21:10:18,752 [INFO] 1 change detected
2026-05-11 21:10:19,167 [INFO] 1 change detected
2026-05-11 21:10:19,526 [INFO] 1 change detected
2026-05-11 21:10:19,984 [INFO] 1 change detected
2026-05-11 21:10:20,338 [INFO] 1 change detected
2026-05-11 21:10:20,748 [INFO] 1 change detected
2026-05-11 21:10:21,151 [INFO] 1 change detected
2026-05-11 21:10:21,554 [INFO] 1 change detected
2026-05-11 21:10:21,910 [INFO] 4 changes detected
2026-05-11 21:10:22,270 [INFO] 1 change detected
2026-05-11 21:10:22,629 [INFO] 1 change detected
2026-05-11 21:10:22,989 [INFO] 1 change detected
2026-05-11 21:10:23,350 [INFO] 1 change detected
2026-05-11 21:10:23,710 [INFO] 1 change detected
2026-05-11 21:10:24,122 [INFO] 1 change detected
2026-05-11 21:10:24,529 [INFO] 1 change detected
2026-05-11 21:10:24,934 [INFO] 1 change detected
2026-05-11 21:10:25,340 [INFO] 1 change detected
2026-05-11 21:10:25,746 [INFO] 1 change detected
2026-05-11 21:10:26,151 [INFO] 1 change detected
2026-05-11 21:10:26,506 [INFO] 1 change detected
2026-05-11 21:10:26,916 [INFO] 5 changes detected
2026-05-11 21:10:27,320 [INFO] 1 change detected
2026-05-11 21:10:27,726 [INFO] 1 change detected
2026-05-11 21:10:28,134 [INFO] 1 change detected
2026-05-11 21:10:28,541 [INFO] 1 change detected
2026-05-11 21:10:28,947 [INFO] 1 change detected
2026-05-11 21:10:29,355 [INFO] 1 change detected
2026-05-11 21:10:29,761 [INFO] 1 change detected
2026-05-11 21:10:30,167 [INFO] 1 change detected
2026-05-11 21:10:30,576 [INFO] 1 change detected
2026-05-11 21:10:30,984 [INFO] 1 change detected
2026-05-11 21:10:31,386 [INFO] 1 change detected
2026-05-11 21:10:31,790 [INFO] 5 changes detected
2026-05-11 21:10:32,196 [INFO] 1 change detected
2026-05-11 21:10:32,605 [INFO] 1 change detected
2026-05-11 21:10:33,011 [INFO] 1 change detected
2026-05-11 21:10:33,418 [INFO] 1 change detected
2026-05-11 21:10:33,824 [INFO] 1 change detected
2026-05-11 21:10:34,228 [INFO] 1 change detected
2026-05-11 21:10:34,585 [INFO] 1 change detected
2026-05-11 21:10:34,995 [INFO] 1 change detected
2026-05-11 21:10:35,400 [INFO] 1 change detected
2026-05-11 21:10:35,804 [INFO] 1 change detected
2026-05-11 21:10:36,212 [INFO] 1 change detected
2026-05-11 21:10:36,621 [INFO] 1 change detected
2026-05-11 21:10:36,977 [INFO] 4 changes detected
2026-05-11 21:10:37,336 [INFO] 1 change detected
2026-05-11 21:10:37,694 [INFO] 1 change detected
2026-05-11 21:10:38,054 [INFO] 1 change detected
2026-05-11 21:10:38,463 [INFO] 1 change detected
2026-05-11 21:10:38,869 [INFO] 1 change detected
2026-05-11 21:10:39,225 [INFO] 1 change detected
2026-05-11 21:10:39,634 [INFO] 1 change detected
2026-05-11 21:10:40,039 [INFO] 1 change detected
2026-05-11 21:10:40,444 [INFO] 1 change detected
2026-05-11 21:10:40,851 [INFO] 1 change detected
2026-05-11 21:10:41,259 [INFO] 1 change detected
2026-05-11 21:10:41,762 [INFO] 5 changes detected
2026-05-11 21:10:42,127 [INFO] 1 change detected
2026-05-11 21:10:42,536 [INFO] 1 change detected
2026-05-11 21:10:42,944 [INFO] 1 change detected
2026-05-11 21:10:43,347 [INFO] 1 change detected
2026-05-11 21:10:43,753 [INFO] 1 change detected
2026-05-11 21:10:44,156 [INFO] 1 change detected
2026-05-11 21:10:44,565 [INFO] 1 change detected
2026-05-11 21:10:44,971 [INFO] 1 change detected
2026-05-11 21:10:45,377 [INFO] 1 change detected
2026-05-11 21:10:45,783 [INFO] 1 change detected
2026-05-11 21:10:46,187 [INFO] 1 change detected
2026-05-11 21:10:46,546 [INFO] 1 change detected
2026-05-11 21:10:46,907 [INFO] 4 changes detected
2026-05-11 21:10:47,267 [INFO] 1 change detected
2026-05-11 21:10:47,628 [INFO] 1 change detected
2026-05-11 21:10:47,987 [INFO] 1 change detected
2026-05-11 21:10:48,395 [INFO] 1 change detected
2026-05-11 21:10:48,801 [INFO] 1 change detected
2026-05-11 21:10:49,207 [INFO] 1 change detected
2026-05-11 21:10:49,613 [INFO] 1 change detected
2026-05-11 21:10:50,020 [INFO] 1 change detected
2026-05-11 21:10:50,386 [INFO] 1 change detected
2026-05-11 21:10:50,800 [INFO] 1 change detected
2026-05-11 21:10:51,205 [INFO] 1 change detected
2026-05-11 21:10:51,710 [INFO] 5 changes detected
2026-05-11 21:10:52,075 [INFO] 1 change detected
2026-05-11 21:10:52,485 [INFO] 1 change detected
2026-05-11 21:10:52,893 [INFO] 1 change detected
2026-05-11 21:10:53,300 [INFO] 1 change detected
2026-05-11 21:10:53,706 [INFO] 1 change detected
2026-05-11 21:10:54,062 [INFO] 1 change detected
2026-05-11 21:10:54,469 [INFO] 1 change detected
2026-05-11 21:10:54,924 [INFO] 1 change detected
2026-05-11 21:10:55,290 [INFO] 1 change detected
2026-05-11 21:10:55,701 [INFO] 1 change detected
2026-05-11 21:10:56,105 [INFO] 1 change detected
2026-05-11 21:10:56,509 [INFO] 1 change detected
2026-05-11 21:10:56,918 [INFO] 5 changes detected
2026-05-11 21:10:57,327 [INFO] 1 change detected
2026-05-11 21:10:57,732 [INFO] 1 change detected
2026-05-11 21:10:58,092 [INFO] 1 change detected
2026-05-11 21:10:58,501 [INFO] 1 change detected
2026-05-11 21:10:58,910 [INFO] 1 change detected
2026-05-11 21:10:59,315 [INFO] 1 change detected
2026-05-11 21:10:59,725 [INFO] 1 change detected
2026-05-11 21:11:00,134 [INFO] 1 change detected
2026-05-11 21:11:00,543 [INFO] 1 change detected
2026-05-11 21:11:00,948 [INFO] 1 change detected
2026-05-11 21:11:01,353 [INFO] 1 change detected
2026-05-11 21:11:01,809 [INFO] 5 changes detected
2026-05-11 21:11:02,226 [INFO] 1 change detected
2026-05-11 21:11:02,633 [INFO] 1 change detected
2026-05-11 21:11:03,041 [INFO] 1 change detected
2026-05-11 21:11:03,446 [INFO] 1 change detected
2026-05-11 21:11:03,850 [INFO] 1 change detected
2026-05-11 21:11:04,257 [INFO] 1 change detected
2026-05-11 21:11:04,615 [INFO] 1 change detected
2026-05-11 21:11:05,025 [INFO] 1 change detected
2026-05-11 21:11:05,428 [INFO] 1 change detected
2026-05-11 21:11:05,837 [INFO] 1 change detected
2026-05-11 21:11:06,243 [INFO] 1 change detected
2026-05-11 21:11:06,647 [INFO] 1 change detected
2026-05-11 21:11:07,003 [INFO] 4 changes detected
2026-05-11 21:11:07,362 [INFO] 1 change detected
2026-05-11 21:11:07,721 [INFO] 1 change detected
2026-05-11 21:11:08,081 [INFO] 1 change detected
2026-05-11 21:11:08,441 [INFO] 1 change detected
2026-05-11 21:11:08,849 [INFO] 1 change detected
2026-05-11 21:11:09,255 [INFO] 1 change detected
2026-05-11 21:11:09,663 [INFO] 1 change detected
2026-05-11 21:11:10,068 [INFO] 1 change detected
2026-05-11 21:11:10,472 [INFO] 1 change detected
2026-05-11 21:11:10,874 [INFO] 1 change detected
2026-05-11 21:11:11,281 [INFO] 1 change detected
2026-05-11 21:11:11,738 [INFO] 5 changes detected
2026-05-11 21:11:12,140 [INFO] 1 change detected
2026-05-11 21:11:12,496 [INFO] 1 change detected
2026-05-11 21:11:12,904 [INFO] 1 change detected
2026-05-11 21:11:13,309 [INFO] 1 change detected
2026-05-11 21:11:13,713 [INFO] 1 change detected
2026-05-11 21:11:14,121 [INFO] 1 change detected
2026-05-11 21:11:14,527 [INFO] 1 change detected
2026-05-11 21:11:14,932 [INFO] 1 change detected
2026-05-11 21:11:15,339 [INFO] 1 change detected
2026-05-11 21:11:15,745 [INFO] 1 change detected
2026-05-11 21:11:16,150 [INFO] 1 change detected
2026-05-11 21:11:16,556 [INFO] 1 change detected
2026-05-11 21:11:16,912 [INFO] 4 changes detected
2026-05-11 21:11:17,274 [INFO] 1 change detected
2026-05-11 21:11:17,633 [INFO] 1 change detected
2026-05-11 21:11:17,991 [INFO] 1 change detected
2026-05-11 21:11:18,353 [INFO] 1 change detected
2026-05-11 21:11:18,716 [INFO] 1 change detected
2026-05-11 21:11:19,126 [INFO] 1 change detected
2026-05-11 21:11:19,532 [INFO] 1 change detected
2026-05-11 21:11:19,937 [INFO] 1 change detected
2026-05-11 21:11:20,343 [INFO] 1 change detected
2026-05-11 21:11:20,749 [INFO] 1 change detected
2026-05-11 21:11:21,105 [INFO] 1 change detected
2026-05-11 21:11:21,514 [INFO] 1 change detected
2026-05-11 21:11:21,919 [INFO] 5 changes detected
2026-05-11 21:11:22,324 [INFO] 1 change detected
2026-05-11 21:11:22,731 [INFO] 1 change detected
2026-05-11 21:11:23,135 [INFO] 1 change detected
2026-05-11 21:11:23,543 [INFO] 1 change detected
2026-05-11 21:11:23,947 [INFO] 1 change detected
2026-05-11 21:11:24,351 [INFO] 1 change detected
2026-05-11 21:11:24,759 [INFO] 1 change detected
2026-05-11 21:11:25,165 [INFO] 1 change detected
2026-05-11 21:11:25,522 [INFO] 1 change detected
2026-05-11 21:11:25,933 [INFO] 1 change detected
2026-05-11 21:11:26,340 [INFO] 1 change detected
2026-05-11 21:11:26,796 [INFO] 5 changes detected
2026-05-11 21:11:27,198 [INFO] 1 change detected
2026-05-11 21:11:27,599 [INFO] 1 change detected
2026-05-11 21:11:28,006 [INFO] 1 change detected
2026-05-11 21:11:28,410 [INFO] 1 change detected
2026-05-11 21:11:28,817 [INFO] 1 change detected
2026-05-11 21:11:29,220 [INFO] 1 change detected
2026-05-11 21:11:29,631 [INFO] 1 change detected
2026-05-11 21:11:30,035 [INFO] 1 change detected
2026-05-11 21:11:30,439 [INFO] 1 change detected
2026-05-11 21:11:30,845 [INFO] 1 change detected
2026-05-11 21:11:31,251 [INFO] 1 change detected
2026-05-11 21:11:31,658 [INFO] 1 change detected
2026-05-11 21:11:32,011 [INFO] 4 changes detected
2026-05-11 21:11:32,370 [INFO] 1 change detected
2026-05-11 21:11:32,727 [INFO] 1 change detected
2026-05-11 21:11:33,088 [INFO] 1 change detected
2026-05-11 21:11:33,448 [INFO] 1 change detected
2026-05-11 21:11:33,805 [INFO] 1 change detected
2026-05-11 21:11:34,213 [INFO] 1 change detected
2026-05-11 21:11:34,619 [INFO] 1 change detected
2026-05-11 21:11:35,024 [INFO] 1 change detected
2026-05-11 21:11:35,430 [INFO] 1 change detected
2026-05-11 21:11:35,835 [INFO] 1 change detected
2026-05-11 21:11:36,242 [INFO] 1 change detected
2026-05-11 21:11:36,597 [INFO] 1 change detected
2026-05-11 21:11:36,956 [INFO] 4 changes detected
2026-05-11 21:11:37,316 [INFO] 1 change detected
2026-05-11 21:11:37,675 [INFO] 1 change detected
2026-05-11 21:11:38,032 [INFO] 1 change detected
2026-05-11 21:11:38,387 [INFO] 1 change detected
2026-05-11 21:11:38,744 [INFO] 1 change detected
2026-05-11 21:11:39,154 [INFO] 1 change detected
2026-05-11 21:11:39,558 [INFO] 1 change detected
2026-05-11 21:11:39,964 [INFO] 1 change detected
2026-05-11 21:11:40,371 [INFO] 1 change detected
2026-05-11 21:11:40,775 [INFO] 1 change detected
2026-05-11 21:11:41,179 [INFO] 1 change detected
2026-05-11 21:11:41,586 [INFO] 1 change detected
2026-05-11 21:11:41,942 [INFO] 4 changes detected
2026-05-11 21:11:42,299 [INFO] 1 change detected
2026-05-11 21:11:42,658 [INFO] 1 change detected
2026-05-11 21:11:43,015 [INFO] 1 change detected
2026-05-11 21:11:43,375 [INFO] 1 change detected
2026-05-11 21:11:43,784 [INFO] 1 change detected
2026-05-11 21:11:44,190 [INFO] 1 change detected
2026-05-11 21:11:44,595 [INFO] 1 change detected
2026-05-11 21:11:44,949 [INFO] 1 change detected
2026-05-11 21:11:45,359 [INFO] 1 change detected
2026-05-11 21:11:45,764 [INFO] 1 change detected
2026-05-11 21:11:46,169 [INFO] 1 change detected
2026-05-11 21:11:46,576 [INFO] 1 change detected
2026-05-11 21:11:46,934 [INFO] 4 changes detected
2026-05-11 21:11:47,291 [INFO] 1 change detected
2026-05-11 21:11:47,653 [INFO] 1 change detected
2026-05-11 21:11:48,013 [INFO] 1 change detected
2026-05-11 21:11:48,375 [INFO] 1 change detected
2026-05-11 21:11:48,733 [INFO] 1 change detected
2026-05-11 21:11:49,094 [INFO] 1 change detected
2026-05-11 21:11:49,451 [INFO] 1 change detected
2026-05-11 21:11:49,869 [INFO] 1 change detected
2026-05-11 21:11:50,272 [INFO] 1 change detected
2026-05-11 21:11:50,679 [INFO] 1 change detected
2026-05-11 21:11:51,084 [INFO] 1 change detected
2026-05-11 21:11:51,490 [INFO] 1 change detected
2026-05-11 21:11:51,845 [INFO] 4 changes detected
2026-05-11 21:11:52,204 [INFO] 1 change detected
2026-05-11 21:11:52,566 [INFO] 1 change detected
2026-05-11 21:11:52,926 [INFO] 1 change detected
2026-05-11 21:11:53,283 [INFO] 1 change detected
2026-05-11 21:11:53,695 [INFO] 1 change detected
2026-05-11 21:11:54,099 [INFO] 1 change detected
2026-05-11 21:11:54,507 [INFO] 1 change detected
2026-05-11 21:11:54,913 [INFO] 1 change detected
2026-05-11 21:11:55,322 [INFO] 1 change detected
2026-05-11 21:11:55,678 [INFO] 1 change detected
2026-05-11 21:11:56,087 [INFO] 1 change detected
2026-05-11 21:11:56,496 [INFO] 1 change detected
2026-05-11 21:11:56,900 [INFO] 5 changes detected
2026-05-11 21:11:57,302 [INFO] 1 change detected
2026-05-11 21:11:57,705 [INFO] 1 change detected
2026-05-11 21:11:58,107 [INFO] 1 change detected
2026-05-11 21:11:58,515 [INFO] 1 change detected
2026-05-11 21:11:58,921 [INFO] 1 change detected
2026-05-11 21:11:59,326 [INFO] 1 change detected
2026-05-11 21:11:59,682 [INFO] 1 change detected
2026-05-11 21:12:00,093 [INFO] 1 change detected
2026-05-11 21:12:00,501 [INFO] 1 change detected
2026-05-11 21:12:00,907 [INFO] 1 change detected
2026-05-11 21:12:01,313 [INFO] 1 change detected
2026-05-11 21:12:01,820 [INFO] 5 changes detected
2026-05-11 21:12:02,232 [INFO] 1 change detected
2026-05-11 21:12:02,588 [INFO] 1 change detected
2026-05-11 21:12:02,996 [INFO] 1 change detected
2026-05-11 21:12:03,403 [INFO] 1 change detected
2026-05-11 21:12:03,808 [INFO] 1 change detected
2026-05-11 21:12:04,216 [INFO] 1 change detected
2026-05-11 21:12:04,624 [INFO] 1 change detected
2026-05-11 21:12:05,026 [INFO] 1 change detected
2026-05-11 21:12:05,433 [INFO] 1 change detected
2026-05-11 21:12:05,838 [INFO] 1 change detected
2026-05-11 21:12:06,255 [INFO] 1 change detected
2026-05-11 21:12:06,662 [INFO] 1 change detected
2026-05-11 21:12:07,013 [INFO] 4 changes detected
2026-05-11 21:12:07,374 [INFO] 1 change detected
2026-05-11 21:12:07,729 [INFO] 1 change detected
2026-05-11 21:12:08,089 [INFO] 1 change detected
2026-05-11 21:12:08,447 [INFO] 1 change detected
2026-05-11 21:12:08,855 [INFO] 1 change detected
2026-05-11 21:12:09,260 [INFO] 1 change detected
2026-05-11 21:12:09,666 [INFO] 1 change detected
2026-05-11 21:12:10,072 [INFO] 1 change detected
2026-05-11 21:12:10,478 [INFO] 1 change detected
2026-05-11 21:12:10,836 [INFO] 1 change detected
2026-05-11 21:12:11,243 [INFO] 1 change detected
2026-05-11 21:12:11,746 [INFO] 5 changes detected
2026-05-11 21:12:12,155 [INFO] 1 change detected
2026-05-11 21:12:12,560 [INFO] 1 change detected
2026-05-11 21:12:12,967 [INFO] 1 change detected
2026-05-11 21:12:13,373 [INFO] 1 change detected
2026-05-11 21:12:13,733 [INFO] 1 change detected
2026-05-11 21:12:14,143 [INFO] 1 change detected
2026-05-11 21:12:14,547 [INFO] 1 change detected
2026-05-11 21:12:14,954 [INFO] 1 change detected
2026-05-11 21:12:15,359 [INFO] 1 change detected
2026-05-11 21:12:15,763 [INFO] 1 change detected
2026-05-11 21:12:16,169 [INFO] 1 change detected
2026-05-11 21:12:16,577 [INFO] 1 change detected
2026-05-11 21:12:16,929 [INFO] 4 changes detected
2026-05-11 21:12:17,290 [INFO] 1 change detected
2026-05-11 21:12:17,649 [INFO] 1 change detected
2026-05-11 21:12:18,007 [INFO] 1 change detected
2026-05-11 21:12:18,365 [INFO] 1 change detected
2026-05-11 21:12:18,774 [INFO] 1 change detected
2026-05-11 21:12:19,133 [INFO] 1 change detected
2026-05-11 21:12:19,543 [INFO] 1 change detected
2026-05-11 21:12:19,952 [INFO] 1 change detected
2026-05-11 21:12:20,358 [INFO] 1 change detected
2026-05-11 21:12:20,767 [INFO] 1 change detected
2026-05-11 21:12:21,122 [INFO] 1 change detected
2026-05-11 21:12:21,534 [INFO] 1 change detected
2026-05-11 21:12:21,887 [INFO] 4 changes detected
2026-05-11 21:12:22,249 [INFO] 1 change detected
2026-05-11 21:12:22,607 [INFO] 1 change detected
2026-05-11 21:12:22,968 [INFO] 1 change detected
2026-05-11 21:12:23,327 [INFO] 1 change detected
2026-05-11 21:12:23,688 [INFO] 1 change detected
2026-05-11 21:12:24,048 [INFO] 1 change detected
2026-05-11 21:12:24,407 [INFO] 1 change detected
2026-05-11 21:12:24,817 [INFO] 1 change detected
2026-05-11 21:12:25,234 [INFO] 1 change detected
2026-05-11 21:12:25,640 [INFO] 1 change detected
2026-05-11 21:12:26,042 [INFO] 1 change detected
2026-05-11 21:12:26,449 [INFO] 1 change detected
2026-05-11 21:12:26,853 [INFO] 5 changes detected
2026-05-11 21:12:27,260 [INFO] 1 change detected
2026-05-11 21:12:27,665 [INFO] 1 change detected
2026-05-11 21:12:28,072 [INFO] 1 change detected
2026-05-11 21:12:28,480 [INFO] 1 change detected
2026-05-11 21:12:28,840 [INFO] 1 change detected
2026-05-11 21:12:29,250 [INFO] 1 change detected
2026-05-11 21:12:29,658 [INFO] 1 change detected
2026-05-11 21:12:30,060 [INFO] 1 change detected
2026-05-11 21:12:30,467 [INFO] 1 change detected
2026-05-11 21:12:30,873 [INFO] 1 change detected
2026-05-11 21:12:31,279 [INFO] 1 change detected
2026-05-11 21:12:31,684 [INFO] 1 change detected
2026-05-11 21:12:32,039 [INFO] 4 changes detected
2026-05-11 21:12:32,401 [INFO] 1 change detected
2026-05-11 21:12:32,760 [INFO] 1 change detected
2026-05-11 21:12:33,115 [INFO] 1 change detected
2026-05-11 21:12:33,476 [INFO] 1 change detected
2026-05-11 21:12:33,837 [INFO] 1 change detected
2026-05-11 21:12:34,195 [INFO] 1 change detected
2026-05-11 21:12:34,603 [INFO] 1 change detected
2026-05-11 21:12:35,007 [INFO] 1 change detected
2026-05-11 21:12:35,412 [INFO] 1 change detected
2026-05-11 21:12:35,817 [INFO] 1 change detected
2026-05-11 21:12:36,219 [INFO] 1 change detected
2026-05-11 21:12:36,623 [INFO] 1 change detected
2026-05-11 21:12:36,979 [INFO] 4 changes detected
2026-05-11 21:12:37,338 [INFO] 1 change detected
2026-05-11 21:12:37,696 [INFO] 1 change detected
2026-05-11 21:12:38,052 [INFO] 1 change detected
2026-05-11 21:12:38,461 [INFO] 1 change detected
2026-05-11 21:12:38,867 [INFO] 1 change detected
2026-05-11 21:12:39,273 [INFO] 1 change detected
2026-05-11 21:12:39,631 [INFO] 1 change detected
2026-05-11 21:12:40,039 [INFO] 1 change detected
2026-05-11 21:12:40,446 [INFO] 1 change detected
2026-05-11 21:12:40,851 [INFO] 1 change detected
2026-05-11 21:12:41,257 [INFO] 1 change detected
2026-05-11 21:12:41,715 [INFO] 5 changes detected
2026-05-11 21:12:42,077 [INFO] 1 change detected
2026-05-11 21:12:42,488 [INFO] 1 change detected
2026-05-11 21:12:42,893 [INFO] 1 change detected
2026-05-11 21:12:43,299 [INFO] 1 change detected
2026-05-11 21:12:43,707 [INFO] 1 change detected
2026-05-11 21:12:44,116 [INFO] 1 change detected
2026-05-11 21:12:44,519 [INFO] 1 change detected
2026-05-11 21:12:44,924 [INFO] 1 change detected
2026-05-11 21:12:45,329 [INFO] 1 change detected
2026-05-11 21:12:45,732 [INFO] 1 change detected
2026-05-11 21:12:46,141 [INFO] 1 change detected
2026-05-11 21:12:46,495 [INFO] 1 change detected
2026-05-11 21:12:46,852 [INFO] 4 changes detected
2026-05-11 21:12:47,212 [INFO] 1 change detected
2026-05-11 21:12:47,573 [INFO] 1 change detected
2026-05-11 21:12:47,932 [INFO] 1 change detected
2026-05-11 21:12:48,341 [INFO] 1 change detected
2026-05-11 21:12:48,746 [INFO] 1 change detected
2026-05-11 21:12:49,152 [INFO] 1 change detected
2026-05-11 21:12:49,555 [INFO] 1 change detected
2026-05-11 21:12:49,957 [INFO] 1 change detected
2026-05-11 21:12:50,364 [INFO] 1 change detected
2026-05-11 21:12:50,773 [INFO] 1 change detected
2026-05-11 21:12:51,129 [INFO] 1 change detected
2026-05-11 21:12:51,541 [INFO] 1 change detected
2026-05-11 21:12:51,896 [INFO] 4 changes detected
2026-05-11 21:12:52,255 [INFO] 1 change detected
2026-05-11 21:12:52,616 [INFO] 1 change detected
2026-05-11 21:12:52,974 [INFO] 1 change detected
2026-05-11 21:12:53,381 [INFO] 2 changes detected
2026-05-11 21:12:57,449 [INFO] 6 changes detected
2026-05-11 21:12:58,279 [INFO] 1 change detected
2026-05-11 21:13:00,360 [INFO] Starting Air Quality AI server...
2026-05-11 21:13:00,361 [INFO] Database initialized.
2026-05-11 21:13:00,362 [INFO] Server ready at http://0.0.0.0:8000
2026-05-11 21:13:00,362 [INFO] Docs at http://localhost:8000/docs
2026-05-11 21:13:00,449 [INFO] 6 changes detected
2026-05-11 21:13:00,805 [INFO] 1 change detected
2026-05-11 21:13:01,217 [INFO] 1 change detected
2026-05-11 21:13:01,724 [INFO] 5 changes detected
2026-05-11 21:13:02,136 [INFO] 1 change detected
2026-05-11 21:13:02,494 [INFO] 1 change detected
2026-05-11 21:13:02,904 [INFO] 1 change detected
2026-05-11 21:13:03,311 [INFO] 1 change detected
2026-05-11 21:13:03,721 [INFO] 1 change detected
2026-05-11 21:13:04,128 [INFO] 1 change detected
2026-05-11 21:13:04,534 [INFO] 1 change detected
2026-05-11 21:13:04,938 [INFO] 1 change detected
2026-05-11 21:13:05,345 [INFO] 1 change detected
2026-05-11 21:13:05,749 [INFO] 1 change detected
2026-05-11 21:13:06,155 [INFO] 1 change detected
2026-05-11 21:13:06,560 [INFO] 1 change detected
2026-05-11 21:13:06,962 [INFO] 5 changes detected
2026-05-11 21:13:07,320 [INFO] 1 change detected
2026-05-11 21:13:07,677 [INFO] 1 change detected
2026-05-11 21:13:08,086 [INFO] 1 change detected
2026-05-11 21:13:08,490 [INFO] 1 change detected
2026-05-11 21:13:08,900 [INFO] 1 change detected
2026-05-11 21:13:09,304 [INFO] 1 change detected
2026-05-11 21:13:09,663 [INFO] 1 change detected
2026-05-11 21:13:10,074 [INFO] 1 change detected
2026-05-11 21:13:10,479 [INFO] 1 change detected
2026-05-11 21:13:10,881 [INFO] 1 change detected
2026-05-11 21:13:11,287 [INFO] 1 change detected
2026-05-11 21:13:11,744 [INFO] 5 changes detected
2026-05-11 21:13:12,146 [INFO] 1 change detected
2026-05-11 21:13:12,552 [INFO] 1 change detected
2026-05-11 21:13:12,956 [INFO] 1 change detected
2026-05-11 21:13:13,362 [INFO] 1 change detected
2026-05-11 21:13:13,768 [INFO] 1 change detected
2026-05-11 21:13:14,175 [INFO] 1 change detected
2026-05-11 21:13:14,580 [INFO] 1 change detected
2026-05-11 21:13:14,984 [INFO] 1 change detected
2026-05-11 21:13:15,391 [INFO] 1 change detected
2026-05-11 21:13:15,795 [INFO] 1 change detected
2026-05-11 21:13:16,202 [INFO] 1 change detected
2026-05-11 21:13:16,606 [INFO] 1 change detected
2026-05-11 21:13:16,961 [INFO] 4 changes detected
2026-05-11 21:13:17,319 [INFO] 1 change detected
2026-05-11 21:13:17,679 [INFO] 1 change detected
2026-05-11 21:13:18,037 [INFO] 1 change detected
2026-05-11 21:13:18,395 [INFO] 1 change detected
2026-05-11 21:13:18,752 [INFO] 1 change detected
2026-05-11 21:13:19,160 [INFO] 1 change detected
2026-05-11 21:13:19,567 [INFO] 1 change detected
2026-05-11 21:13:19,974 [INFO] 1 change detected
2026-05-11 21:13:20,382 [INFO] 1 change detected
2026-05-11 21:13:20,788 [INFO] 1 change detected
2026-05-11 21:13:21,194 [INFO] 1 change detected
2026-05-11 21:13:21,548 [INFO] 1 change detected
2026-05-11 21:13:21,907 [INFO] 4 changes detected
2026-05-11 21:13:22,265 [INFO] 1 change detected
2026-05-11 21:13:22,623 [INFO] 1 change detected
2026-05-11 21:13:22,983 [INFO] 1 change detected
2026-05-11 21:13:23,392 [INFO] 1 change detected
2026-05-11 21:13:23,800 [INFO] 1 change detected
2026-05-11 21:13:24,205 [INFO] 1 change detected
2026-05-11 21:13:24,611 [INFO] 1 change detected
2026-05-11 21:13:25,017 [INFO] 1 change detected
2026-05-11 21:13:25,376 [INFO] 1 change detected
2026-05-11 21:13:25,787 [INFO] 1 change detected
2026-05-11 21:13:26,196 [INFO] 1 change detected
2026-05-11 21:13:26,604 [INFO] 1 change detected
2026-05-11 21:13:27,007 [INFO] 5 changes detected
2026-05-11 21:13:27,360 [INFO] 1 change detected
2026-05-11 21:13:27,720 [INFO] 1 change detected
2026-05-11 21:13:28,130 [INFO] 1 change detected
2026-05-11 21:13:28,536 [INFO] 1 change detected
2026-05-11 21:13:28,939 [INFO] 1 change detected
2026-05-11 21:13:29,344 [INFO] 1 change detected
2026-05-11 21:13:29,752 [INFO] 1 change detected
2026-05-11 21:13:30,156 [INFO] 1 change detected
2026-05-11 21:13:30,562 [INFO] 1 change detected
2026-05-11 21:13:30,964 [INFO] 1 change detected
2026-05-11 21:13:31,368 [INFO] 1 change detected
2026-05-11 21:13:31,774 [INFO] 5 changes detected
2026-05-11 21:13:32,129 [INFO] 1 change detected
2026-05-11 21:13:32,491 [INFO] 1 change detected
2026-05-11 21:13:32,903 [INFO] 1 change detected
2026-05-11 21:13:33,308 [INFO] 1 change detected
2026-05-11 21:13:33,714 [INFO] 1 change detected
2026-05-11 21:13:34,121 [INFO] 1 change detected
2026-05-11 21:13:34,530 [INFO] 1 change detected
2026-05-11 21:13:34,938 [INFO] 1 change detected
2026-05-11 21:13:35,345 [INFO] 1 change detected
2026-05-11 21:13:35,749 [INFO] 1 change detected
2026-05-11 21:13:36,156 [INFO] 1 change detected
2026-05-11 21:13:36,562 [INFO] 1 change detected
2026-05-11 21:13:36,965 [INFO] 5 changes detected
2026-05-11 21:13:37,372 [INFO] 1 change detected
2026-05-11 21:13:37,779 [INFO] 1 change detected
2026-05-11 21:13:38,183 [INFO] 1 change detected
2026-05-11 21:13:38,587 [INFO] 1 change detected
2026-05-11 21:13:38,994 [INFO] 1 change detected
2026-05-11 21:13:39,400 [INFO] 1 change detected
2026-05-11 21:13:39,803 [INFO] 1 change detected
2026-05-11 21:13:40,209 [INFO] 1 change detected
2026-05-11 21:13:40,620 [INFO] 1 change detected
2026-05-11 21:13:41,022 [INFO] 1 change detected
2026-05-11 21:13:41,428 [INFO] 1 change detected
2026-05-11 21:13:41,831 [INFO] 5 changes detected
2026-05-11 21:13:42,234 [INFO] 1 change detected
2026-05-11 21:13:42,643 [INFO] 1 change detected
2026-05-11 21:13:43,049 [INFO] 1 change detected
2026-05-11 21:13:43,452 [INFO] 1 change detected
2026-05-11 21:13:43,859 [INFO] 1 change detected
2026-05-11 21:13:44,214 [INFO] 1 change detected
2026-05-11 21:13:44,625 [INFO] 1 change detected
2026-05-11 21:13:45,031 [INFO] 1 change detected
2026-05-11 21:13:45,434 [INFO] 1 change detected
2026-05-11 21:13:45,836 [INFO] 1 change detected
2026-05-11 21:13:46,243 [INFO] 1 change detected
2026-05-11 21:13:46,749 [INFO] 5 changes detected
2026-05-11 21:13:47,161 [INFO] 1 change detected
2026-05-11 21:13:47,518 [INFO] 1 change detected
2026-05-11 21:13:47,929 [INFO] 1 change detected
2026-05-11 21:13:48,333 [INFO] 1 change detected
2026-05-11 21:13:48,740 [INFO] 1 change detected
2026-05-11 21:13:49,146 [INFO] 1 change detected
2026-05-11 21:13:49,550 [INFO] 1 change detected
2026-05-11 21:13:49,955 [INFO] 1 change detected
2026-05-11 21:13:50,362 [INFO] 1 change detected
2026-05-11 21:13:50,772 [INFO] 1 change detected
2026-05-11 21:13:51,179 [INFO] 1 change detected
2026-05-11 21:13:51,687 [INFO] 5 changes detected
2026-05-11 21:13:52,100 [INFO] 1 change detected
2026-05-11 21:13:52,508 [INFO] 1 change detected
2026-05-11 21:13:52,913 [INFO] 1 change detected
2026-05-11 21:13:53,318 [INFO] 1 change detected
2026-05-11 21:13:53,721 [INFO] 1 change detected
2026-05-11 21:13:54,125 [INFO] 1 change detected
2026-05-11 21:13:54,529 [INFO] 1 change detected
2026-05-11 21:13:54,937 [INFO] 1 change detected
2026-05-11 21:13:55,342 [INFO] 1 change detected
2026-05-11 21:13:55,749 [INFO] 1 change detected
2026-05-11 21:13:56,159 [INFO] 1 change detected
2026-05-11 21:13:56,518 [INFO] 1 change detected
2026-05-11 21:13:56,875 [INFO] 4 changes detected
2026-05-11 21:13:57,236 [INFO] 1 change detected
2026-05-11 21:13:57,597 [INFO] 1 change detected
2026-05-11 21:13:57,956 [INFO] 1 change detected
2026-05-11 21:13:58,319 [INFO] 1 change detected
2026-05-11 21:13:58,678 [INFO] 1 change detected
2026-05-11 21:13:59,087 [INFO] 1 change detected
2026-05-11 21:13:59,491 [INFO] 1 change detected
2026-05-11 21:13:59,898 [INFO] 1 change detected
2026-05-11 21:14:00,306 [INFO] 1 change detected
2026-05-11 21:14:00,708 [INFO] 1 change detected
2026-05-11 21:14:01,114 [INFO] 1 change detected
2026-05-11 21:14:01,520 [INFO] 1 change detected
2026-05-11 21:14:01,875 [INFO] 4 changes detected
2026-05-11 21:14:02,233 [INFO] 1 change detected
2026-05-11 21:14:02,592 [INFO] 1 change detected
2026-05-11 21:14:02,951 [INFO] 1 change detected
2026-05-11 21:14:03,312 [INFO] 1 change detected
2026-05-11 21:14:03,723 [INFO] 1 change detected
2026-05-11 21:14:04,132 [INFO] 1 change detected
2026-05-11 21:14:04,541 [INFO] 1 change detected
2026-05-11 21:14:04,908 [INFO] 1 change detected
2026-05-11 21:14:05,317 [INFO] 1 change detected
2026-05-11 21:14:05,724 [INFO] 1 change detected
2026-05-11 21:14:06,131 [INFO] 1 change detected
2026-05-11 21:14:06,536 [INFO] 1 change detected
2026-05-11 21:14:06,939 [INFO] 5 changes detected
2026-05-11 21:14:07,344 [INFO] 1 change detected
2026-05-11 21:14:07,753 [INFO] 1 change detected
2026-05-11 21:14:08,160 [INFO] 1 change detected
2026-05-11 21:14:08,567 [INFO] 1 change detected
2026-05-11 21:14:08,928 [INFO] 1 change detected
2026-05-11 21:14:09,338 [INFO] 1 change detected
2026-05-11 21:14:09,747 [INFO] 1 change detected
2026-05-11 21:14:10,155 [INFO] 1 change detected
2026-05-11 21:14:10,562 [INFO] 1 change detected
2026-05-11 21:14:10,920 [INFO] 1 change detected
2026-05-11 21:14:11,328 [INFO] 1 change detected
2026-05-11 21:14:11,787 [INFO] 5 changes detected
2026-05-11 21:14:12,138 [INFO] 1 change detected
2026-05-11 21:14:12,550 [INFO] 1 change detected
2026-05-11 21:14:12,959 [INFO] 1 change detected
2026-05-11 21:14:13,367 [INFO] 1 change detected
2026-05-11 21:14:13,730 [INFO] 1 change detected
2026-05-11 21:14:14,142 [INFO] 1 change detected
2026-05-11 21:14:14,549 [INFO] 1 change detected
2026-05-11 21:14:14,955 [INFO] 1 change detected
2026-05-11 21:14:15,361 [INFO] 1 change detected
2026-05-11 21:14:15,766 [INFO] 1 change detected
2026-05-11 21:14:16,119 [INFO] 1 change detected
2026-05-11 21:14:16,531 [INFO] 1 change detected
2026-05-11 21:14:16,885 [INFO] 4 changes detected
2026-05-11 21:14:17,244 [INFO] 1 change detected
2026-05-11 21:14:17,604 [INFO] 1 change detected
2026-05-11 21:14:17,960 [INFO] 1 change detected
2026-05-11 21:14:18,323 [INFO] 1 change detected
2026-05-11 21:14:18,731 [INFO] 1 change detected
2026-05-11 21:14:19,138 [INFO] 1 change detected
2026-05-11 21:14:19,498 [INFO] 1 change detected
2026-05-11 21:14:19,904 [INFO] 1 change detected
2026-05-11 21:14:20,309 [INFO] 1 change detected
2026-05-11 21:14:20,716 [INFO] 1 change detected
2026-05-11 21:14:21,121 [INFO] 1 change detected
2026-05-11 21:14:21,530 [INFO] 1 change detected
2026-05-11 21:14:21,934 [INFO] 5 changes detected
2026-05-11 21:14:22,342 [INFO] 1 change detected
2026-05-11 21:14:22,749 [INFO] 1 change detected
2026-05-11 21:14:23,153 [INFO] 1 change detected
2026-05-11 21:14:23,508 [INFO] 1 change detected
2026-05-11 21:14:23,915 [INFO] 1 change detected
2026-05-11 21:14:24,320 [INFO] 1 change detected
2026-05-11 21:14:24,726 [INFO] 1 change detected
2026-05-11 21:14:25,131 [INFO] 1 change detected
2026-05-11 21:14:25,535 [INFO] 1 change detected
2026-05-11 21:14:25,950 [INFO] 1 change detected
2026-05-11 21:14:26,354 [INFO] 1 change detected
2026-05-11 21:14:26,808 [INFO] 5 changes detected
2026-05-11 21:14:27,222 [INFO] 1 change detected
2026-05-11 21:14:27,627 [INFO] 1 change detected
2026-05-11 21:14:28,033 [INFO] 1 change detected
2026-05-11 21:14:28,438 [INFO] 1 change detected
2026-05-11 21:14:28,841 [INFO] 1 change detected
2026-05-11 21:14:29,201 [INFO] 1 change detected
2026-05-11 21:14:29,607 [INFO] 1 change detected
2026-05-11 21:14:30,012 [INFO] 1 change detected
2026-05-11 21:14:30,427 [INFO] 1 change detected
2026-05-11 21:14:30,831 [INFO] 1 change detected
2026-05-11 21:14:31,233 [INFO] 1 change detected
2026-05-11 21:14:31,685 [INFO] 5 changes detected
2026-05-11 21:14:32,098 [INFO] 1 change detected
2026-05-11 21:14:32,505 [INFO] 1 change detected
2026-05-11 21:14:32,913 [INFO] 1 change detected
2026-05-11 21:14:33,315 [INFO] 1 change detected
2026-05-11 21:14:33,722 [INFO] 1 change detected
2026-05-11 21:14:34,130 [INFO] 1 change detected
2026-05-11 21:14:34,535 [INFO] 1 change detected
2026-05-11 21:14:34,938 [INFO] 1 change detected
2026-05-11 21:14:35,345 [INFO] 1 change detected
2026-05-11 21:14:35,749 [INFO] 1 change detected
2026-05-11 21:14:36,150 [INFO] 1 change detected
2026-05-11 21:14:36,507 [INFO] 1 change detected
2026-05-11 21:14:36,912 [INFO] 5 changes detected
2026-05-11 21:14:37,314 [INFO] 1 change detected
2026-05-11 21:14:37,729 [INFO] 1 change detected
2026-05-11 21:14:38,096 [INFO] 1 change detected
2026-05-11 21:14:38,503 [INFO] 1 change detected
2026-05-11 21:14:38,908 [INFO] 1 change detected
2026-05-11 21:14:39,310 [INFO] 1 change detected
2026-05-11 21:14:39,714 [INFO] 1 change detected
2026-05-11 21:14:40,117 [INFO] 1 change detected
2026-05-11 21:14:40,520 [INFO] 1 change detected
2026-05-11 21:14:40,921 [INFO] 1 change detected
2026-05-11 21:14:41,329 [INFO] 1 change detected
2026-05-11 21:14:41,736 [INFO] 5 changes detected
2026-05-11 21:14:42,139 [INFO] 1 change detected
2026-05-11 21:14:42,544 [INFO] 1 change detected
2026-05-11 21:14:42,948 [INFO] 1 change detected
2026-05-11 21:14:43,302 [INFO] 1 change detected
2026-05-11 21:14:43,712 [INFO] 1 change detected
2026-05-11 21:14:44,117 [INFO] 1 change detected
2026-05-11 21:14:44,522 [INFO] 1 change detected
2026-05-11 21:14:44,938 [INFO] 1 change detected
2026-05-11 21:14:45,341 [INFO] 1 change detected
2026-05-11 21:14:45,745 [INFO] 1 change detected
2026-05-11 21:14:46,153 [INFO] 1 change detected
2026-05-11 21:14:46,556 [INFO] 1 change detected
2026-05-11 21:14:46,909 [INFO] 4 changes detected
2026-05-11 21:14:47,267 [INFO] 1 change detected
2026-05-11 21:14:47,626 [INFO] 1 change detected
2026-05-11 21:14:47,988 [INFO] 1 change detected
2026-05-11 21:14:48,398 [INFO] 1 change detected
2026-05-11 21:14:48,802 [INFO] 1 change detected
2026-05-11 21:14:49,208 [INFO] 1 change detected
2026-05-11 21:14:49,614 [INFO] 1 change detected
2026-05-11 21:14:50,018 [INFO] 1 change detected
2026-05-11 21:14:50,424 [INFO] 1 change detected
2026-05-11 21:14:50,830 [INFO] 1 change detected
2026-05-11 21:14:51,238 [INFO] 1 change detected
2026-05-11 21:14:51,641 [INFO] 1 change detected
2026-05-11 21:14:51,996 [INFO] 4 changes detected
2026-05-11 21:14:52,355 [INFO] 1 change detected
2026-05-11 21:14:52,716 [INFO] 1 change detected
2026-05-11 21:14:53,073 [INFO] 1 change detected
2026-05-11 21:14:53,431 [INFO] 1 change detected
2026-05-11 21:14:53,837 [INFO] 1 change detected
2026-05-11 21:14:54,241 [INFO] 1 change detected
2026-05-11 21:14:54,649 [INFO] 1 change detected
2026-05-11 21:14:55,056 [INFO] 1 change detected
2026-05-11 21:14:55,463 [INFO] 1 change detected
2026-05-11 21:14:55,869 [INFO] 1 change detected
2026-05-11 21:14:56,273 [INFO] 1 change detected
2026-05-11 21:14:56,679 [INFO] 1 change detected
2026-05-11 21:14:57,035 [INFO] 4 changes detected
2026-05-11 21:14:57,396 [INFO] 1 change detected
2026-05-11 21:14:57,754 [INFO] 1 change detected
2026-05-11 21:14:58,112 [INFO] 1 change detected
2026-05-11 21:14:58,470 [INFO] 1 change detected
2026-05-11 21:14:58,832 [INFO] 1 change detected
2026-05-11 21:14:59,240 [INFO] 1 change detected
2026-05-11 21:14:59,646 [INFO] 1 change detected
2026-05-11 21:15:00,052 [INFO] 1 change detected
2026-05-11 21:15:00,455 [INFO] 1 change detected
2026-05-11 21:15:00,858 [INFO] 1 change detected
2026-05-11 21:15:01,267 [INFO] 1 change detected
2026-05-11 21:15:01,719 [INFO] 5 changes detected
2026-05-11 21:15:02,136 [INFO] 1 change detected
2026-05-11 21:15:02,545 [INFO] 1 change detected
2026-05-11 21:15:02,949 [INFO] 1 change detected
2026-05-11 21:15:03,353 [INFO] 1 change detected
2026-05-11 21:15:03,710 [INFO] 1 change detected
2026-05-11 21:15:04,116 [INFO] 1 change detected
2026-05-11 21:15:04,520 [INFO] 1 change detected
2026-05-11 21:15:04,922 [INFO] 1 change detected
2026-05-11 21:15:05,327 [INFO] 1 change detected
2026-05-11 21:15:05,733 [INFO] 1 change detected
2026-05-11 21:15:06,141 [INFO] 1 change detected
2026-05-11 21:15:06,544 [INFO] 1 change detected
2026-05-11 21:15:06,897 [INFO] 4 changes detected
2026-05-11 21:15:07,255 [INFO] 1 change detected
2026-05-11 21:15:07,615 [INFO] 1 change detected
2026-05-11 21:15:07,972 [INFO] 1 change detected
2026-05-11 21:15:08,331 [INFO] 1 change detected
2026-05-11 21:15:08,741 [INFO] 1 change detected
2026-05-11 21:15:09,145 [INFO] 1 change detected
2026-05-11 21:15:09,560 [INFO] 1 change detected
2026-05-11 21:15:09,966 [INFO] 1 change detected
2026-05-11 21:15:10,322 [INFO] 1 change detected
2026-05-11 21:15:10,734 [INFO] 1 change detected
2026-05-11 21:15:11,142 [INFO] 1 change detected
2026-05-11 21:15:11,548 [INFO] 1 change detected
2026-05-11 21:15:11,899 [INFO] 4 changes detected
2026-05-11 21:15:12,260 [INFO] 1 change detected
2026-05-11 21:15:12,618 [INFO] 1 change detected
2026-05-11 21:15:12,977 [INFO] 1 change detected
2026-05-11 21:15:13,385 [INFO] 1 change detected
2026-05-11 21:15:13,741 [INFO] 1 change detected
2026-05-11 21:15:14,151 [INFO] 1 change detected
2026-05-11 21:15:14,558 [INFO] 1 change detected
2026-05-11 21:15:14,967 [INFO] 1 change detected
2026-05-11 21:15:15,373 [INFO] 1 change detected
2026-05-11 21:15:15,779 [INFO] 1 change detected
2026-05-11 21:15:16,186 [INFO] 1 change detected
2026-05-11 21:15:16,591 [INFO] 1 change detected
2026-05-11 21:15:16,946 [INFO] 4 changes detected
2026-05-11 21:15:17,303 [INFO] 1 change detected
2026-05-11 21:15:17,664 [INFO] 1 change detected
2026-05-11 21:15:18,020 [INFO] 1 change detected
2026-05-11 21:15:18,380 [INFO] 1 change detected
2026-05-11 21:15:18,735 [INFO] 1 change detected
2026-05-11 21:15:19,097 [INFO] 1 change detected
2026-05-11 21:15:19,504 [INFO] 1 change detected
2026-05-11 21:15:19,907 [INFO] 1 change detected
2026-05-11 21:15:20,312 [INFO] 1 change detected
2026-05-11 21:15:20,715 [INFO] 1 change detected
2026-05-11 21:15:21,119 [INFO] 1 change detected
2026-05-11 21:15:21,529 [INFO] 1 change detected
2026-05-11 21:15:21,881 [INFO] 4 changes detected
2026-05-11 21:15:22,239 [INFO] 1 change detected
2026-05-11 21:15:22,597 [INFO] 1 change detected
2026-05-11 21:15:22,958 [INFO] 1 change detected
2026-05-11 21:15:23,318 [INFO] 1 change detected
2026-05-11 21:15:23,723 [INFO] 1 change detected
2026-05-11 21:15:24,130 [INFO] 1 change detected
2026-05-11 21:15:24,546 [INFO] 1 change detected
2026-05-11 21:15:24,902 [INFO] 1 change detected
2026-05-11 21:15:25,308 [INFO] 1 change detected
2026-05-11 21:15:25,713 [INFO] 1 change detected
2026-05-11 21:15:26,118 [INFO] 1 change detected
2026-05-11 21:15:26,525 [INFO] 1 change detected
2026-05-11 21:15:26,930 [INFO] 5 changes detected
2026-05-11 21:15:27,338 [INFO] 1 change detected
2026-05-11 21:15:27,744 [INFO] 1 change detected
2026-05-11 21:15:28,148 [INFO] 1 change detected
2026-05-11 21:15:28,552 [INFO] 1 change detected
2026-05-11 21:15:28,960 [INFO] 1 change detected
2026-05-11 21:15:29,366 [INFO] 1 change detected
2026-05-11 21:15:29,772 [INFO] 1 change detected
2026-05-11 21:15:30,174 [INFO] 1 change detected
2026-05-11 21:15:30,579 [INFO] 1 change detected
2026-05-11 21:15:30,984 [INFO] 1 change detected
2026-05-11 21:15:31,388 [INFO] 1 change detected
2026-05-11 21:15:31,791 [INFO] 5 changes detected
2026-05-11 21:15:32,143 [INFO] 1 change detected
2026-05-11 21:15:32,553 [INFO] 1 change detected
2026-05-11 21:15:32,960 [INFO] 1 change detected
2026-05-11 21:15:33,364 [INFO] 1 change detected
2026-05-11 21:15:33,767 [INFO] 1 change detected
2026-05-11 21:15:34,172 [INFO] 1 change detected
2026-05-11 21:15:34,581 [INFO] 1 change detected
2026-05-11 21:15:34,986 [INFO] 1 change detected
2026-05-11 21:15:35,391 [INFO] 1 change detected
2026-05-11 21:15:35,749 [INFO] 1 change detected
2026-05-11 21:15:36,154 [INFO] 1 change detected
2026-05-11 21:15:36,561 [INFO] 1 change detected
2026-05-11 21:15:36,912 [INFO] 4 changes detected
2026-05-11 21:15:37,268 [INFO] 1 change detected
2026-05-11 21:15:37,626 [INFO] 1 change detected
2026-05-11 21:15:37,986 [INFO] 1 change detected
2026-05-11 21:15:38,346 [INFO] 1 change detected
2026-05-11 21:15:38,759 [INFO] 1 change detected
2026-05-11 21:15:39,165 [INFO] 1 change detected
2026-05-11 21:15:39,519 [INFO] 1 change detected
2026-05-11 21:15:39,930 [INFO] 1 change detected
2026-05-11 21:15:40,333 [INFO] 1 change detected
2026-05-11 21:15:40,738 [INFO] 1 change detected
2026-05-11 21:15:41,143 [INFO] 1 change detected
2026-05-11 21:15:41,549 [INFO] 1 change detected
2026-05-11 21:15:41,905 [INFO] 4 changes detected
2026-05-11 21:15:42,264 [INFO] 1 change detected
2026-05-11 21:15:42,624 [INFO] 1 change detected
2026-05-11 21:15:42,983 [INFO] 1 change detected
2026-05-11 21:15:43,391 [INFO] 1 change detected
2026-05-11 21:15:43,796 [INFO] 1 change detected
2026-05-11 21:15:44,202 [INFO] 1 change detected
2026-05-11 21:15:44,609 [INFO] 1 change detected
2026-05-11 21:15:45,012 [INFO] 1 change detected
2026-05-11 21:15:45,422 [INFO] 1 change detected
2026-05-11 21:15:45,829 [INFO] 1 change detected
2026-05-11 21:15:46,235 [INFO] 1 change detected
2026-05-11 21:15:46,640 [INFO] 1 change detected
2026-05-11 21:15:46,993 [INFO] 4 changes detected
2026-05-11 21:15:47,353 [INFO] 1 change detected
2026-05-11 21:15:47,709 [INFO] 1 change detected
2026-05-11 21:15:48,069 [INFO] 1 change detected
2026-05-11 21:15:48,427 [INFO] 1 change detected
2026-05-11 21:15:48,786 [INFO] 1 change detected
2026-05-11 21:15:49,194 [INFO] 1 change detected
2026-05-11 21:15:49,599 [INFO] 1 change detected
2026-05-11 21:15:50,003 [INFO] 1 change detected
2026-05-11 21:15:50,408 [INFO] 1 change detected
2026-05-11 21:15:50,815 [INFO] 1 change detected
2026-05-11 21:15:51,221 [INFO] 1 change detected
2026-05-11 21:15:51,576 [INFO] 1 change detected
2026-05-11 21:15:51,935 [INFO] 4 changes detected
2026-05-11 21:15:52,293 [INFO] 1 change detected
2026-05-11 21:15:52,649 [INFO] 1 change detected
2026-05-11 21:15:53,010 [INFO] 1 change detected
2026-05-11 21:15:53,419 [INFO] 1 change detected
2026-05-11 21:15:53,824 [INFO] 1 change detected
2026-05-11 21:15:54,226 [INFO] 1 change detected
2026-05-11 21:15:54,633 [INFO] 1 change detected
2026-05-11 21:15:55,039 [INFO] 1 change detected
2026-05-11 21:15:55,446 [INFO] 1 change detected
2026-05-11 21:15:55,851 [INFO] 1 change detected
2026-05-11 21:15:56,207 [INFO] 1 change detected
2026-05-11 21:15:56,616 [INFO] 1 change detected
2026-05-11 21:15:56,972 [INFO] 4 changes detected
2026-05-11 21:15:57,329 [INFO] 1 change detected
2026-05-11 21:15:57,685 [INFO] 1 change detected
2026-05-11 21:15:58,042 [INFO] 1 change detected
2026-05-11 21:15:58,451 [INFO] 1 change detected
2026-05-11 21:15:58,809 [INFO] 1 change detected
2026-05-11 21:15:59,220 [INFO] 1 change detected
2026-05-11 21:15:59,628 [INFO] 1 change detected
2026-05-11 21:16:00,034 [INFO] 1 change detected
2026-05-11 21:16:00,441 [INFO] 1 change detected
2026-05-11 21:16:00,847 [INFO] 1 change detected
2026-05-11 21:16:01,258 [INFO] 1 change detected
2026-05-11 21:16:01,770 [INFO] 5 changes detected
2026-05-11 21:16:02,136 [INFO] 1 change detected
2026-05-11 21:16:02,550 [INFO] 1 change detected
2026-05-11 21:16:02,960 [INFO] 1 change detected
2026-05-11 21:16:03,321 [INFO] 1 change detected
2026-05-11 21:16:03,734 [INFO] 1 change detected
2026-05-11 21:16:04,144 [INFO] 1 change detected
2026-05-11 21:16:04,554 [INFO] 1 change detected
2026-05-11 21:16:04,966 [INFO] 1 change detected
2026-05-11 21:16:05,327 [INFO] 1 change detected
2026-05-11 21:16:05,738 [INFO] 1 change detected
2026-05-11 21:16:06,147 [INFO] 1 change detected
2026-05-11 21:16:06,553 [INFO] 1 change detected
2026-05-11 21:16:06,961 [INFO] 5 changes detected
2026-05-11 21:16:07,373 [INFO] 1 change detected
2026-05-11 21:16:07,735 [INFO] 1 change detected
2026-05-11 21:16:08,145 [INFO] 1 change detected
2026-05-11 21:16:08,554 [INFO] 1 change detected
2026-05-11 21:16:08,967 [INFO] 1 change detected
2026-05-11 21:16:09,326 [INFO] 1 change detected
2026-05-11 21:16:09,738 [INFO] 1 change detected
2026-05-11 21:16:10,148 [INFO] 1 change detected
2026-05-11 21:16:10,559 [INFO] 1 change detected
2026-05-11 21:16:10,965 [INFO] 1 change detected
2026-05-11 21:16:11,375 [INFO] 1 change detected
2026-05-11 21:16:11,783 [INFO] 5 changes detected
2026-05-11 21:16:12,189 [INFO] 1 change detected
2026-05-11 21:16:12,595 [INFO] 1 change detected
2026-05-11 21:16:13,001 [INFO] 1 change detected
2026-05-11 21:16:13,409 [INFO] 1 change detected
2026-05-11 21:16:13,815 [INFO] 1 change detected
2026-05-11 21:16:14,223 [INFO] 1 change detected
2026-05-11 21:16:14,631 [INFO] 1 change detected
2026-05-11 21:16:15,036 [INFO] 1 change detected
2026-05-11 21:16:15,440 [INFO] 1 change detected
2026-05-11 21:16:15,848 [INFO] 1 change detected
2026-05-11 21:16:16,257 [INFO] 1 change detected
2026-05-11 21:16:16,664 [INFO] 1 change detected
2026-05-11 21:16:17,069 [INFO] 5 changes detected
2026-05-11 21:16:17,470 [INFO] 1 change detected
2026-05-11 21:16:17,876 [INFO] 1 change detected
2026-05-11 21:16:18,285 [INFO] 1 change detected
2026-05-11 21:16:18,691 [INFO] 1 change detected
2026-05-11 21:16:19,096 [INFO] 1 change detected
2026-05-11 21:16:19,501 [INFO] 1 change detected
2026-05-11 21:16:19,906 [INFO] 1 change detected
2026-05-11 21:16:20,312 [INFO] 1 change detected
2026-05-11 21:16:20,667 [INFO] 1 change detected
2026-05-11 21:16:21,077 [INFO] 1 change detected
2026-05-11 21:16:21,484 [INFO] 1 change detected
2026-05-11 21:16:21,889 [INFO] 5 changes detected
2026-05-11 21:16:22,296 [INFO] 1 change detected
2026-05-11 21:16:22,704 [INFO] 1 change detected
2026-05-11 21:16:23,059 [INFO] 1 change detected
2026-05-11 21:16:23,469 [INFO] 1 change detected
2026-05-11 21:16:23,875 [INFO] 1 change detected
2026-05-11 21:16:24,280 [INFO] 1 change detected
2026-05-11 21:16:24,685 [INFO] 1 change detected
2026-05-11 21:16:25,092 [INFO] 1 change detected
2026-05-11 21:16:25,498 [INFO] 1 change detected
2026-05-11 21:16:25,903 [INFO] 1 change detected
2026-05-11 21:16:26,313 [INFO] 1 change detected
2026-05-11 21:16:26,821 [INFO] 5 changes detected
2026-05-11 21:16:27,236 [INFO] 1 change detected
2026-05-11 21:16:27,646 [INFO] 1 change detected
2026-05-11 21:16:28,053 [INFO] 1 change detected
2026-05-11 21:16:28,459 [INFO] 1 change detected
2026-05-11 21:16:28,820 [INFO] 1 change detected
2026-05-11 21:16:29,233 [INFO] 1 change detected
2026-05-11 21:16:29,640 [INFO] 1 change detected
2026-05-11 21:16:30,047 [INFO] 1 change detected
2026-05-11 21:16:30,451 [INFO] 1 change detected
2026-05-11 21:16:30,856 [INFO] 1 change detected
2026-05-11 21:16:31,265 [INFO] 1 change detected
2026-05-11 21:16:31,721 [INFO] 5 changes detected
2026-05-11 21:16:32,128 [INFO] 1 change detected
2026-05-11 21:16:32,538 [INFO] 1 change detected
2026-05-11 21:16:32,940 [INFO] 1 change detected
2026-05-11 21:16:33,344 [INFO] 1 change detected
2026-05-11 21:16:33,748 [INFO] 1 change detected
2026-05-11 21:16:34,152 [INFO] 1 change detected
2026-05-11 21:16:34,556 [INFO] 1 change detected
2026-05-11 21:16:34,963 [INFO] 1 change detected
2026-05-11 21:16:35,323 [INFO] 1 change detected
2026-05-11 21:16:35,737 [INFO] 1 change detected
2026-05-11 21:16:36,142 [INFO] 1 change detected
2026-05-11 21:16:36,547 [INFO] 1 change detected
2026-05-11 21:16:36,903 [INFO] 4 changes detected
2026-05-11 21:16:37,261 [INFO] 1 change detected
2026-05-11 21:16:37,622 [INFO] 1 change detected
2026-05-11 21:16:37,980 [INFO] 1 change detected
2026-05-11 21:16:38,342 [INFO] 1 change detected
2026-05-11 21:16:38,750 [INFO] 1 change detected
2026-05-11 21:16:39,157 [INFO] 1 change detected
2026-05-11 21:16:39,570 [INFO] 1 change detected
2026-05-11 21:16:39,930 [INFO] 1 change detected
2026-05-11 21:16:40,343 [INFO] 1 change detected
2026-05-11 21:16:40,752 [INFO] 1 change detected
2026-05-11 21:16:41,164 [INFO] 1 change detected
2026-05-11 21:16:41,519 [INFO] 1 change detected
2026-05-11 21:16:41,930 [INFO] 5 changes detected
2026-05-11 21:16:42,340 [INFO] 1 change detected
2026-05-11 21:16:42,750 [INFO] 1 change detected
2026-05-11 21:16:43,161 [INFO] 1 change detected
2026-05-11 21:16:43,517 [INFO] 1 change detected
2026-05-11 21:16:43,931 [INFO] 1 change detected
2026-05-11 21:16:44,342 [INFO] 1 change detected
2026-05-11 21:16:44,704 [INFO] 1 change detected
2026-05-11 21:16:45,118 [INFO] 1 change detected
2026-05-11 21:16:45,529 [INFO] 1 change detected
2026-05-11 21:16:45,939 [INFO] 1 change detected
2026-05-11 21:16:46,350 [INFO] 1 change detected
2026-05-11 21:16:46,709 [INFO] 5 changes detected
2026-05-11 21:16:47,120 [INFO] 1 change detected
2026-05-11 21:16:47,531 [INFO] 1 change detected
2026-05-11 21:16:47,889 [INFO] 1 change detected
2026-05-11 21:16:48,299 [INFO] 1 change detected
2026-05-11 21:16:48,710 [INFO] 1 change detected
2026-05-11 21:16:49,121 [INFO] 1 change detected
2026-05-11 21:16:49,482 [INFO] 1 change detected
2026-05-11 21:16:49,894 [INFO] 1 change detected
2026-05-11 21:16:50,303 [INFO] 1 change detected
2026-05-11 21:16:50,714 [INFO] 1 change detected
2026-05-11 21:16:51,125 [INFO] 1 change detected
2026-05-11 21:16:51,535 [INFO] 1 change detected
2026-05-11 21:16:51,945 [INFO] 5 changes detected
2026-05-11 21:16:52,357 [INFO] 1 change detected
2026-05-11 21:16:52,721 [INFO] 1 change detected
2026-05-11 21:16:53,133 [INFO] 1 change detected
2026-05-11 21:16:53,541 [INFO] 1 change detected
2026-05-11 21:16:53,904 [INFO] 1 change detected
2026-05-11 21:16:54,317 [INFO] 1 change detected
2026-05-11 21:16:54,727 [INFO] 1 change detected
2026-05-11 21:16:55,089 [INFO] 1 change detected
2026-05-11 21:16:55,504 [INFO] 1 change detected
2026-05-11 21:16:55,912 [INFO] 1 change detected
2026-05-11 21:16:56,320 [INFO] 1 change detected
2026-05-11 21:16:56,730 [INFO] 5 changes detected
2026-05-11 21:16:57,140 [INFO] 1 change detected
2026-05-11 21:16:57,499 [INFO] 1 change detected
2026-05-11 21:16:57,917 [INFO] 1 change detected
2026-05-11 21:16:58,326 [INFO] 1 change detected
2026-05-11 21:16:58,688 [INFO] 1 change detected
2026-05-11 21:16:59,099 [INFO] 1 change detected
2026-05-11 21:16:59,511 [INFO] 1 change detected
2026-05-11 21:16:59,926 [INFO] 1 change detected
2026-05-11 21:17:00,331 [INFO] 1 change detected
2026-05-11 21:17:00,694 [INFO] 1 change detected
2026-05-11 21:17:01,107 [INFO] 1 change detected
2026-05-11 21:17:01,518 [INFO] 1 change detected
2026-05-11 21:17:01,978 [INFO] 5 changes detected
2026-05-11 21:17:02,380 [INFO] 1 change detected
2026-05-11 21:17:02,743 [INFO] 1 change detected
2026-05-11 21:17:03,160 [INFO] 1 change detected
2026-05-11 21:17:03,518 [INFO] 1 change detected
2026-05-11 21:17:03,929 [INFO] 1 change detected
2026-05-11 21:17:04,338 [INFO] 1 change detected
2026-05-11 21:17:04,745 [INFO] 1 change detected
2026-05-11 21:17:05,152 [INFO] 1 change detected
2026-05-11 21:17:05,561 [INFO] 1 change detected
2026-05-11 21:17:05,921 [INFO] 1 change detected
2026-05-11 21:17:06,330 [INFO] 1 change detected
2026-05-11 21:17:06,737 [INFO] 5 changes detected
2026-05-11 21:17:07,146 [INFO] 1 change detected
2026-05-11 21:17:07,556 [INFO] 1 change detected
2026-05-11 21:17:07,965 [INFO] 1 change detected
2026-05-11 21:17:08,377 [INFO] 1 change detected
2026-05-11 21:17:08,737 [INFO] 1 change detected
2026-05-11 21:17:09,150 [INFO] 1 change detected
2026-05-11 21:17:09,562 [INFO] 1 change detected
2026-05-11 21:17:09,969 [INFO] 1 change detected
2026-05-11 21:17:10,333 [INFO] 1 change detected
2026-05-11 21:17:10,746 [INFO] 1 change detected
2026-05-11 21:17:11,155 [INFO] 1 change detected
2026-05-11 21:17:11,564 [INFO] 1 change detected
2026-05-11 21:17:11,921 [INFO] 4 changes detected
2026-05-11 21:17:12,286 [INFO] 1 change detected
2026-05-11 21:17:12,649 [INFO] 1 change detected
2026-05-11 21:17:13,008 [INFO] 1 change detected
2026-05-11 21:17:13,419 [INFO] 1 change detected
2026-05-11 21:17:13,827 [INFO] 1 change detected
2026-05-11 21:17:14,236 [INFO] 1 change detected
2026-05-11 21:17:14,594 [INFO] 1 change detected
2026-05-11 21:17:15,009 [INFO] 1 change detected
2026-05-11 21:17:15,418 [INFO] 1 change detected
2026-05-11 21:17:15,781 [INFO] 1 change detected
2026-05-11 21:17:16,194 [INFO] 1 change detected
2026-05-11 21:17:16,603 [INFO] 1 change detected
2026-05-11 21:17:17,061 [INFO] 5 changes detected
2026-05-11 21:17:17,467 [INFO] 1 change detected
2026-05-11 21:17:17,875 [INFO] 1 change detected
2026-05-11 21:17:18,283 [INFO] 1 change detected
2026-05-11 21:17:18,693 [INFO] 1 change detected
2026-05-11 21:17:19,053 [INFO] 1 change detected
2026-05-11 21:17:19,466 [INFO] 1 change detected
2026-05-11 21:17:19,877 [INFO] 1 change detected
2026-05-11 21:17:20,286 [INFO] 1 change detected
2026-05-11 21:17:20,698 [INFO] 1 change detected
2026-05-11 21:17:21,058 [INFO] 1 change detected
2026-05-11 21:17:21,474 [INFO] 1 change detected
2026-05-11 21:17:21,830 [INFO] 4 changes detected
2026-05-11 21:17:22,194 [INFO] 1 change detected
2026-05-11 21:17:22,556 [INFO] 1 change detected
2026-05-11 21:17:22,918 [INFO] 1 change detected
2026-05-11 21:17:23,332 [INFO] 1 change detected
2026-05-11 21:17:23,690 [INFO] 1 change detected
2026-05-11 21:17:24,100 [INFO] 1 change detected
2026-05-11 21:17:24,509 [INFO] 1 change detected
2026-05-11 21:17:24,922 [INFO] 1 change detected
2026-05-11 21:17:25,280 [INFO] 1 change detected
2026-05-11 21:17:25,694 [INFO] 1 change detected
2026-05-11 21:17:26,103 [INFO] 1 change detected
2026-05-11 21:17:26,512 [INFO] 1 change detected
2026-05-11 21:17:26,924 [INFO] 5 changes detected
2026-05-11 21:17:27,282 [INFO] 1 change detected
2026-05-11 21:17:27,646 [INFO] 1 change detected
2026-05-11 21:17:28,055 [INFO] 1 change detected
2026-05-11 21:17:28,466 [INFO] 1 change detected
2026-05-11 21:17:28,876 [INFO] 1 change detected
2026-05-11 21:17:29,288 [INFO] 1 change detected
2026-05-11 21:17:29,648 [INFO] 1 change detected
2026-05-11 21:17:30,063 [INFO] 1 change detected
2026-05-11 21:17:30,471 [INFO] 1 change detected
2026-05-11 21:17:30,881 [INFO] 1 change detected
2026-05-11 21:17:31,290 [INFO] 1 change detected
2026-05-11 21:17:31,751 [INFO] 5 changes detected
2026-05-11 21:17:32,158 [INFO] 1 change detected
2026-05-11 21:17:32,566 [INFO] 1 change detected
2026-05-11 21:17:32,976 [INFO] 1 change detected
2026-05-11 21:17:33,336 [INFO] 1 change detected
2026-05-11 21:17:33,749 [INFO] 1 change detected
2026-05-11 21:17:34,157 [INFO] 1 change detected
2026-05-11 21:17:34,519 [INFO] 1 change detected
2026-05-11 21:17:34,934 [INFO] 1 change detected
2026-05-11 21:17:35,346 [INFO] 1 change detected
2026-05-11 21:17:35,706 [INFO] 1 change detected
2026-05-11 21:17:36,119 [INFO] 1 change detected
2026-05-11 21:17:36,532 [INFO] 1 change detected
2026-05-11 21:17:36,943 [INFO] 5 changes detected
2026-05-11 21:17:37,349 [INFO] 1 change detected
2026-05-11 21:17:37,705 [INFO] 1 change detected
2026-05-11 21:17:38,119 [INFO] 1 change detected
2026-05-11 21:17:38,526 [INFO] 1 change detected
2026-05-11 21:17:38,934 [INFO] 1 change detected
2026-05-11 21:17:39,340 [INFO] 1 change detected
2026-05-11 21:17:39,699 [INFO] 1 change detected
2026-05-11 21:17:40,110 [INFO] 1 change detected
2026-05-11 21:17:40,518 [INFO] 1 change detected
2026-05-11 21:17:40,874 [INFO] 1 change detected
2026-05-11 21:17:41,283 [INFO] 1 change detected
2026-05-11 21:17:41,688 [INFO] 1 change detected
2026-05-11 21:17:42,042 [INFO] 4 changes detected
2026-05-11 21:17:42,403 [INFO] 1 change detected
2026-05-11 21:17:42,764 [INFO] 1 change detected
2026-05-11 21:17:43,125 [INFO] 1 change detected
2026-05-11 21:17:43,487 [INFO] 1 change detected
2026-05-11 21:17:43,854 [INFO] 1 change detected
2026-05-11 21:17:44,216 [INFO] 1 change detected
2026-05-11 21:17:44,629 [INFO] 1 change detected
2026-05-11 21:17:45,035 [INFO] 1 change detected
2026-05-11 21:17:45,441 [INFO] 1 change detected
2026-05-11 21:17:45,849 [INFO] 1 change detected
2026-05-11 21:17:46,254 [INFO] 1 change detected
2026-05-11 21:17:46,614 [INFO] 1 change detected
2026-05-11 21:17:46,971 [INFO] 4 changes detected
2026-05-11 21:17:47,329 [INFO] 1 change detected
2026-05-11 21:17:47,689 [INFO] 1 change detected
2026-05-11 21:17:48,050 [INFO] 1 change detected
2026-05-11 21:17:48,405 [INFO] 1 change detected
2026-05-11 21:17:48,760 [INFO] 1 change detected
2026-05-11 21:17:49,164 [INFO] 1 change detected
2026-05-11 21:17:49,571 [INFO] 1 change detected
2026-05-11 21:17:49,973 [INFO] 1 change detected
2026-05-11 21:17:50,376 [INFO] 1 change detected
2026-05-11 21:17:50,783 [INFO] 1 change detected
2026-05-11 21:17:51,189 [INFO] 1 change detected
2026-05-11 21:17:51,591 [INFO] 1 change detected
2026-05-11 21:17:51,999 [INFO] 1 change detected
2026-05-11 21:17:52,355 [INFO] 4 changes detected
2026-05-11 21:17:52,717 [INFO] 1 change detected
2026-05-11 21:17:53,078 [INFO] 1 change detected
2026-05-11 21:17:53,439 [INFO] 1 change detected
2026-05-11 21:17:53,799 [INFO] 1 change detected
2026-05-11 21:17:54,206 [INFO] 1 change detected
2026-05-11 21:17:54,616 [INFO] 1 change detected
2026-05-11 21:17:55,022 [INFO] 1 change detected
2026-05-11 21:17:55,427 [INFO] 1 change detected
2026-05-11 21:17:55,835 [INFO] 1 change detected
2026-05-11 21:17:56,192 [INFO] 1 change detected
2026-05-11 21:17:56,604 [INFO] 1 change detected
2026-05-11 21:17:56,961 [INFO] 4 changes detected
2026-05-11 21:17:57,317 [INFO] 1 change detected
2026-05-11 21:17:57,676 [INFO] 1 change detected
2026-05-11 21:17:58,037 [INFO] 1 change detected
2026-05-11 21:17:58,448 [INFO] 1 change detected
2026-05-11 21:17:58,854 [INFO] 1 change detected
2026-05-11 21:17:59,262 [INFO] 1 change detected
2026-05-11 21:17:59,667 [INFO] 1 change detected
2026-05-11 21:18:00,027 [INFO] 1 change detected
2026-05-11 21:18:00,438 [INFO] 1 change detected
2026-05-11 21:18:00,847 [INFO] 1 change detected
2026-05-11 21:18:01,253 [INFO] 1 change detected
2026-05-11 21:18:01,658 [INFO] 1 change detected
2026-05-11 21:18:02,119 [INFO] 5 changes detected
2026-05-11 21:18:02,523 [INFO] 1 change detected
2026-05-11 21:18:02,880 [INFO] 1 change detected
2026-05-11 21:18:03,294 [INFO] 1 change detected
2026-05-11 21:18:03,701 [INFO] 1 change detected
2026-05-11 21:18:04,110 [INFO] 1 change detected
2026-05-11 21:18:04,518 [INFO] 1 change detected
2026-05-11 21:18:04,880 [INFO] 1 change detected
2026-05-11 21:18:05,291 [INFO] 1 change detected
2026-05-11 21:18:05,699 [INFO] 1 change detected
2026-05-11 21:18:06,108 [INFO] 1 change detected
2026-05-11 21:18:06,518 [INFO] 1 change detected
2026-05-11 21:18:06,925 [INFO] 1 change detected
2026-05-11 21:18:07,284 [INFO] 1 change detected
2026-05-11 21:18:07,694 [INFO] 5 changes detected
2026-05-11 21:18:08,102 [INFO] 1 change detected
2026-05-11 21:18:08,508 [INFO] 1 change detected
2026-05-11 21:18:08,913 [INFO] 1 change detected
2026-05-11 21:18:09,321 [INFO] 1 change detected
2026-05-11 21:18:09,726 [INFO] 1 change detected
2026-05-11 21:18:10,133 [INFO] 1 change detected
2026-05-11 21:18:10,538 [INFO] 1 change detected
2026-05-11 21:18:10,945 [INFO] 1 change detected
2026-05-11 21:18:11,351 [INFO] 1 change detected
2026-05-11 21:18:11,710 [INFO] 1 change detected
2026-05-11 21:18:12,121 [INFO] 5 changes detected
2026-05-11 21:18:12,529 [INFO] 1 change detected
2026-05-11 21:18:12,938 [INFO] 1 change detected
2026-05-11 21:18:13,343 [INFO] 1 change detected
2026-05-11 21:18:13,747 [INFO] 1 change detected
2026-05-11 21:18:14,152 [INFO] 1 change detected
2026-05-11 21:18:14,559 [INFO] 1 change detected
2026-05-11 21:18:14,963 [INFO] 1 change detected
2026-05-11 21:18:15,315 [INFO] 1 change detected
2026-05-11 21:18:15,722 [INFO] 1 change detected
2026-05-11 21:18:16,131 [INFO] 1 change detected
2026-05-11 21:18:16,588 [INFO] 1 change detected
2026-05-11 21:18:16,939 [INFO] 4 changes detected
2026-05-11 21:18:17,299 [INFO] 1 change detected
2026-05-11 21:18:17,656 [INFO] 1 change detected
2026-05-11 21:18:18,015 [INFO] 1 change detected
2026-05-11 21:18:18,426 [INFO] 1 change detected
2026-05-11 21:18:18,830 [INFO] 1 change detected
2026-05-11 21:18:19,188 [INFO] 1 change detected
2026-05-11 21:18:19,600 [INFO] 1 change detected
2026-05-11 21:18:20,006 [INFO] 1 change detected
2026-05-11 21:18:20,413 [INFO] 1 change detected
2026-05-11 21:18:20,817 [INFO] 1 change detected
2026-05-11 21:18:21,222 [INFO] 1 change detected
2026-05-11 21:18:21,681 [INFO] 5 changes detected
2026-05-11 21:18:22,096 [INFO] 1 change detected
2026-05-11 21:18:22,503 [INFO] 1 change detected
2026-05-11 21:18:22,910 [INFO] 1 change detected
2026-05-11 21:18:23,318 [INFO] 1 change detected
2026-05-11 21:18:23,727 [INFO] 1 change detected
2026-05-11 21:18:24,132 [INFO] 1 change detected
2026-05-11 21:18:24,534 [INFO] 1 change detected
2026-05-11 21:18:24,941 [INFO] 1 change detected
2026-05-11 21:18:25,348 [INFO] 1 change detected
2026-05-11 21:18:25,716 [INFO] 1 change detected
2026-05-11 21:18:26,125 [INFO] 1 change detected
2026-05-11 21:18:26,529 [INFO] 1 change detected
2026-05-11 21:18:26,886 [INFO] 4 changes detected
2026-05-11 21:18:27,250 [INFO] 1 change detected
2026-05-11 21:18:27,609 [INFO] 1 change detected
2026-05-11 21:18:27,970 [INFO] 1 change detected
2026-05-11 21:18:28,326 [INFO] 1 change detected
2026-05-11 21:18:28,684 [INFO] 1 change detected
2026-05-11 21:18:29,095 [INFO] 1 change detected
2026-05-11 21:18:29,501 [INFO] 1 change detected
2026-05-11 21:18:29,907 [INFO] 1 change detected
2026-05-11 21:18:30,315 [INFO] 1 change detected
2026-05-11 21:18:30,721 [INFO] 1 change detected
2026-05-11 21:18:31,079 [INFO] 1 change detected
2026-05-11 21:18:31,486 [INFO] 1 change detected
2026-05-11 21:18:31,900 [INFO] 5 changes detected
2026-05-11 21:18:32,305 [INFO] 1 change detected
2026-05-11 21:18:32,712 [INFO] 1 change detected
2026-05-11 21:18:33,116 [INFO] 1 change detected
2026-05-11 21:18:33,520 [INFO] 1 change detected
2026-05-11 21:18:33,923 [INFO] 1 change detected
2026-05-11 21:18:34,329 [INFO] 1 change detected
2026-05-11 21:18:34,733 [INFO] 1 change detected
2026-05-11 21:18:35,135 [INFO] 1 change detected
2026-05-11 21:18:35,550 [INFO] 1 change detected
2026-05-11 21:18:35,912 [INFO] 1 change detected
2026-05-11 21:18:36,318 [INFO] 1 change detected
2026-05-11 21:18:36,783 [INFO] 5 changes detected
2026-05-11 21:18:37,191 [INFO] 1 change detected
2026-05-11 21:18:37,554 [INFO] 1 change detected
2026-05-11 21:18:37,955 [INFO] 1 change detected
2026-05-11 21:18:38,371 [INFO] 1 change detected
2026-05-11 21:18:38,773 [INFO] 1 change detected
2026-05-11 21:18:39,185 [INFO] 1 change detected
2026-05-11 21:18:39,547 [INFO] 1 change detected
2026-05-11 21:18:39,956 [INFO] 1 change detected
2026-05-11 21:18:40,369 [INFO] 1 change detected
2026-05-11 21:18:40,784 [INFO] 1 change detected
2026-05-11 21:18:41,149 [INFO] 1 change detected
2026-05-11 21:18:41,552 [INFO] 1 change detected
2026-05-11 21:18:41,917 [INFO] 4 changes detected
2026-05-11 21:18:42,271 [INFO] 1 change detected
2026-05-11 21:18:42,627 [INFO] 1 change detected
2026-05-11 21:18:42,981 [INFO] 1 change detected
2026-05-11 21:18:43,346 [INFO] 1 change detected
2026-05-11 21:18:43,698 [INFO] 1 change detected
2026-05-11 21:18:44,102 [INFO] 1 change detected
2026-05-11 21:18:44,517 [INFO] 1 change detected
2026-05-11 21:18:44,931 [INFO] 1 change detected
2026-05-11 21:18:45,334 [INFO] 1 change detected
2026-05-11 21:18:45,688 [INFO] 1 change detected
2026-05-11 21:18:46,100 [INFO] 1 change detected
2026-05-11 21:18:46,506 [INFO] 1 change detected
2026-05-11 21:18:46,860 [INFO] 4 changes detected
2026-05-11 21:18:47,219 [INFO] 1 change detected
2026-05-11 21:18:47,582 [INFO] 1 change detected
2026-05-11 21:18:47,939 [INFO] 1 change detected
2026-05-11 21:18:48,295 [INFO] 1 change detected
2026-05-11 21:18:48,656 [INFO] 1 change detected
2026-05-11 21:18:49,063 [INFO] 1 change detected
2026-05-11 21:18:49,467 [INFO] 1 change detected
2026-05-11 21:18:49,871 [INFO] 1 change detected
2026-05-11 21:18:50,277 [INFO] 1 change detected
2026-05-11 21:18:50,682 [INFO] 1 change detected
2026-05-11 21:18:51,090 [INFO] 1 change detected
2026-05-11 21:18:51,493 [INFO] 1 change detected
2026-05-11 21:18:51,849 [INFO] 4 changes detected
2026-05-11 21:18:52,207 [INFO] 1 change detected
2026-05-11 21:18:52,568 [INFO] 1 change detected
2026-05-11 21:18:52,927 [INFO] 1 change detected
2026-05-11 21:18:53,289 [INFO] 1 change detected
2026-05-11 21:18:53,699 [INFO] 1 change detected
2026-05-11 21:18:54,105 [INFO] 1 change detected
2026-05-11 21:18:54,510 [INFO] 1 change detected
2026-05-11 21:18:54,913 [INFO] 1 change detected
2026-05-11 21:18:55,316 [INFO] 1 change detected
2026-05-11 21:18:55,720 [INFO] 1 change detected
2026-05-11 21:18:56,121 [INFO] 1 change detected
2026-05-11 21:18:56,529 [INFO] 1 change detected
2026-05-11 21:18:56,885 [INFO] 4 changes detected
2026-05-11 21:18:57,241 [INFO] 1 change detected
2026-05-11 21:18:57,599 [INFO] 1 change detected
2026-05-11 21:18:57,958 [INFO] 1 change detected
2026-05-11 21:18:58,367 [INFO] 1 change detected
2026-05-11 21:18:58,771 [INFO] 1 change detected
2026-05-11 21:18:59,174 [INFO] 1 change detected
2026-05-11 21:18:59,528 [INFO] 1 change detected
2026-05-11 21:18:59,941 [INFO] 1 change detected
2026-05-11 21:19:00,347 [INFO] 1 change detected
2026-05-11 21:19:00,753 [INFO] 1 change detected
2026-05-11 21:19:01,157 [INFO] 1 change detected
2026-05-11 21:19:01,560 [INFO] 1 change detected
2026-05-11 21:19:01,914 [INFO] 4 changes detected
2026-05-11 21:19:02,270 [INFO] 1 change detected
2026-05-11 21:19:02,627 [INFO] 1 change detected
2026-05-11 21:19:02,986 [INFO] 1 change detected
2026-05-11 21:19:03,393 [INFO] 1 change detected
2026-05-11 21:19:03,796 [INFO] 1 change detected
2026-05-11 21:19:04,206 [INFO] 1 change detected
2026-05-11 21:19:04,572 [INFO] 1 change detected
2026-05-11 21:19:04,981 [INFO] 1 change detected
2026-05-11 21:19:05,386 [INFO] 1 change detected
2026-05-11 21:19:05,791 [INFO] 1 change detected
2026-05-11 21:19:06,195 [INFO] 1 change detected
2026-05-11 21:19:06,602 [INFO] 1 change detected
2026-05-11 21:19:06,957 [INFO] 4 changes detected
2026-05-11 21:19:07,315 [INFO] 1 change detected
2026-05-11 21:19:07,675 [INFO] 1 change detected
2026-05-11 21:19:08,031 [INFO] 1 change detected
2026-05-11 21:19:08,388 [INFO] 1 change detected
2026-05-11 21:19:08,796 [INFO] 1 change detected
2026-05-11 21:19:09,201 [INFO] 1 change detected
2026-05-11 21:19:09,608 [INFO] 1 change detected
2026-05-11 21:19:10,013 [INFO] 1 change detected
2026-05-11 21:19:10,418 [INFO] 1 change detected
2026-05-11 21:19:10,822 [INFO] 1 change detected
2026-05-11 21:19:11,225 [INFO] 1 change detected
2026-05-11 21:19:11,629 [INFO] 1 change detected
2026-05-11 21:19:11,987 [INFO] 4 changes detected
2026-05-11 21:19:12,343 [INFO] 1 change detected
2026-05-11 21:19:12,698 [INFO] 1 change detected
2026-05-11 21:19:13,059 [INFO] 1 change detected
2026-05-11 21:19:13,416 [INFO] 1 change detected
2026-05-11 21:19:13,826 [INFO] 1 change detected
2026-05-11 21:19:14,231 [INFO] 1 change detected
2026-05-11 21:19:14,637 [INFO] 1 change detected
2026-05-11 21:19:15,043 [INFO] 1 change detected
2026-05-11 21:19:15,409 [INFO] 1 change detected
2026-05-11 21:19:15,818 [INFO] 1 change detected
2026-05-11 21:19:16,221 [INFO] 1 change detected
2026-05-11 21:19:16,678 [INFO] 5 changes detected
2026-05-11 21:19:17,092 [INFO] 1 change detected
2026-05-11 21:19:17,496 [INFO] 1 change detected
2026-05-11 21:19:17,904 [INFO] 1 change detected
2026-05-11 21:19:18,261 [INFO] 1 change detected
2026-05-11 21:19:18,670 [INFO] 1 change detected
2026-05-11 21:19:19,078 [INFO] 1 change detected
2026-05-11 21:19:19,484 [INFO] 1 change detected
2026-05-11 21:19:19,889 [INFO] 1 change detected
2026-05-11 21:19:20,296 [INFO] 1 change detected
2026-05-11 21:19:20,706 [INFO] 1 change detected
2026-05-11 21:19:21,110 [INFO] 1 change detected
2026-05-11 21:19:21,469 [INFO] 1 change detected
2026-05-11 21:19:21,830 [INFO] 4 changes detected
2026-05-11 21:19:22,194 [INFO] 1 change detected
2026-05-11 21:19:22,559 [INFO] 1 change detected
2026-05-11 21:19:22,921 [INFO] 1 change detected
2026-05-11 21:19:23,285 [INFO] 1 change detected
2026-05-11 21:19:23,648 [INFO] 1 change detected
2026-05-11 21:19:24,062 [INFO] 1 change detected
2026-05-11 21:19:24,469 [INFO] 1 change detected
2026-05-11 21:19:24,879 [INFO] 1 change detected
2026-05-11 21:19:25,292 [INFO] 1 change detected
2026-05-11 21:19:25,703 [INFO] 1 change detected
2026-05-11 21:19:26,062 [INFO] 1 change detected
2026-05-11 21:19:26,474 [INFO] 1 change detected
2026-05-11 21:19:26,883 [INFO] 5 changes detected
2026-05-11 21:19:27,292 [INFO] 1 change detected
2026-05-11 21:19:27,703 [INFO] 1 change detected
2026-05-11 21:19:28,063 [INFO] 1 change detected
2026-05-11 21:19:28,476 [INFO] 1 change detected
2026-05-11 21:19:28,888 [INFO] 1 change detected
2026-05-11 21:19:29,299 [INFO] 1 change detected
2026-05-11 21:19:29,659 [INFO] 1 change detected
2026-05-11 21:19:30,075 [INFO] 1 change detected
2026-05-11 21:19:30,483 [INFO] 1 change detected
2026-05-11 21:19:30,893 [INFO] 1 change detected
2026-05-11 21:19:31,301 [INFO] 1 change detected
2026-05-11 21:19:31,712 [INFO] 5 changes detected
2026-05-11 21:19:32,070 [INFO] 1 change detected
2026-05-11 21:19:32,485 [INFO] 1 change detected
2026-05-11 21:19:32,893 [INFO] 1 change detected
2026-05-11 21:19:33,304 [INFO] 1 change detected
2026-05-11 21:19:33,663 [INFO] 1 change detected
2026-05-11 21:19:34,076 [INFO] 1 change detected
2026-05-11 21:19:34,485 [INFO] 1 change detected
2026-05-11 21:19:34,846 [INFO] 1 change detected
2026-05-11 21:19:35,258 [INFO] 1 change detected
2026-05-11 21:19:35,670 [INFO] 1 change detected
2026-05-11 21:19:36,079 [INFO] 1 change detected
2026-05-11 21:19:36,440 [INFO] 1 change detected
2026-05-11 21:19:36,850 [INFO] 5 changes detected
2026-05-11 21:19:37,259 [INFO] 1 change detected
2026-05-11 21:19:37,670 [INFO] 1 change detected
2026-05-11 21:19:38,081 [INFO] 1 change detected
2026-05-11 21:19:38,488 [INFO] 1 change detected
2026-05-11 21:19:38,897 [INFO] 1 change detected
2026-05-11 21:19:39,306 [INFO] 1 change detected
2026-05-11 21:19:39,666 [INFO] 1 change detected
2026-05-11 21:19:40,081 [INFO] 1 change detected
2026-05-11 21:19:40,490 [INFO] 1 change detected
2026-05-11 21:19:40,902 [INFO] 1 change detected
2026-05-11 21:19:41,310 [INFO] 1 change detected
2026-05-11 21:19:41,720 [INFO] 5 changes detected
2026-05-11 21:19:42,077 [INFO] 1 change detected
2026-05-11 21:19:42,488 [INFO] 1 change detected
2026-05-11 21:19:42,900 [INFO] 1 change detected
2026-05-11 21:19:43,306 [INFO] 1 change detected
2026-05-11 21:19:43,666 [INFO] 1 change detected
2026-05-11 21:19:44,076 [INFO] 1 change detected
2026-05-11 21:19:44,485 [INFO] 1 change detected
2026-05-11 21:19:44,892 [INFO] 1 change detected
2026-05-11 21:19:45,299 [INFO] 1 change detected
2026-05-11 21:19:45,703 [INFO] 1 change detected
2026-05-11 21:19:46,060 [INFO] 1 change detected
2026-05-11 21:19:46,466 [INFO] 1 change detected
2026-05-11 21:19:46,871 [INFO] 5 changes detected
2026-05-11 21:19:47,227 [INFO] 1 change detected
2026-05-11 21:19:47,633 [INFO] 1 change detected
2026-05-11 21:19:48,038 [INFO] 1 change detected
2026-05-11 21:19:48,444 [INFO] 1 change detected
2026-05-11 21:19:48,850 [INFO] 1 change detected
2026-05-11 21:19:49,254 [INFO] 1 change detected
2026-05-11 21:19:49,655 [INFO] 1 change detected
2026-05-11 21:19:50,060 [INFO] 1 change detected
2026-05-11 21:19:50,417 [INFO] 1 change detected
2026-05-11 21:19:50,825 [INFO] 1 change detected
2026-05-11 21:19:51,230 [INFO] 1 change detected
2026-05-11 21:19:51,637 [INFO] 1 change detected
2026-05-11 21:19:51,992 [INFO] 4 changes detected
2026-05-11 21:19:52,350 [INFO] 1 change detected
2026-05-11 21:19:52,710 [INFO] 1 change detected
2026-05-11 21:19:53,069 [INFO] 1 change detected
2026-05-11 21:19:53,429 [INFO] 1 change detected
2026-05-11 21:19:53,836 [INFO] 1 change detected
2026-05-11 21:19:54,240 [INFO] 1 change detected
2026-05-11 21:19:54,646 [INFO] 1 change detected
2026-05-11 21:19:55,053 [INFO] 1 change detected
2026-05-11 21:19:55,457 [INFO] 1 change detected
2026-05-11 21:19:55,864 [INFO] 1 change detected
2026-05-11 21:19:56,268 [INFO] 1 change detected
2026-05-11 21:19:56,673 [INFO] 1 change detected
2026-05-11 21:19:57,081 [INFO] 5 changes detected
2026-05-11 21:19:57,484 [INFO] 1 change detected
2026-05-11 21:19:57,888 [INFO] 1 change detected
2026-05-11 21:19:58,293 [INFO] 1 change detected
2026-05-11 21:19:58,697 [INFO] 1 change detected
2026-05-11 21:19:59,101 [INFO] 1 change detected
2026-05-11 21:19:59,504 [INFO] 1 change detected
2026-05-11 21:19:59,906 [INFO] 1 change detected
2026-05-11 21:20:00,317 [INFO] 1 change detected
2026-05-11 21:20:00,721 [INFO] 1 change detected
2026-05-11 21:20:01,128 [INFO] 1 change detected
2026-05-11 21:20:01,533 [INFO] 1 change detected
2026-05-11 21:20:01,938 [INFO] 5 changes detected
2026-05-11 21:20:02,343 [INFO] 1 change detected
2026-05-11 21:20:02,751 [INFO] 1 change detected
2026-05-11 21:20:03,106 [INFO] 1 change detected
2026-05-11 21:20:03,517 [INFO] 1 change detected
2026-05-11 21:20:03,927 [INFO] 1 change detected
2026-05-11 21:20:04,291 [INFO] 1 change detected
2026-05-11 21:20:04,703 [INFO] 1 change detected
2026-05-11 21:20:05,107 [INFO] 1 change detected
2026-05-11 21:20:05,511 [INFO] 1 change detected
2026-05-11 21:20:05,920 [INFO] 1 change detected
2026-05-11 21:20:06,281 [INFO] 1 change detected
2026-05-11 21:20:06,792 [INFO] 5 changes detected
2026-05-11 21:20:07,208 [INFO] 1 change detected
2026-05-11 21:20:07,568 [INFO] 1 change detected
2026-05-11 21:20:07,981 [INFO] 1 change detected
2026-05-11 21:20:08,387 [INFO] 1 change detected
2026-05-11 21:20:08,788 [INFO] 1 change detected
2026-05-11 21:20:09,195 [INFO] 1 change detected
2026-05-11 21:20:09,601 [INFO] 1 change detected
2026-05-11 21:20:10,008 [INFO] 1 change detected
2026-05-11 21:20:10,417 [INFO] 1 change detected
2026-05-11 21:20:10,823 [INFO] 1 change detected
2026-05-11 21:20:11,231 [INFO] 1 change detected
2026-05-11 21:20:11,739 [INFO] 5 changes detected
2026-05-11 21:20:12,155 [INFO] 1 change detected
2026-05-11 21:20:12,562 [INFO] 1 change detected
2026-05-11 21:20:12,969 [INFO] 1 change detected
2026-05-11 21:20:13,329 [INFO] 1 change detected
2026-05-11 21:20:13,743 [INFO] 1 change detected
2026-05-11 21:20:14,149 [INFO] 1 change detected
2026-05-11 21:20:14,559 [INFO] 1 change detected
2026-05-11 21:20:14,966 [INFO] 1 change detected
2026-05-11 21:20:15,369 [INFO] 1 change detected
2026-05-11 21:20:15,776 [INFO] 1 change detected
2026-05-11 21:20:16,133 [INFO] 1 change detected
2026-05-11 21:20:16,544 [INFO] 1 change detected
2026-05-11 21:20:16,950 [INFO] 5 changes detected
2026-05-11 21:20:17,360 [INFO] 1 change detected
2026-05-11 21:20:17,768 [INFO] 1 change detected
2026-05-11 21:20:18,178 [INFO] 1 change detected
2026-05-11 21:20:18,585 [INFO] 1 change detected
2026-05-11 21:20:18,992 [INFO] 1 change detected
2026-05-11 21:20:19,352 [INFO] 1 change detected
2026-05-11 21:20:19,763 [INFO] 1 change detected
2026-05-11 21:20:20,168 [INFO] 1 change detected
2026-05-11 21:20:20,574 [INFO] 1 change detected
2026-05-11 21:20:20,986 [INFO] 1 change detected
2026-05-11 21:20:21,391 [INFO] 1 change detected
2026-05-11 21:20:21,844 [INFO] 5 changes detected
2026-05-11 21:20:22,246 [INFO] 1 change detected
2026-05-11 21:20:22,652 [INFO] 1 change detected
2026-05-11 21:20:23,058 [INFO] 1 change detected
2026-05-11 21:20:23,417 [INFO] 1 change detected
2026-05-11 21:20:23,827 [INFO] 1 change detected
2026-05-11 21:20:24,237 [INFO] 1 change detected
2026-05-11 21:20:24,645 [INFO] 1 change detected
2026-05-11 21:20:25,053 [INFO] 1 change detected
2026-05-11 21:20:25,414 [INFO] 1 change detected
2026-05-11 21:20:25,831 [INFO] 1 change detected
2026-05-11 21:20:26,238 [INFO] 1 change detected
2026-05-11 21:20:26,647 [INFO] 1 change detected
2026-05-11 21:20:27,002 [INFO] 4 changes detected
2026-05-11 21:20:27,363 [INFO] 1 change detected
2026-05-11 21:20:27,728 [INFO] 1 change detected
2026-05-11 21:20:28,090 [INFO] 1 change detected
2026-05-11 21:20:28,454 [INFO] 1 change detected
2026-05-11 21:20:28,817 [INFO] 1 change detected
2026-05-11 21:20:29,176 [INFO] 1 change detected
2026-05-11 21:20:29,588 [INFO] 1 change detected
2026-05-11 21:20:29,999 [INFO] 1 change detected
2026-05-11 21:20:30,358 [INFO] 1 change detected
2026-05-11 21:20:30,773 [INFO] 1 change detected
2026-05-11 21:20:31,184 [INFO] 1 change detected
2026-05-11 21:20:31,591 [INFO] 1 change detected
2026-05-11 21:20:31,949 [INFO] 4 changes detected
2026-05-11 21:20:32,312 [INFO] 1 change detected
2026-05-11 21:20:32,674 [INFO] 1 change detected
2026-05-11 21:20:33,038 [INFO] 1 change detected
2026-05-11 21:20:33,398 [INFO] 1 change detected
2026-05-11 21:20:33,761 [INFO] 1 change detected
2026-05-11 21:20:34,126 [INFO] 1 change detected
2026-05-11 21:20:34,539 [INFO] 1 change detected
2026-05-11 21:20:34,950 [INFO] 1 change detected
2026-05-11 21:20:35,310 [INFO] 1 change detected
2026-05-11 21:20:35,721 [INFO] 1 change detected
2026-05-11 21:20:36,133 [INFO] 1 change detected
2026-05-11 21:20:36,541 [INFO] 1 change detected
2026-05-11 21:20:36,901 [INFO] 4 changes detected
2026-05-11 21:20:37,260 [INFO] 1 change detected
2026-05-11 21:20:37,623 [INFO] 1 change detected
2026-05-11 21:20:37,986 [INFO] 1 change detected
2026-05-11 21:20:38,348 [INFO] 1 change detected
2026-05-11 21:20:38,711 [INFO] 1 change detected
2026-05-11 21:20:39,126 [INFO] 1 change detected
2026-05-11 21:20:39,535 [INFO] 1 change detected
2026-05-11 21:20:39,897 [INFO] 1 change detected
2026-05-11 21:20:40,311 [INFO] 1 change detected
2026-05-11 21:20:40,723 [INFO] 1 change detected
2026-05-11 21:20:41,085 [INFO] 1 change detected
2026-05-11 21:20:41,498 [INFO] 1 change detected
2026-05-11 21:20:41,855 [INFO] 4 changes detected
2026-05-11 21:20:42,216 [INFO] 1 change detected
2026-05-11 21:20:42,581 [INFO] 1 change detected
2026-05-11 21:20:42,944 [INFO] 1 change detected
2026-05-11 21:20:43,305 [INFO] 1 change detected
2026-05-11 21:20:43,669 [INFO] 1 change detected
2026-05-11 21:20:44,029 [INFO] 1 change detected
2026-05-11 21:20:44,438 [INFO] 1 change detected
2026-05-11 21:20:44,842 [INFO] 1 change detected
2026-05-11 21:20:45,248 [INFO] 1 change detected
2026-05-11 21:20:45,652 [INFO] 1 change detected
2026-05-11 21:20:46,061 [INFO] 1 change detected
2026-05-11 21:20:46,470 [INFO] 1 change detected
2026-05-11 21:20:46,875 [INFO] 5 changes detected
2026-05-11 21:20:47,284 [INFO] 1 change detected
2026-05-11 21:20:47,692 [INFO] 1 change detected
2026-05-11 21:20:48,100 [INFO] 1 change detected
2026-05-11 21:20:48,458 [INFO] 1 change detected
2026-05-11 21:20:48,872 [INFO] 1 change detected
2026-05-11 21:20:49,276 [INFO] 1 change detected
2026-05-11 21:20:49,680 [INFO] 1 change detected
2026-05-11 21:20:50,087 [INFO] 1 change detected
2026-05-11 21:20:50,497 [INFO] 1 change detected
2026-05-11 21:20:50,903 [INFO] 1 change detected
2026-05-11 21:20:51,310 [INFO] 1 change detected
2026-05-11 21:20:51,720 [INFO] 1 change detected
2026-05-11 21:20:52,124 [INFO] 5 changes detected
2026-05-11 21:20:52,537 [INFO] 1 change detected
2026-05-11 21:20:52,895 [INFO] 1 change detected
2026-05-11 21:20:53,307 [INFO] 1 change detected
2026-05-11 21:20:53,714 [INFO] 1 change detected
2026-05-11 21:20:54,121 [INFO] 1 change detected
2026-05-11 21:20:54,526 [INFO] 1 change detected
2026-05-11 21:20:54,930 [INFO] 1 change detected
2026-05-11 21:20:55,335 [INFO] 1 change detected
2026-05-11 21:20:55,692 [INFO] 1 change detected
2026-05-11 21:20:56,105 [INFO] 1 change detected
2026-05-11 21:20:56,517 [INFO] 1 change detected
2026-05-11 21:20:56,877 [INFO] 4 changes detected
2026-05-11 21:20:57,240 [INFO] 1 change detected
2026-05-11 21:20:57,601 [INFO] 1 change detected
2026-05-11 21:20:57,964 [INFO] 1 change detected
2026-05-11 21:20:58,327 [INFO] 1 change detected
2026-05-11 21:20:58,743 [INFO] 1 change detected
2026-05-11 21:20:59,101 [INFO] 1 change detected
2026-05-11 21:20:59,516 [INFO] 1 change detected
2026-05-11 21:20:59,926 [INFO] 1 change detected
2026-05-11 21:21:00,289 [INFO] 1 change detected
2026-05-11 21:21:00,701 [INFO] 1 change detected
2026-05-11 21:21:01,112 [INFO] 1 change detected
2026-05-11 21:21:01,473 [INFO] 1 change detected
2026-05-11 21:21:01,885 [INFO] 5 changes detected
2026-05-11 21:21:02,294 [INFO] 1 change detected
2026-05-11 21:21:02,705 [INFO] 1 change detected
2026-05-11 21:21:03,066 [INFO] 1 change detected
2026-05-11 21:21:03,480 [INFO] 1 change detected
2026-05-11 21:21:03,890 [INFO] 1 change detected
2026-05-11 21:21:04,248 [INFO] 1 change detected
2026-05-11 21:21:04,664 [INFO] 1 change detected
2026-05-11 21:21:05,073 [INFO] 1 change detected
2026-05-11 21:21:05,434 [INFO] 1 change detected
2026-05-11 21:21:05,850 [INFO] 1 change detected
2026-05-11 21:21:06,262 [INFO] 1 change detected
2026-05-11 21:21:06,668 [INFO] 5 changes detected
2026-05-11 21:21:07,076 [INFO] 1 change detected
2026-05-11 21:21:07,484 [INFO] 1 change detected
2026-05-11 21:21:07,888 [INFO] 1 change detected
2026-05-11 21:21:08,296 [INFO] 1 change detected
2026-05-11 21:21:08,705 [INFO] 1 change detected
2026-05-11 21:21:09,109 [INFO] 1 change detected
2026-05-11 21:21:09,515 [INFO] 1 change detected
2026-05-11 21:21:09,923 [INFO] 1 change detected
2026-05-11 21:21:10,330 [INFO] 1 change detected
2026-05-11 21:21:10,686 [INFO] 1 change detected
2026-05-11 21:21:11,096 [INFO] 1 change detected
2026-05-11 21:21:11,506 [INFO] 1 change detected
2026-05-11 21:21:11,912 [INFO] 5 changes detected
2026-05-11 21:21:12,268 [INFO] 1 change detected
2026-05-11 21:21:12,677 [INFO] 1 change detected
2026-05-11 21:21:13,079 [INFO] 1 change detected
2026-05-11 21:21:13,483 [INFO] 1 change detected
2026-05-11 21:21:13,891 [INFO] 1 change detected
2026-05-11 21:21:14,299 [INFO] 1 change detected
2026-05-11 21:21:14,708 [INFO] 1 change detected
2026-05-11 21:21:15,113 [INFO] 1 change detected
2026-05-11 21:21:15,520 [INFO] 1 change detected
2026-05-11 21:21:15,926 [INFO] 1 change detected
2026-05-11 21:21:16,336 [INFO] 1 change detected
2026-05-11 21:21:16,745 [INFO] 5 changes detected
2026-05-11 21:21:17,103 [INFO] 1 change detected
2026-05-11 21:21:17,513 [INFO] 1 change detected
2026-05-11 21:21:17,922 [INFO] 1 change detected
2026-05-11 21:21:18,334 [INFO] 1 change detected
2026-05-11 21:21:18,691 [INFO] 1 change detected
2026-05-11 21:21:19,104 [INFO] 1 change detected
2026-05-11 21:21:19,510 [INFO] 1 change detected
2026-05-11 21:21:19,920 [INFO] 1 change detected
2026-05-11 21:21:20,282 [INFO] 1 change detected
2026-05-11 21:21:20,696 [INFO] 1 change detected
2026-05-11 21:21:21,107 [INFO] 1 change detected
2026-05-11 21:21:21,514 [INFO] 1 change detected
2026-05-11 21:21:21,920 [INFO] 5 changes detected
2026-05-11 21:21:22,328 [INFO] 1 change detected
2026-05-11 21:21:22,686 [INFO] 1 change detected
2026-05-11 21:21:23,100 [INFO] 1 change detected
2026-05-11 21:21:23,460 [INFO] 1 change detected
2026-05-11 21:21:23,875 [INFO] 1 change detected
2026-05-11 21:21:24,284 [INFO] 1 change detected
2026-05-11 21:21:24,642 [INFO] 1 change detected
2026-05-11 21:21:25,057 [INFO] 1 change detected
2026-05-11 21:21:25,465 [INFO] 1 change detected
2026-05-11 21:21:25,874 [INFO] 1 change detected
2026-05-11 21:21:26,235 [INFO] 1 change detected
2026-05-11 21:21:26,648 [INFO] 1 change detected
2026-05-11 21:21:27,004 [INFO] 4 changes detected
2026-05-11 21:21:27,366 [INFO] 1 change detected
2026-05-11 21:21:27,725 [INFO] 1 change detected
2026-05-11 21:21:28,089 [INFO] 1 change detected
2026-05-11 21:21:28,448 [INFO] 1 change detected
2026-05-11 21:21:28,811 [INFO] 1 change detected
2026-05-11 21:21:29,176 [INFO] 1 change detected
2026-05-11 21:21:29,587 [INFO] 1 change detected
2026-05-11 21:21:29,949 [INFO] 1 change detected
2026-05-11 21:21:30,362 [INFO] 1 change detected
2026-05-11 21:21:30,771 [INFO] 1 change detected
2026-05-11 21:21:31,179 [INFO] 1 change detected
2026-05-11 21:21:31,638 [INFO] 5 changes detected
2026-05-11 21:21:32,042 [INFO] 1 change detected
2026-05-11 21:21:32,450 [INFO] 1 change detected
2026-05-11 21:21:32,860 [INFO] 1 change detected
2026-05-11 21:21:33,272 [INFO] 1 change detected
2026-05-11 21:21:33,682 [INFO] 1 change detected
2026-05-11 21:21:34,090 [INFO] 1 change detected
2026-05-11 21:21:34,450 [INFO] 1 change detected
2026-05-11 21:21:34,862 [INFO] 1 change detected
2026-05-11 21:21:35,269 [INFO] 1 change detected
2026-05-11 21:21:35,679 [INFO] 1 change detected
2026-05-11 21:21:36,085 [INFO] 1 change detected
2026-05-11 21:21:36,489 [INFO] 1 change detected
2026-05-11 21:21:36,840 [INFO] 4 changes detected
2026-05-11 21:21:37,199 [INFO] 1 change detected
2026-05-11 21:21:37,561 [INFO] 1 change detected
2026-05-11 21:21:37,926 [INFO] 1 change detected
2026-05-11 21:21:38,291 [INFO] 1 change detected
2026-05-11 21:21:38,703 [INFO] 1 change detected
2026-05-11 21:21:39,107 [INFO] 1 change detected
2026-05-11 21:21:39,518 [INFO] 1 change detected
2026-05-11 21:21:39,928 [INFO] 1 change detected
2026-05-11 21:21:40,335 [INFO] 1 change detected
2026-05-11 21:21:40,744 [INFO] 1 change detected
2026-05-11 21:21:41,155 [INFO] 1 change detected
2026-05-11 21:21:41,512 [INFO] 1 change detected
2026-05-11 21:21:41,873 [INFO] 4 changes detected
2026-05-11 21:21:42,238 [INFO] 1 change detected
2026-05-11 21:21:42,601 [INFO] 1 change detected
2026-05-11 21:21:42,964 [INFO] 1 change detected
2026-05-11 21:21:43,325 [INFO] 1 change detected
2026-05-11 21:21:43,687 [INFO] 1 change detected
2026-05-11 21:21:44,097 [INFO] 1 change detected
2026-05-11 21:21:44,507 [INFO] 1 change detected
2026-05-11 21:21:44,913 [INFO] 1 change detected
2026-05-11 21:21:45,270 [INFO] 1 change detected
2026-05-11 21:21:45,682 [INFO] 1 change detected
2026-05-11 21:21:46,092 [INFO] 1 change detected
2026-05-11 21:21:46,502 [INFO] 1 change detected
2026-05-11 21:21:46,857 [INFO] 4 changes detected
2026-05-11 21:21:47,218 [INFO] 1 change detected
2026-05-11 21:21:47,578 [INFO] 1 change detected
2026-05-11 21:21:47,936 [INFO] 1 change detected
2026-05-11 21:21:48,295 [INFO] 1 change detected
2026-05-11 21:21:48,706 [INFO] 1 change detected
2026-05-11 21:21:49,114 [INFO] 1 change detected
2026-05-11 21:21:49,521 [INFO] 1 change detected
2026-05-11 21:21:49,926 [INFO] 1 change detected
2026-05-11 21:21:50,330 [INFO] 1 change detected
2026-05-11 21:21:50,738 [INFO] 1 change detected
2026-05-11 21:21:51,096 [INFO] 1 change detected
2026-05-11 21:21:51,507 [INFO] 1 change detected
2026-05-11 21:21:51,863 [INFO] 4 changes detected
2026-05-11 21:21:52,221 [INFO] 1 change detected
2026-05-11 21:21:52,577 [INFO] 1 change detected
2026-05-11 21:21:52,937 [INFO] 1 change detected
2026-05-11 21:21:53,346 [INFO] 1 change detected
2026-05-11 21:21:53,752 [INFO] 1 change detected
2026-05-11 21:21:54,159 [INFO] 1 change detected
2026-05-11 21:21:54,568 [INFO] 1 change detected
2026-05-11 21:21:54,975 [INFO] 1 change detected
2026-05-11 21:21:55,384 [INFO] 1 change detected
2026-05-11 21:21:55,800 [INFO] 1 change detected
2026-05-11 21:21:56,204 [INFO] 1 change detected
2026-05-11 21:21:56,608 [INFO] 1 change detected
2026-05-11 21:21:56,963 [INFO] 4 changes detected
2026-05-11 21:21:57,325 [INFO] 1 change detected
2026-05-11 21:21:57,686 [INFO] 1 change detected
2026-05-11 21:21:58,047 [INFO] 1 change detected
2026-05-11 21:21:58,407 [INFO] 1 change detected
2026-05-11 21:21:58,767 [INFO] 1 change detected
2026-05-11 21:21:59,176 [INFO] 1 change detected
2026-05-11 21:21:59,583 [INFO] 1 change detected
2026-05-11 21:21:59,940 [INFO] 1 change detected
2026-05-11 21:22:00,353 [INFO] 1 change detected
2026-05-11 21:22:00,759 [INFO] 1 change detected
2026-05-11 21:22:01,164 [INFO] 1 change detected
2026-05-11 21:22:01,572 [INFO] 1 change detected
2026-05-11 21:22:01,980 [INFO] 1 change detected
2026-05-11 21:22:02,338 [INFO] 4 changes detected
2026-05-11 21:22:02,696 [INFO] 1 change detected
2026-05-11 21:22:03,055 [INFO] 1 change detected
2026-05-11 21:22:03,414 [INFO] 1 change detected
2026-05-11 21:22:03,824 [INFO] 1 change detected
2026-05-11 21:22:04,231 [INFO] 1 change detected
2026-05-11 21:22:04,639 [INFO] 1 change detected
2026-05-11 21:22:05,005 [INFO] 1 change detected
2026-05-11 21:22:05,414 [INFO] 1 change detected
2026-05-11 21:22:05,819 [INFO] 1 change detected
2026-05-11 21:22:06,225 [INFO] 1 change detected
2026-05-11 21:22:06,635 [INFO] 1 change detected
2026-05-11 21:22:06,988 [INFO] 4 changes detected
2026-05-11 21:22:07,351 [INFO] 1 change detected
2026-05-11 21:22:07,713 [INFO] 1 change detected
2026-05-11 21:22:08,072 [INFO] 1 change detected
2026-05-11 21:22:08,432 [INFO] 1 change detected
2026-05-11 21:22:08,841 [INFO] 1 change detected
2026-05-11 21:22:09,247 [INFO] 1 change detected
2026-05-11 21:22:09,603 [INFO] 1 change detected
2026-05-11 21:22:10,010 [INFO] 1 change detected
2026-05-11 21:22:10,417 [INFO] 1 change detected
2026-05-11 21:22:10,823 [INFO] 1 change detected
2026-05-11 21:22:11,230 [INFO] 1 change detected
2026-05-11 21:22:11,637 [INFO] 1 change detected
2026-05-11 21:22:11,990 [INFO] 4 changes detected
2026-05-11 21:22:12,351 [INFO] 1 change detected
2026-05-11 21:22:12,710 [INFO] 1 change detected
2026-05-11 21:22:13,067 [INFO] 1 change detected
2026-05-11 21:22:13,428 [INFO] 1 change detected
2026-05-11 21:22:13,788 [INFO] 1 change detected
2026-05-11 21:22:14,193 [INFO] 1 change detected
2026-05-11 21:22:14,599 [INFO] 1 change detected
2026-05-11 21:22:15,006 [INFO] 1 change detected
2026-05-11 21:22:15,413 [INFO] 1 change detected
2026-05-11 21:22:15,821 [INFO] 1 change detected
2026-05-11 21:22:16,226 [INFO] 1 change detected
2026-05-11 21:22:16,683 [INFO] 5 changes detected
2026-05-11 21:22:17,102 [INFO] 1 change detected
2026-05-11 21:22:17,507 [INFO] 1 change detected
2026-05-11 21:22:17,909 [INFO] 1 change detected
2026-05-11 21:22:18,315 [INFO] 1 change detected
2026-05-11 21:22:18,720 [INFO] 1 change detected
2026-05-11 21:22:19,126 [INFO] 1 change detected
2026-05-11 21:22:19,531 [INFO] 1 change detected
2026-05-11 21:22:19,938 [INFO] 1 change detected
2026-05-11 21:22:20,344 [INFO] 1 change detected
2026-05-11 21:22:20,751 [INFO] 1 change detected
2026-05-11 21:22:21,158 [INFO] 1 change detected
2026-05-11 21:22:21,561 [INFO] 1 change detected
2026-05-11 21:22:21,915 [INFO] 4 changes detected
2026-05-11 21:22:22,269 [INFO] 1 change detected
2026-05-11 21:22:22,630 [INFO] 1 change detected
2026-05-11 21:22:22,990 [INFO] 1 change detected
2026-05-11 21:22:23,352 [INFO] 1 change detected
2026-05-11 21:22:23,761 [INFO] 1 change detected
2026-05-11 21:22:24,168 [INFO] 1 change detected
2026-05-11 21:22:24,570 [INFO] 1 change detected
2026-05-11 21:22:24,977 [INFO] 1 change detected
2026-05-11 21:22:25,383 [INFO] 1 change detected
2026-05-11 21:22:25,743 [INFO] 1 change detected
2026-05-11 21:22:26,156 [INFO] 1 change detected
2026-05-11 21:22:26,567 [INFO] 1 change detected
2026-05-11 21:22:26,927 [INFO] 4 changes detected
2026-05-11 21:22:27,287 [INFO] 1 change detected
2026-05-11 21:22:27,647 [INFO] 1 change detected
2026-05-11 21:22:28,008 [INFO] 1 change detected
2026-05-11 21:22:28,420 [INFO] 1 change detected
2026-05-11 21:35:39,806 [INFO] Starting Air Quality AI server...
2026-05-11 21:35:39,808 [INFO] Database initialized.
2026-05-11 21:35:39,808 [INFO] Server ready at http://0.0.0.0:8000
2026-05-11 21:35:39,809 [INFO] Docs at http://localhost:8000/docs
2026-05-11 21:35:42,242 [INFO] 4 changes detected
2026-05-11 21:35:47,041 [INFO] 4 changes detected
2026-05-11 21:35:52,134 [INFO] 4 changes detected
2026-05-11 21:35:57,185 [INFO] 4 changes detected
2026-05-11 21:36:02,085 [INFO] 4 changes detected
2026-05-11 21:36:07,094 [INFO] 4 changes detected
2026-05-11 21:36:12,099 [INFO] 4 changes detected
2026-05-11 21:36:17,039 [INFO] 4 changes detected
2026-05-11 21:36:22,137 [INFO] 4 changes detected
2026-05-11 21:36:27,038 [INFO] 4 changes detected
2026-05-11 21:36:32,198 [INFO] 4 changes detected
2026-05-11 21:36:37,090 [INFO] 4 changes detected
2026-05-11 21:36:42,085 [INFO] 4 changes detected
2026-05-11 21:36:47,128 [INFO] 4 changes detected
2026-05-11 21:36:52,168 [INFO] 4 changes detected
2026-05-11 21:36:57,006 [INFO] 4 changes detected
2026-05-11 21:37:02,100 [INFO] 4 changes detected
2026-05-11 21:37:07,100 [INFO] 4 changes detected
2026-05-11 21:37:12,110 [INFO] 4 changes detected
2026-05-11 21:37:17,118 [INFO] 4 changes detected
2026-05-11 21:37:22,174 [INFO] 4 changes detected
2026-05-11 21:37:27,022 [INFO] 4 changes detected
2026-05-11 21:37:32,072 [INFO] 4 changes detected
2026-05-11 21:37:37,087 [INFO] 4 changes detected
2026-05-11 21:37:42,088 [INFO] 4 changes detected
2026-05-11 21:37:47,145 [INFO] 4 changes detected
2026-05-11 21:37:52,057 [INFO] 4 changes detected
2026-05-11 21:37:56,958 [INFO] 4 changes detected
2026-05-11 21:38:02,059 [INFO] 4 changes detected
2026-05-11 21:38:07,101 [INFO] 4 changes detected
2026-05-11 21:38:12,058 [INFO] 4 changes detected
2026-05-11 21:38:17,113 [INFO] 4 changes detected
2026-05-11 21:38:22,066 [INFO] 4 changes detected
2026-05-11 21:38:27,064 [INFO] 4 changes detected
2026-05-11 21:38:32,210 [INFO] 4 changes detected
2026-05-11 21:38:37,105 [INFO] 4 changes detected
2026-05-11 21:38:42,050 [INFO] 4 changes detected
2026-05-11 21:38:47,146 [INFO] 4 changes detected
2026-05-11 21:38:52,140 [INFO] 4 changes detected
2026-05-11 21:38:57,075 [INFO] 4 changes detected
2026-05-11 21:39:02,065 [INFO] 4 changes detected
2026-05-11 21:39:07,108 [INFO] 4 changes detected
2026-05-11 21:39:12,105 [INFO] 4 changes detected
2026-05-11 21:39:25,213 [INFO] 4 changes detected
2026-05-11 21:39:30,049 [INFO] 4 changes detected
2026-05-11 21:39:35,082 [INFO] 4 changes detected
2026-05-11 21:39:40,009 [INFO] 4 changes detected
2026-05-11 21:39:45,104 [INFO] 4 changes detected
2026-05-11 21:39:49,998 [INFO] 4 changes detected
2026-05-11 21:39:54,987 [INFO] 4 changes detected
2026-05-11 21:40:00,041 [INFO] 4 changes detected
2026-05-11 21:40:05,152 [INFO] 4 changes detected
2026-05-11 21:40:10,003 [INFO] 4 changes detected
2026-05-11 21:40:15,101 [INFO] 4 changes detected
2026-05-11 21:40:20,102 [INFO] 4 changes detected
2026-05-11 21:40:25,162 [INFO] 4 changes detected
2026-05-11 21:40:30,174 [INFO] 4 changes detected
2026-05-11 21:40:35,079 [INFO] 4 changes detected
2026-05-11 21:40:40,091 [INFO] 4 changes detected
2026-05-11 21:40:45,044 [INFO] 4 changes detected
2026-05-11 21:40:50,007 [INFO] 4 changes detected
2026-05-11 21:40:55,166 [INFO] 4 changes detected
2026-05-11 21:41:00,064 [INFO] 4 changes detected
2026-05-11 21:41:05,122 [INFO] 4 changes detected
2026-05-11 21:41:10,080 [INFO] 4 changes detected
2026-05-11 21:41:15,135 [INFO] 4 changes detected
2026-05-11 21:41:20,145 [INFO] 4 changes detected
2026-05-11 21:41:25,149 [INFO] 4 changes detected
2026-05-11 21:41:30,053 [INFO] 4 changes detected
2026-05-11 21:41:35,105 [INFO] 4 changes detected
2026-05-11 21:41:40,016 [INFO] 4 changes detected
2026-05-11 21:41:45,116 [INFO] 4 changes detected
2026-05-11 21:41:50,223 [INFO] 4 changes detected
2026-05-11 21:41:55,180 [INFO] 4 changes detected
2026-05-11 21:42:00,038 [INFO] 4 changes detected
2026-05-11 21:42:05,086 [INFO] 4 changes detected
2026-05-11 21:42:10,096 [INFO] 4 changes detected
2026-05-11 21:42:15,097 [INFO] 4 changes detected
2026-05-11 21:42:19,996 [INFO] 4 changes detected
2026-05-11 21:42:25,156 [INFO] 4 changes detected
2026-05-11 21:42:30,061 [INFO] 4 changes detected
2026-05-11 21:42:35,111 [INFO] 4 changes detected
2026-05-11 21:42:40,114 [INFO] 4 changes detected
2026-05-11 21:42:45,121 [INFO] 4 changes detected
2026-05-11 21:42:50,077 [INFO] 4 changes detected
2026-05-11 21:42:55,175 [INFO] 4 changes detected
2026-05-11 21:43:00,086 [INFO] 4 changes detected
2026-05-11 21:43:05,133 [INFO] 4 changes detected
2026-05-11 21:43:10,093 [INFO] 4 changes detected
2026-05-11 21:43:15,098 [INFO] 4 changes detected
2026-05-11 21:43:20,062 [INFO] 4 changes detected
2026-05-11 21:43:25,071 [INFO] 4 changes detected
2026-05-11 21:43:30,023 [INFO] 4 changes detected
2026-05-11 21:43:35,127 [INFO] 4 changes detected
2026-05-11 21:43:39,989 [INFO] 4 changes detected
2026-05-11 21:43:45,100 [INFO] 4 changes detected
2026-05-11 21:43:50,052 [INFO] 4 changes detected
2026-05-11 21:43:55,058 [INFO] 4 changes detected
2026-05-11 21:44:00,117 [INFO] 4 changes detected
2026-05-11 21:44:05,125 [INFO] 4 changes detected
2026-05-11 21:44:10,135 [INFO] 4 changes detected
2026-05-11 21:44:15,140 [INFO] 4 changes detected
2026-05-11 21:44:19,994 [INFO] 4 changes detected
2026-05-11 21:44:25,050 [INFO] 4 changes detected
2026-05-11 21:44:30,004 [INFO] 4 changes detected
2026-05-11 21:44:35,105 [INFO] 4 changes detected
2026-05-11 21:44:40,110 [INFO] 4 changes detected
2026-05-11 21:44:45,118 [INFO] 4 changes detected
2026-05-11 21:44:50,072 [INFO] 4 changes detected
2026-05-11 21:44:55,083 [INFO] 4 changes detected
2026-05-11 21:45:00,089 [INFO] 4 changes detected
2026-05-11 21:45:05,049 [INFO] 4 changes detected
2026-05-11 21:45:10,157 [INFO] 4 changes detected
2026-05-11 21:45:15,158 [INFO] 4 changes detected
2026-05-11 21:45:20,068 [INFO] 4 changes detected
2026-05-11 21:45:25,174 [INFO] 4 changes detected
2026-05-11 21:45:30,018 [INFO] 4 changes detected
2026-05-11 21:45:35,130 [INFO] 4 changes detected
2026-05-11 21:45:39,978 [INFO] 4 changes detected
2026-05-11 21:45:45,133 [INFO] 4 changes detected
2026-05-11 21:45:50,145 [INFO] 4 changes detected
2026-05-11 21:45:55,043 [INFO] 4 changes detected
2026-05-11 21:46:00,098 [INFO] 4 changes detected
2026-05-11 21:46:05,001 [INFO] 4 changes detected
2026-05-11 21:46:10,010 [INFO] 4 changes detected
2026-05-11 21:46:15,163 [INFO] 4 changes detected
2026-05-11 21:46:20,072 [INFO] 4 changes detected
2026-05-11 21:46:25,134 [INFO] 4 changes detected
2026-05-11 21:46:30,087 [INFO] 4 changes detected
2026-05-11 21:46:35,045 [INFO] 4 changes detected
2026-05-11 21:46:40,052 [INFO] 4 changes detected
2026-05-11 21:46:45,161 [INFO] 4 changes detected
2026-05-11 21:46:50,067 [INFO] 4 changes detected
2026-05-11 21:46:55,081 [INFO] 4 changes detected
2026-05-11 21:47:00,081 [INFO] 4 changes detected
2026-05-11 21:47:05,130 [INFO] 4 changes detected
2026-05-11 21:47:10,030 [INFO] 4 changes detected
2026-05-11 21:47:15,082 [INFO] 4 changes detected
2026-05-11 21:47:20,091 [INFO] 4 changes detected
2026-05-11 21:47:25,096 [INFO] 4 changes detected
2026-05-11 21:47:30,197 [INFO] 4 changes detected
2026-05-11 21:47:35,094 [INFO] 4 changes detected
2026-05-11 21:47:40,055 [INFO] 4 changes detected
2026-05-11 21:47:45,005 [INFO] 4 changes detected
2026-05-11 21:47:49,963 [INFO] 4 changes detected
2026-05-11 21:47:55,065 [INFO] 4 changes detected
2026-05-11 21:48:00,119 [INFO] 4 changes detected
2026-05-11 21:48:05,113 [INFO] 4 changes detected
2026-05-11 21:48:09,961 [INFO] 4 changes detected
2026-05-11 21:48:15,065 [INFO] 4 changes detected
2026-05-11 21:48:20,066 [INFO] 4 changes detected
2026-05-11 21:48:25,078 [INFO] 4 changes detected
2026-05-11 21:48:29,987 [INFO] 4 changes detected
2026-05-11 21:48:35,145 [INFO] 4 changes detected
2026-05-11 21:48:40,046 [INFO] 4 changes detected
2026-05-11 21:48:44,994 [INFO] 4 changes detected
2026-05-11 21:48:50,094 [INFO] 4 changes detected
2026-05-11 21:48:55,106 [INFO] 4 changes detected
2026-05-11 21:49:00,102 [INFO] 4 changes detected
2026-05-11 21:49:05,053 [INFO] 4 changes detected
2026-05-11 21:49:10,009 [INFO] 4 changes detected
2026-05-11 21:49:15,154 [INFO] 4 changes detected
2026-05-11 21:49:20,103 [INFO] 4 changes detected
2026-05-11 21:49:25,055 [INFO] 4 changes detected
2026-05-11 21:49:30,119 [INFO] 4 changes detected
2026-05-11 21:49:35,122 [INFO] 4 changes detected
2026-05-11 21:49:39,981 [INFO] 4 changes detected
2026-05-11 21:49:45,093 [INFO] 4 changes detected
2026-05-11 21:49:50,201 [INFO] 4 changes detected
2026-05-11 21:49:55,050 [INFO] 4 changes detected
2026-05-11 21:50:00,107 [INFO] 4 changes detected
2026-05-11 21:50:05,158 [INFO] 4 changes detected
2026-05-11 21:50:10,072 [INFO] 4 changes detected
2026-05-11 21:50:15,021 [INFO] 4 changes detected
2026-05-11 21:50:20,074 [INFO] 4 changes detected
2026-05-11 21:50:25,123 [INFO] 4 changes detected
2026-05-11 21:50:30,024 [INFO] 4 changes detected
2026-05-11 21:50:35,139 [INFO] 4 changes detected
2026-05-11 21:50:40,050 [INFO] 4 changes detected
2026-05-11 21:50:45,053 [INFO] 4 changes detected
2026-05-11 21:50:49,950 [INFO] 4 changes detected
2026-05-11 21:50:55,098 [INFO] 4 changes detected
2026-05-11 21:51:00,011 [INFO] 4 changes detected
2026-05-11 21:51:05,170 [INFO] 4 changes detected
2026-05-11 21:51:09,974 [INFO] 4 changes detected
2026-05-11 21:51:15,071 [INFO] 4 changes detected
2026-05-11 21:51:19,979 [INFO] 4 changes detected
2026-05-11 21:51:25,141 [INFO] 4 changes detected
2026-05-11 21:51:30,141 [INFO] 4 changes detected
2026-05-11 21:51:35,045 [INFO] 4 changes detected
2026-05-11 21:51:39,997 [INFO] 4 changes detected
2026-05-11 21:51:45,006 [INFO] 4 changes detected
2026-05-11 21:51:50,109 [INFO] 4 changes detected
2026-05-11 21:51:55,108 [INFO] 4 changes detected
2026-05-11 21:52:00,323 [INFO] 4 changes detected
2026-05-11 21:52:05,126 [INFO] 4 changes detected
2026-05-11 21:52:09,979 [INFO] 4 changes detected
2026-05-11 21:52:15,081 [INFO] 4 changes detected
2026-05-11 21:52:20,078 [INFO] 4 changes detected
2026-05-11 21:52:25,141 [INFO] 4 changes detected
2026-05-11 21:52:30,038 [INFO] 4 changes detected
2026-05-11 21:52:35,040 [INFO] 4 changes detected
2026-05-11 21:52:40,191 [INFO] 4 changes detected
2026-05-11 21:52:45,052 [INFO] 4 changes detected
2026-05-11 21:52:50,163 [INFO] 4 changes detected
2026-05-11 21:52:55,116 [INFO] 4 changes detected
2026-05-11 21:53:00,021 [INFO] 4 changes detected
2026-05-11 21:53:05,072 [INFO] 4 changes detected
2026-05-11 21:53:10,076 [INFO] 4 changes detected
2026-05-11 21:53:15,086 [INFO] 4 changes detected
2026-05-11 21:53:20,094 [INFO] 4 changes detected
2026-05-11 21:53:25,141 [INFO] 4 changes detected
2026-05-11 21:53:30,001 [INFO] 4 changes detected
2026-05-11 21:53:34,999 [INFO] 4 changes detected
2026-05-11 21:53:40,056 [INFO] 4 changes detected
2026-05-11 21:53:45,015 [INFO] 4 changes detected
2026-05-11 21:53:49,974 [INFO] 4 changes detected
2026-05-11 21:53:55,129 [INFO] 4 changes detected
2026-05-11 21:54:00,025 [INFO] 4 changes detected
2026-05-11 21:54:05,075 [INFO] 4 changes detected
2026-05-11 21:54:10,182 [INFO] 4 changes detected
2026-05-11 21:54:15,034 [INFO] 4 changes detected
2026-05-11 21:54:19,991 [INFO] 4 changes detected
2026-05-11 21:54:25,155 [INFO] 4 changes detected
2026-05-11 21:54:30,052 [INFO] 4 changes detected
2026-05-11 21:54:35,058 [INFO] 4 changes detected
2026-05-11 21:54:40,068 [INFO] 4 changes detected
2026-05-11 21:54:44,974 [INFO] 4 changes detected
2026-05-11 21:54:50,129 [INFO] 4 changes detected
2026-05-11 21:54:55,127 [INFO] 4 changes detected
2026-05-11 21:55:00,032 [INFO] 4 changes detected
2026-05-11 21:55:05,087 [INFO] 4 changes detected
2026-05-11 21:55:10,084 [INFO] 4 changes detected
2026-05-11 21:55:15,028 [INFO] 4 changes detected
2026-05-11 21:55:20,029 [INFO] 4 changes detected
2026-05-11 21:55:25,134 [INFO] 4 changes detected
2026-05-11 21:55:30,048 [INFO] 4 changes detected
2026-05-11 21:55:35,056 [INFO] 4 changes detected
2026-05-11 21:55:40,113 [INFO] 4 changes detected
2026-05-11 21:55:45,018 [INFO] 4 changes detected
2026-05-11 21:55:50,027 [INFO] 4 changes detected
2026-05-11 21:55:55,029 [INFO] 4 changes detected
2026-05-11 21:55:59,977 [INFO] 4 changes detected
2026-05-11 21:56:05,086 [INFO] 4 changes detected
2026-05-11 21:56:10,084 [INFO] 4 changes detected
2026-05-11 21:56:15,132 [INFO] 4 changes detected
2026-05-11 21:56:20,038 [INFO] 4 changes detected
2026-05-11 21:56:25,134 [INFO] 4 changes detected
2026-05-11 21:56:30,135 [INFO] 4 changes detected
2026-05-11 21:56:35,086 [INFO] 4 changes detected
2026-05-11 21:56:40,245 [INFO] 4 changes detected
2026-05-11 21:56:45,047 [INFO] 4 changes detected
2026-05-11 21:56:50,046 [INFO] 4 changes detected
2026-05-11 21:56:55,048 [INFO] 4 changes detected
2026-05-11 21:57:00,045 [INFO] 4 changes detected
2026-05-11 21:57:04,997 [INFO] 4 changes detected
2026-05-11 21:57:10,108 [INFO] 4 changes detected
2026-05-11 21:57:15,113 [INFO] 4 changes detected
2026-05-11 21:57:20,067 [INFO] 4 changes detected
2026-05-11 21:57:25,025 [INFO] 4 changes detected
2026-05-11 21:57:30,085 [INFO] 4 changes detected
2026-05-11 21:57:35,041 [INFO] 4 changes detected
2026-05-11 21:57:40,100 [INFO] 4 changes detected
2026-05-11 21:57:45,103 [INFO] 4 changes detected
2026-05-11 21:57:49,958 [INFO] 4 changes detected
2026-05-11 21:57:55,268 [INFO] 4 changes detected
2026-05-11 21:58:00,061 [INFO] 4 changes detected
2026-05-11 21:58:05,114 [INFO] 4 changes detected
2026-05-11 21:58:10,121 [INFO] 4 changes detected
2026-05-11 21:58:15,022 [INFO] 4 changes detected
2026-05-11 21:58:20,021 [INFO] 4 changes detected
2026-05-11 21:58:25,181 [INFO] 4 changes detected
2026-05-11 21:58:30,082 [INFO] 4 changes detected
2026-05-11 21:58:35,089 [INFO] 4 changes detected
2026-05-11 21:58:40,097 [INFO] 4 changes detected
2026-05-11 21:58:45,001 [INFO] 4 changes detected
2026-05-11 21:58:50,064 [INFO] 4 changes detected
2026-05-11 21:58:55,074 [INFO] 4 changes detected
2026-05-11 21:58:59,975 [INFO] 4 changes detected
2026-05-11 21:59:05,085 [INFO] 4 changes detected
2026-05-11 21:59:10,148 [INFO] 4 changes detected
2026-05-11 22:11:13,451 [INFO] 4 changes detected
2026-05-11 22:11:15,456 [INFO] 4 changes detected
2026-05-11 22:11:20,410 [INFO] 4 changes detected
2026-05-11 22:11:25,458 [INFO] 4 changes detected
2026-05-11 22:11:30,549 [INFO] 4 changes detected
2026-05-11 22:11:35,439 [INFO] 4 changes detected
2026-05-11 22:11:40,435 [INFO] 4 changes detected
2026-05-11 22:11:45,470 [INFO] 4 changes detected
2026-05-11 22:11:50,601 [INFO] 4 changes detected
2026-05-11 22:11:55,482 [INFO] 4 changes detected
2026-05-11 22:12:00,513 [INFO] 4 changes detected
2026-05-11 22:12:05,412 [INFO] 3 changes detected
2026-05-11 22:12:05,775 [INFO] 4 changes detected
2026-05-11 22:12:10,404 [INFO] 4 changes detected
2026-05-11 22:12:15,405 [INFO] 4 changes detected
2026-05-11 22:12:20,486 [INFO] 4 changes detected
2026-05-11 22:12:25,437 [INFO] 4 changes detected
2026-05-11 22:12:30,383 [INFO] 4 changes detected
2026-05-11 22:12:35,418 [INFO] 4 changes detected
2026-05-11 22:12:40,464 [INFO] 4 changes detected
2026-05-11 22:12:45,605 [INFO] 4 changes detected
2026-05-11 22:12:50,389 [INFO] 4 changes detected
2026-05-11 22:12:55,429 [INFO] 4 changes detected
2026-05-11 22:13:00,522 [INFO] 4 changes detected
2026-05-11 22:13:05,463 [INFO] 4 changes detected
2026-05-11 22:13:10,452 [INFO] 4 changes detected
2026-05-11 22:13:15,498 [INFO] 4 changes detected
2026-05-11 22:13:20,503 [INFO] 4 changes detected
2026-05-11 22:13:25,406 [INFO] 4 changes detected
2026-05-11 22:13:30,669 [INFO] 4 changes detected
2026-05-11 22:13:35,470 [INFO] 4 changes detected
2026-05-11 22:13:40,433 [INFO] 4 changes detected
2026-05-11 22:13:45,435 [INFO] 4 changes detected
2026-05-11 22:13:50,399 [INFO] 4 changes detected
2026-05-11 22:13:55,511 [INFO] 4 changes detected
2026-05-11 22:14:00,471 [INFO] 4 changes detected
2026-05-11 22:14:05,423 [INFO] 4 changes detected
2026-05-11 22:14:10,479 [INFO] 4 changes detected
2026-05-11 22:14:15,488 [INFO] 4 changes detected
2026-05-11 22:14:20,348 [INFO] 4 changes detected
2026-05-11 22:14:25,407 [INFO] 4 changes detected
2026-05-11 22:14:30,356 [INFO] 4 changes detected
2026-05-11 22:14:35,455 [INFO] 4 changes detected
2026-05-11 22:14:40,457 [INFO] 4 changes detected
2026-05-11 22:14:45,517 [INFO] 4 changes detected
2026-05-11 22:14:50,578 [INFO] 4 changes detected
2026-05-11 22:14:55,532 [INFO] 4 changes detected
2026-05-11 22:15:00,441 [INFO] 4 changes detected
2026-05-11 22:15:05,447 [INFO] 4 changes detected
2026-05-11 22:15:10,400 [INFO] 4 changes detected
2026-05-11 22:15:15,504 [INFO] 4 changes detected
2026-05-11 22:15:20,514 [INFO] 4 changes detected
2026-05-11 22:15:25,418 [INFO] 4 changes detected
2026-05-11 22:15:30,430 [INFO] 4 changes detected
2026-05-11 22:15:35,481 [INFO] 4 changes detected
2026-05-11 22:15:40,487 [INFO] 4 changes detected
2026-05-11 22:15:45,495 [INFO] 4 changes detected
2026-05-11 22:15:50,495 [INFO] 4 changes detected
2026-05-11 22:15:55,550 [INFO] 4 changes detected
2026-05-11 22:16:00,359 [INFO] 4 changes detected
2026-05-11 22:16:05,470 [INFO] 4 changes detected
2026-05-11 22:16:10,432 [INFO] 4 changes detected
2026-05-11 22:16:15,489 [INFO] 4 changes detected
2026-05-11 22:16:20,539 [INFO] 4 changes detected
2026-05-11 22:16:25,550 [INFO] 4 changes detected
2026-05-11 22:16:30,355 [INFO] 4 changes detected
2026-05-11 22:16:35,404 [INFO] 4 changes detected
2026-05-11 22:16:40,417 [INFO] 4 changes detected
2026-05-11 22:16:45,529 [INFO] 4 changes detected
2026-05-11 22:16:50,536 [INFO] 4 changes detected
2026-05-11 22:16:55,447 [INFO] 4 changes detected
2026-05-11 22:17:00,445 [INFO] 4 changes detected
2026-05-11 22:17:05,504 [INFO] 4 changes detected
2026-05-11 22:17:10,512 [INFO] 4 changes detected
2026-05-11 22:17:15,516 [INFO] 4 changes detected
2026-05-11 22:17:20,522 [INFO] 4 changes detected
2026-05-11 22:17:25,428 [INFO] 4 changes detected
2026-05-11 22:17:30,436 [INFO] 4 changes detected
2026-05-11 22:17:35,496 [INFO] 4 changes detected
2026-05-11 22:17:40,504 [INFO] 4 changes detected
2026-05-11 22:17:45,561 [INFO] 4 changes detected
2026-05-11 22:17:50,568 [INFO] 4 changes detected
2026-05-11 22:17:55,420 [INFO] 4 changes detected
2026-05-11 22:18:00,373 [INFO] 4 changes detected
2026-05-11 22:18:05,427 [INFO] 4 changes detected
2026-05-11 22:18:10,488 [INFO] 4 changes detected
2026-05-11 22:18:15,494 [INFO] 4 changes detected
2026-05-11 22:18:20,543 [INFO] 4 changes detected
2026-05-11 22:18:25,392 [INFO] 4 changes detected
2026-05-11 22:18:30,440 [INFO] 4 changes detected
2026-05-11 22:18:35,495 [INFO] 4 changes detected
2026-05-11 22:18:40,392 [INFO] 4 changes detected
2026-05-11 22:18:45,394 [INFO] 4 changes detected
2026-05-11 22:18:50,441 [INFO] 4 changes detected
2026-05-11 22:18:55,447 [INFO] 4 changes detected
2026-05-11 22:19:00,457 [INFO] 4 changes detected
2026-05-11 22:19:05,409 [INFO] 4 changes detected
2026-05-11 22:19:10,417 [INFO] 4 changes detected
2026-05-11 22:19:15,516 [INFO] 4 changes detected
2026-05-11 22:19:20,571 [INFO] 4 changes detected
2026-05-11 22:19:25,419 [INFO] 4 changes detected
2026-05-11 22:19:30,622 [INFO] 4 changes detected
2026-05-11 22:19:35,427 [INFO] 4 changes detected
2026-05-11 22:19:40,524 [INFO] 4 changes detected
2026-05-11 22:19:45,533 [INFO] 4 changes detected
2026-05-11 22:19:50,393 [INFO] 4 changes detected
2026-05-11 22:19:55,558 [INFO] 4 changes detected
2026-05-11 22:20:00,468 [INFO] 4 changes detected
2026-05-11 22:20:05,427 [INFO] 4 changes detected
2026-05-11 22:20:10,488 [INFO] 4 changes detected
2026-05-11 22:20:15,443 [INFO] 4 changes detected
2026-05-11 22:20:20,390 [INFO] 4 changes detected
2026-05-11 22:20:25,444 [INFO] 4 changes detected
2026-05-11 22:20:30,496 [INFO] 4 changes detected
2026-05-11 22:20:35,502 [INFO] 4 changes detected
2026-05-11 22:20:40,517 [INFO] 4 changes detected
2026-05-11 22:20:45,415 [INFO] 4 changes detected
2026-05-11 22:20:50,419 [INFO] 4 changes detected
2026-05-11 22:20:55,417 [INFO] 4 changes detected
2026-05-11 22:21:00,477 [INFO] 4 changes detected
2026-05-11 22:21:05,476 [INFO] 4 changes detected
2026-05-11 22:21:10,534 [INFO] 4 changes detected
2026-05-11 22:21:15,532 [INFO] 4 changes detected
2026-05-11 22:21:20,428 [INFO] 4 changes detected
2026-05-11 22:21:25,480 [INFO] 4 changes detected
2026-05-11 22:21:30,491 [INFO] 4 changes detected
2026-05-11 22:21:35,436 [INFO] 4 changes detected
2026-05-11 22:21:40,495 [INFO] 4 changes detected
2026-05-11 22:21:45,399 [INFO] 4 changes detected
2026-05-11 22:21:50,554 [INFO] 4 changes detected
2026-05-11 22:21:55,454 [INFO] 4 changes detected
2026-05-11 22:22:00,505 [INFO] 4 changes detected
2026-05-11 22:22:05,504 [INFO] 4 changes detected
2026-05-11 22:22:10,354 [INFO] 4 changes detected
2026-05-11 22:22:15,661 [INFO] 4 changes detected
2026-05-11 22:22:20,466 [INFO] 4 changes detected
2026-05-11 22:22:25,415 [INFO] 4 changes detected
2026-05-11 22:22:30,512 [INFO] 4 changes detected
2026-05-11 22:22:35,416 [INFO] 4 changes detected
2026-05-11 22:22:40,421 [INFO] 4 changes detected
2026-05-11 22:22:45,382 [INFO] 4 changes detected
2026-05-11 22:22:50,390 [INFO] 4 changes detected
2026-05-11 22:22:55,496 [INFO] 4 changes detected
2026-05-11 22:23:00,508 [INFO] 4 changes detected
2026-05-11 22:23:05,519 [INFO] 4 changes detected
2026-05-11 22:23:10,518 [INFO] 4 changes detected
2026-05-11 22:23:15,430 [INFO] 4 changes detected
2026-05-11 22:23:20,440 [INFO] 4 changes detected
2026-05-11 22:23:25,494 [INFO] 4 changes detected
2026-05-11 22:23:30,503 [INFO] 4 changes detected
2026-05-11 22:23:35,556 [INFO] 4 changes detected
2026-05-11 22:23:40,656 [INFO] 4 changes detected
2026-05-11 22:23:45,458 [INFO] 4 changes detected
2026-05-11 22:23:50,415 [INFO] 4 changes detected
2026-05-11 22:23:55,470 [INFO] 4 changes detected
2026-05-11 22:24:00,484 [INFO] 4 changes detected
2026-05-11 22:24:05,533 [INFO] 4 changes detected
2026-05-11 22:24:10,432 [INFO] 4 changes detected
2026-05-11 22:24:15,638 [INFO] 4 changes detected
2026-05-11 22:24:20,447 [INFO] 4 changes detected
2026-05-11 22:24:25,502 [INFO] 4 changes detected
2026-05-11 22:24:30,605 [INFO] 4 changes detected
2026-05-11 22:24:35,457 [INFO] 4 changes detected
2026-05-11 22:24:40,456 [INFO] 4 changes detected
2026-05-11 22:24:45,455 [INFO] 4 changes detected
2026-05-11 22:24:50,508 [INFO] 4 changes detected
2026-05-11 22:24:55,466 [INFO] 4 changes detected
2026-05-11 22:25:00,516 [INFO] 4 changes detected
2026-05-11 22:25:05,376 [INFO] 4 changes detected
2026-05-11 22:25:10,386 [INFO] 4 changes detected
2026-05-11 22:25:15,440 [INFO] 4 changes detected
2026-05-11 22:25:20,489 [INFO] 4 changes detected
2026-05-11 22:25:25,501 [INFO] 4 changes detected
2026-05-11 22:25:30,409 [INFO] 4 changes detected
2026-05-11 22:25:35,565 [INFO] 4 changes detected
2026-05-11 22:25:40,420 [INFO] 4 changes detected
2026-05-11 22:25:45,476 [INFO] 4 changes detected
2026-05-11 22:25:50,489 [INFO] 4 changes detected
2026-05-11 22:25:55,504 [INFO] 4 changes detected
2026-05-11 22:26:00,414 [INFO] 4 changes detected
2026-05-11 22:26:05,523 [INFO] 4 changes detected
2026-05-11 22:26:10,474 [INFO] 4 changes detected
2026-05-11 22:26:15,477 [INFO] 4 changes detected
2026-05-11 22:26:20,587 [INFO] 4 changes detected
2026-05-11 22:26:25,482 [INFO] 4 changes detected
2026-05-11 22:26:30,379 [INFO] 4 changes detected
2026-05-11 22:26:35,382 [INFO] 4 changes detected
2026-05-11 22:26:40,444 [INFO] 4 changes detected
2026-05-11 22:26:45,457 [INFO] 4 changes detected
2026-05-11 22:26:50,611 [INFO] 4 changes detected
2026-05-11 22:26:55,518 [INFO] 4 changes detected
2026-05-11 22:27:00,579 [INFO] 4 changes detected
2026-05-11 22:27:05,388 [INFO] 4 changes detected
2026-05-11 22:27:10,402 [INFO] 4 changes detected
2026-05-11 22:27:15,508 [INFO] 4 changes detected
2026-05-11 22:27:20,408 [INFO] 4 changes detected
2026-05-11 22:27:25,518 [INFO] 4 changes detected
2026-05-11 22:27:30,377 [INFO] 4 changes detected
2026-05-11 22:27:35,386 [INFO] 4 changes detected
2026-05-11 22:27:40,440 [INFO] 4 changes detected
2026-05-11 22:27:45,438 [INFO] 4 changes detected
2026-05-11 22:27:50,502 [INFO] 4 changes detected
2026-05-11 22:27:55,505 [INFO] 4 changes detected
2026-05-11 22:28:00,561 [INFO] 4 changes detected
2026-05-11 22:28:05,467 [INFO] 4 changes detected
2026-05-11 22:28:10,477 [INFO] 4 changes detected
2026-05-11 22:28:15,481 [INFO] 4 changes detected
2026-05-11 22:28:20,388 [INFO] 4 changes detected
2026-05-11 22:28:25,495 [INFO] 4 changes detected
2026-05-11 22:28:30,450 [INFO] 4 changes detected
2026-05-11 22:28:35,457 [INFO] 4 changes detected
2026-05-11 22:28:40,662 [INFO] 4 changes detected
2026-05-11 22:28:45,458 [INFO] 4 changes detected
2026-05-11 22:28:50,515 [INFO] 4 changes detected
2026-05-11 22:28:55,517 [INFO] 4 changes detected
2026-05-11 22:29:00,520 [INFO] 4 changes detected
2026-05-11 22:29:05,426 [INFO] 4 changes detected
2026-05-11 22:29:10,483 [INFO] 4 changes detected
2026-05-11 22:29:15,380 [INFO] 4 changes detected
2026-05-11 22:29:20,480 [INFO] 4 changes detected
2026-05-11 22:29:25,638 [INFO] 4 changes detected
2026-05-11 22:29:30,398 [INFO] 4 changes detected
2026-05-11 22:29:35,454 [INFO] 4 changes detected
2026-05-11 22:29:40,411 [INFO] 4 changes detected
2026-05-11 22:29:45,618 [INFO] 4 changes detected
2026-05-11 22:29:50,519 [INFO] 4 changes detected
2026-05-11 22:29:55,377 [INFO] 4 changes detected
2026-05-11 22:30:00,441 [INFO] 4 changes detected
2026-05-11 22:30:05,451 [INFO] 4 changes detected
2026-05-11 22:30:10,409 [INFO] 4 changes detected
2026-05-11 22:30:15,523 [INFO] 4 changes detected
2026-05-11 22:30:20,522 [INFO] 4 changes detected
2026-05-11 22:30:25,525 [INFO] 4 changes detected
2026-05-11 22:30:30,525 [INFO] 4 changes detected
2026-05-11 22:30:35,417 [INFO] 4 changes detected
2026-05-11 22:30:40,506 [INFO] 4 changes detected
2026-05-11 22:30:45,488 [INFO] 4 changes detected
2026-05-11 22:30:50,523 [INFO] 4 changes detected
2026-05-11 22:30:55,414 [INFO] 4 changes detected
2026-05-11 22:31:00,447 [INFO] 4 changes detected
2026-05-11 22:31:05,478 [INFO] 4 changes detected
2026-05-11 22:31:10,524 [INFO] 4 changes detected
2026-05-11 22:31:15,406 [INFO] 4 changes detected
2026-05-11 22:31:20,539 [INFO] 4 changes detected
2026-05-11 22:31:25,572 [INFO] 4 changes detected
2026-05-11 22:31:30,455 [INFO] 4 changes detected
2026-05-11 22:31:35,394 [INFO] 4 changes detected
2026-05-11 22:31:40,528 [INFO] 4 changes detected
2026-05-11 22:57:04,789 [INFO] 4 changes detected
2026-05-11 22:57:07,782 [INFO] 4 changes detected
2026-05-11 22:57:12,744 [INFO] 4 changes detected
2026-05-11 22:57:17,830 [INFO] 4 changes detected
2026-05-12 15:11:34,848 [INFO] Starting Air Quality AI server...
2026-05-12 15:11:34,859 [INFO] Database initialized.
2026-05-12 15:11:34,859 [INFO] Server ready at http://0.0.0.0:8000
2026-05-12 15:11:34,859 [INFO] Docs at http://localhost:8000/docs
2026-05-12 15:11:59,697 [INFO] 1 change detected
2026-05-12 15:14:05,017 [INFO] 6 changes detected
2026-05-12 15:14:06,861 [INFO] Starting Air Quality AI server...
2026-05-12 15:14:06,863 [INFO] Database initialized.
2026-05-12 15:14:06,863 [INFO] Server ready at http://0.0.0.0:8000
2026-05-12 15:14:06,863 [INFO] Docs at http://localhost:8000/docs
2026-05-12 15:14:06,889 [INFO] 1 change detected
2026-05-12 15:14:07,249 [INFO] 1 change detected
2026-05-12 15:14:07,657 [INFO] 1 change detected
2026-05-12 15:14:08,015 [INFO] 1 change detected
2026-05-12 15:14:08,426 [INFO] 1 change detected
2026-05-12 15:14:08,834 [INFO] 1 change detected
2026-05-12 15:14:09,241 [INFO] 1 change detected
2026-05-12 15:14:09,651 [INFO] 1 change detected
2026-05-12 15:14:10,058 [INFO] 1 change detected
2026-05-12 15:14:10,465 [INFO] 1 change detected
2026-05-12 15:14:10,873 [INFO] 1 change detected
2026-05-12 15:14:11,277 [INFO] 1 change detected
2026-05-12 15:14:11,635 [INFO] 1 change detected
2026-05-12 15:14:12,043 [INFO] 1 change detected
2026-05-12 15:14:12,453 [INFO] 1 change detected
2026-05-12 15:14:12,858 [INFO] 1 change detected
2026-05-12 15:14:13,263 [INFO] 1 change detected
2026-05-12 15:14:13,669 [INFO] 1 change detected
2026-05-12 15:14:14,074 [INFO] 1 change detected
2026-05-12 15:14:14,434 [INFO] 1 change detected
2026-05-12 15:14:14,846 [INFO] 1 change detected
2026-05-12 15:14:15,254 [INFO] 1 change detected
2026-05-12 15:14:15,660 [INFO] 1 change detected
2026-05-12 15:14:16,067 [INFO] 1 change detected
2026-05-12 15:14:16,478 [INFO] 1 change detected
2026-05-12 15:14:16,886 [INFO] 1 change detected
2026-05-12 15:14:17,295 [INFO] 1 change detected
2026-05-12 15:14:17,704 [INFO] 1 change detected
2026-05-12 15:14:18,113 [INFO] 1 change detected
2026-05-12 15:14:18,517 [INFO] 1 change detected
2026-05-12 15:14:18,925 [INFO] 1 change detected
2026-05-12 15:14:19,335 [INFO] 1 change detected
2026-05-12 15:14:19,694 [INFO] 1 change detected
2026-05-12 15:14:20,102 [INFO] 1 change detected
2026-05-12 15:14:20,508 [INFO] 1 change detected
2026-05-12 15:14:20,914 [INFO] 1 change detected
2026-05-12 15:14:21,322 [INFO] 1 change detected
2026-05-12 15:14:21,728 [INFO] 1 change detected
2026-05-12 15:14:22,137 [INFO] 1 change detected
2026-05-12 15:14:22,548 [INFO] 1 change detected
2026-05-12 15:14:22,906 [INFO] 1 change detected
2026-05-12 15:14:23,318 [INFO] 1 change detected
2026-05-12 15:14:23,722 [INFO] 1 change detected
2026-05-12 15:14:24,130 [INFO] 1 change detected
2026-05-12 15:14:24,542 [INFO] 1 change detected
2026-05-12 15:14:24,951 [INFO] 1 change detected
2026-05-12 15:14:25,356 [INFO] 1 change detected
2026-05-12 15:14:25,764 [INFO] 1 change detected
2026-05-12 15:14:26,120 [INFO] 1 change detected
2026-05-12 15:14:26,536 [INFO] 1 change detected
2026-05-12 15:14:26,945 [INFO] 1 change detected
2026-05-12 15:14:27,352 [INFO] 1 change detected
2026-05-12 15:14:27,758 [INFO] 1 change detected
2026-05-12 15:14:28,168 [INFO] 1 change detected
2026-05-12 15:14:28,571 [INFO] 1 change detected
2026-05-12 15:14:28,978 [INFO] 1 change detected
2026-05-12 15:14:29,385 [INFO] 1 change detected
2026-05-12 15:14:29,790 [INFO] 1 change detected
2026-05-12 15:14:30,147 [INFO] 1 change detected
2026-05-12 15:14:30,558 [INFO] 1 change detected
2026-05-12 15:14:30,964 [INFO] 1 change detected
2026-05-12 15:14:31,370 [INFO] 1 change detected
2026-05-12 15:14:31,779 [INFO] 1 change detected
2026-05-12 15:14:32,137 [INFO] 1 change detected
2026-05-12 15:14:32,553 [INFO] 1 change detected
2026-05-12 15:14:32,959 [INFO] 1 change detected
2026-05-12 15:14:33,370 [INFO] 1 change detected
2026-05-12 15:14:33,777 [INFO] 1 change detected
2026-05-12 15:14:34,184 [INFO] 1 change detected
2026-05-12 15:14:34,589 [INFO] 1 change detected
2026-05-12 15:14:34,997 [INFO] 1 change detected
2026-05-12 15:14:35,362 [INFO] 1 change detected
2026-05-12 15:14:35,771 [INFO] 1 change detected
2026-05-12 15:14:36,177 [INFO] 1 change detected
2026-05-12 15:14:36,586 [INFO] 1 change detected
2026-05-12 15:14:36,997 [INFO] 1 change detected
2026-05-12 15:14:37,407 [INFO] 1 change detected
2026-05-12 15:14:37,813 [INFO] 1 change detected
2026-05-12 15:14:38,218 [INFO] 1 change detected
2026-05-12 15:14:38,576 [INFO] 1 change detected
2026-05-12 15:14:38,989 [INFO] 1 change detected
2026-05-12 15:14:39,395 [INFO] 1 change detected
2026-05-12 15:14:39,802 [INFO] 1 change detected
2026-05-12 15:14:40,210 [INFO] 1 change detected
2026-05-12 15:14:40,615 [INFO] 1 change detected
2026-05-12 15:14:41,024 [INFO] 1 change detected
2026-05-12 15:14:41,433 [INFO] 1 change detected
2026-05-12 15:14:41,793 [INFO] 1 change detected
2026-05-12 15:14:42,202 [INFO] 1 change detected
2026-05-12 15:14:42,607 [INFO] 1 change detected
2026-05-12 15:14:43,013 [INFO] 1 change detected
2026-05-12 15:14:43,417 [INFO] 1 change detected
2026-05-12 15:14:43,825 [INFO] 1 change detected
2026-05-12 15:14:44,233 [INFO] 1 change detected
2026-05-12 15:14:44,640 [INFO] 1 change detected
2026-05-12 15:14:45,051 [INFO] 1 change detected
2026-05-12 15:14:45,462 [INFO] 1 change detected
2026-05-12 15:14:45,870 [INFO] 1 change detected
2026-05-12 15:14:46,275 [INFO] 1 change detected
2026-05-12 15:14:46,683 [INFO] 1 change detected
2026-05-12 15:14:47,090 [INFO] 1 change detected
2026-05-12 15:14:47,497 [INFO] 1 change detected
2026-05-12 15:14:47,903 [INFO] 1 change detected
2026-05-12 15:14:48,309 [INFO] 1 change detected
2026-05-12 15:14:48,666 [INFO] 1 change detected
2026-05-12 15:14:49,079 [INFO] 1 change detected
2026-05-12 15:14:49,488 [INFO] 1 change detected
2026-05-12 15:14:49,846 [INFO] 1 change detected
2026-05-12 15:14:50,253 [INFO] 1 change detected
2026-05-12 15:14:50,660 [INFO] 1 change detected
2026-05-12 15:14:51,071 [INFO] 1 change detected
2026-05-12 15:14:51,479 [INFO] 1 change detected
2026-05-12 15:14:51,884 [INFO] 1 change detected
2026-05-12 15:14:52,291 [INFO] 1 change detected
2026-05-12 15:14:52,703 [INFO] 1 change detected
2026-05-12 15:14:53,108 [INFO] 1 change detected
2026-05-12 15:14:53,516 [INFO] 1 change detected
2026-05-12 15:14:53,925 [INFO] 1 change detected
2026-05-12 15:14:54,338 [INFO] 1 change detected
2026-05-12 15:14:54,694 [INFO] 1 change detected
2026-05-12 15:14:55,106 [INFO] 1 change detected
2026-05-12 15:14:55,513 [INFO] 1 change detected
2026-05-12 15:14:55,918 [INFO] 1 change detected
2026-05-12 15:14:56,327 [INFO] 1 change detected
2026-05-12 15:14:56,734 [INFO] 1 change detected
2026-05-12 15:14:57,139 [INFO] 1 change detected
2026-05-12 15:14:57,547 [INFO] 1 change detected
2026-05-12 15:14:57,952 [INFO] 1 change detected
2026-05-12 15:14:58,360 [INFO] 1 change detected
2026-05-12 15:14:58,765 [INFO] 1 change detected
2026-05-12 15:14:59,175 [INFO] 1 change detected
2026-05-12 15:14:59,530 [INFO] 1 change detected
2026-05-12 15:14:59,946 [INFO] 1 change detected
2026-05-12 15:15:00,352 [INFO] 1 change detected
2026-05-12 15:15:00,754 [INFO] 1 change detected
2026-05-12 15:15:01,160 [INFO] 1 change detected
2026-05-12 15:15:01,566 [INFO] 1 change detected
2026-05-12 15:15:01,973 [INFO] 1 change detected
2026-05-12 15:15:02,376 [INFO] 1 change detected
2026-05-12 15:15:02,783 [INFO] 1 change detected
2026-05-12 15:15:03,190 [INFO] 1 change detected
2026-05-12 15:15:03,593 [INFO] 1 change detected
2026-05-12 15:15:03,997 [INFO] 1 change detected
2026-05-12 15:15:04,405 [INFO] 1 change detected
2026-05-12 15:15:04,811 [INFO] 1 change detected
2026-05-12 15:15:05,166 [INFO] 1 change detected
2026-05-12 15:15:05,577 [INFO] 1 change detected
2026-05-12 15:15:05,987 [INFO] 1 change detected
2026-05-12 15:15:06,399 [INFO] 1 change detected
2026-05-12 15:15:06,804 [INFO] 1 change detected
2026-05-12 15:15:07,212 [INFO] 1 change detected
2026-05-12 15:15:07,620 [INFO] 1 change detected
2026-05-12 15:15:07,979 [INFO] 1 change detected
2026-05-12 15:15:08,395 [INFO] 1 change detected
2026-05-12 15:15:08,802 [INFO] 1 change detected
2026-05-12 15:15:09,206 [INFO] 1 change detected
2026-05-12 15:15:09,614 [INFO] 1 change detected
2026-05-12 15:15:10,025 [INFO] 1 change detected
2026-05-12 15:15:10,432 [INFO] 1 change detected
2026-05-12 15:15:10,840 [INFO] 1 change detected
2026-05-12 15:15:11,245 [INFO] 1 change detected
2026-05-12 15:15:11,651 [INFO] 1 change detected
2026-05-12 15:15:12,057 [INFO] 1 change detected
2026-05-12 15:15:12,465 [INFO] 1 change detected
2026-05-12 15:15:12,872 [INFO] 1 change detected
2026-05-12 15:15:13,279 [INFO] 1 change detected
2026-05-12 15:15:13,684 [INFO] 1 change detected
2026-05-12 15:15:14,041 [INFO] 1 change detected
2026-05-12 15:15:14,450 [INFO] 1 change detected
2026-05-12 15:15:14,858 [INFO] 1 change detected
2026-05-12 15:15:15,266 [INFO] 1 change detected
2026-05-12 15:15:15,674 [INFO] 1 change detected
2026-05-12 15:15:16,034 [INFO] 1 change detected
2026-05-12 15:15:16,444 [INFO] 1 change detected
2026-05-12 15:15:16,851 [INFO] 1 change detected
2026-05-12 15:15:17,263 [INFO] 1 change detected
2026-05-12 15:15:17,671 [INFO] 1 change detected
2026-05-12 15:15:18,080 [INFO] 1 change detected
2026-05-12 15:15:18,489 [INFO] 1 change detected
2026-05-12 15:15:18,898 [INFO] 1 change detected
2026-05-12 15:15:19,258 [INFO] 1 change detected
2026-05-12 15:15:19,669 [INFO] 1 change detected
2026-05-12 15:15:20,076 [INFO] 1 change detected
2026-05-12 15:15:20,487 [INFO] 1 change detected
2026-05-12 15:15:20,893 [INFO] 1 change detected
2026-05-12 15:15:21,252 [INFO] 1 change detected
2026-05-12 15:15:21,665 [INFO] 1 change detected
2026-05-12 15:15:22,073 [INFO] 1 change detected
2026-05-12 15:15:22,479 [INFO] 1 change detected
2026-05-12 15:15:22,886 [INFO] 1 change detected
2026-05-12 15:15:23,294 [INFO] 1 change detected
2026-05-12 15:15:23,700 [INFO] 1 change detected
2026-05-12 15:15:24,106 [INFO] 1 change detected
2026-05-12 15:15:24,463 [INFO] 1 change detected
2026-05-12 15:15:24,876 [INFO] 1 change detected
2026-05-12 15:15:25,287 [INFO] 1 change detected
2026-05-12 15:15:25,646 [INFO] 1 change detected
2026-05-12 15:15:26,057 [INFO] 1 change detected
2026-05-12 15:15:26,464 [INFO] 1 change detected
2026-05-12 15:15:26,871 [INFO] 1 change detected
2026-05-12 15:15:27,278 [INFO] 1 change detected
2026-05-12 15:15:27,684 [INFO] 1 change detected
2026-05-12 15:15:28,044 [INFO] 1 change detected
2026-05-12 15:15:28,455 [INFO] 1 change detected
2026-05-12 15:15:28,861 [INFO] 1 change detected
2026-05-12 15:15:29,270 [INFO] 1 change detected
2026-05-12 15:15:29,678 [INFO] 1 change detected
2026-05-12 15:15:30,087 [INFO] 1 change detected
2026-05-12 15:15:30,493 [INFO] 1 change detected
2026-05-12 15:15:30,898 [INFO] 1 change detected
2026-05-12 15:15:31,302 [INFO] 1 change detected
2026-05-12 15:15:31,710 [INFO] 1 change detected
2026-05-12 15:15:32,117 [INFO] 1 change detected
2026-05-12 15:15:32,476 [INFO] 1 change detected
2026-05-12 15:15:32,889 [INFO] 1 change detected
2026-05-12 15:15:33,300 [INFO] 1 change detected
2026-05-12 15:15:33,710 [INFO] 1 change detected
2026-05-12 15:15:34,121 [INFO] 1 change detected
2026-05-12 15:15:34,527 [INFO] 1 change detected
2026-05-12 15:15:34,930 [INFO] 1 change detected
2026-05-12 15:15:35,285 [INFO] 1 change detected
2026-05-12 15:15:35,697 [INFO] 1 change detected
2026-05-12 15:15:36,105 [INFO] 1 change detected
2026-05-12 15:15:36,513 [INFO] 1 change detected
2026-05-12 15:15:36,921 [INFO] 1 change detected
2026-05-12 15:15:37,325 [INFO] 1 change detected
2026-05-12 15:15:37,732 [INFO] 1 change detected
2026-05-12 15:15:38,138 [INFO] 1 change detected
2026-05-12 15:15:38,547 [INFO] 1 change detected
2026-05-12 15:15:38,954 [INFO] 1 change detected
2026-05-12 15:15:39,316 [INFO] 1 change detected
2026-05-12 15:15:39,729 [INFO] 1 change detected
2026-05-12 15:15:40,137 [INFO] 1 change detected
2026-05-12 15:15:40,545 [INFO] 1 change detected
2026-05-12 15:15:40,904 [INFO] 1 change detected
2026-05-12 15:15:41,311 [INFO] 1 change detected
2026-05-12 15:15:41,720 [INFO] 1 change detected
2026-05-12 15:15:42,082 [INFO] 1 change detected
2026-05-12 15:15:42,493 [INFO] 1 change detected
2026-05-12 15:15:42,900 [INFO] 1 change detected
2026-05-12 15:15:43,309 [INFO] 1 change detected
2026-05-12 15:15:43,718 [INFO] 1 change detected
2026-05-12 15:15:44,123 [INFO] 1 change detected
2026-05-12 15:15:44,532 [INFO] 1 change detected
2026-05-12 15:15:44,939 [INFO] 1 change detected
2026-05-12 15:15:45,347 [INFO] 1 change detected
2026-05-12 15:15:45,753 [INFO] 1 change detected
2026-05-12 15:15:46,160 [INFO] 1 change detected
2026-05-12 15:15:46,566 [INFO] 1 change detected
2026-05-12 15:15:46,926 [INFO] 1 change detected
2026-05-12 15:15:47,338 [INFO] 1 change detected
2026-05-12 15:15:47,741 [INFO] 1 change detected
2026-05-12 15:15:48,152 [INFO] 1 change detected
2026-05-12 15:15:48,560 [INFO] 1 change detected
2026-05-12 15:15:48,920 [INFO] 1 change detected
2026-05-12 15:15:49,332 [INFO] 1 change detected
2026-05-12 15:15:49,737 [INFO] 1 change detected
2026-05-12 15:15:50,144 [INFO] 1 change detected
2026-05-12 15:15:50,549 [INFO] 1 change detected
2026-05-12 15:15:50,956 [INFO] 1 change detected
2026-05-12 15:15:51,313 [INFO] 1 change detected
2026-05-12 15:15:51,725 [INFO] 1 change detected
2026-05-12 15:15:52,132 [INFO] 1 change detected
2026-05-12 15:15:52,541 [INFO] 1 change detected
2026-05-12 15:15:52,901 [INFO] 1 change detected
2026-05-12 15:15:53,314 [INFO] 1 change detected
2026-05-12 15:15:53,720 [INFO] 1 change detected
2026-05-12 15:15:54,128 [INFO] 1 change detected
2026-05-12 15:15:54,534 [INFO] 1 change detected
2026-05-12 15:15:54,940 [INFO] 1 change detected
2026-05-12 15:15:55,349 [INFO] 1 change detected
2026-05-12 15:15:55,757 [INFO] 1 change detected
2026-05-12 15:15:56,119 [INFO] 1 change detected
2026-05-12 15:15:56,533 [INFO] 1 change detected
2026-05-12 15:15:56,940 [INFO] 1 change detected
2026-05-12 15:15:57,302 [INFO] 1 change detected
2026-05-12 15:15:57,715 [INFO] 1 change detected
2026-05-12 15:15:58,126 [INFO] 1 change detected
2026-05-12 15:15:58,536 [INFO] 1 change detected
2026-05-12 15:15:58,943 [INFO] 1 change detected
2026-05-12 15:15:59,301 [INFO] 1 change detected
2026-05-12 15:15:59,710 [INFO] 1 change detected
2026-05-12 15:16:00,116 [INFO] 1 change detected
2026-05-12 15:16:00,524 [INFO] 1 change detected
2026-05-12 15:16:00,935 [INFO] 1 change detected
2026-05-12 15:16:01,342 [INFO] 1 change detected
2026-05-12 15:16:01,750 [INFO] 1 change detected
2026-05-12 15:16:02,157 [INFO] 1 change detected
2026-05-12 15:16:02,565 [INFO] 1 change detected
2026-05-12 15:16:02,971 [INFO] 1 change detected
2026-05-12 15:16:03,332 [INFO] 1 change detected
2026-05-12 15:16:03,745 [INFO] 1 change detected
2026-05-12 15:16:04,151 [INFO] 1 change detected
2026-05-12 15:16:04,556 [INFO] 1 change detected
2026-05-12 15:16:04,961 [INFO] 1 change detected
2026-05-12 15:16:05,367 [INFO] 1 change detected
2026-05-12 15:16:05,771 [INFO] 1 change detected
2026-05-12 15:16:06,127 [INFO] 1 change detected
2026-05-12 15:16:06,537 [INFO] 1 change detected
2026-05-12 15:16:06,940 [INFO] 1 change detected
2026-05-12 15:16:07,346 [INFO] 1 change detected
2026-05-12 15:16:07,752 [INFO] 1 change detected
2026-05-12 15:16:08,159 [INFO] 1 change detected
2026-05-12 15:16:08,564 [INFO] 1 change detected
2026-05-12 15:16:08,966 [INFO] 1 change detected
2026-05-12 15:16:20,914 [INFO] Starting Air Quality AI server...
2026-05-12 15:16:20,915 [INFO] Database initialized.
2026-05-12 15:16:20,915 [INFO] Server ready at http://0.0.0.0:8000
2026-05-12 15:16:20,915 [INFO] Docs at http://localhost:8000/docs
2026-05-12 15:19:08,346 [INFO] 4 changes detected
2026-05-12 15:19:33,692 [INFO] 1 change detected
2026-05-12 15:19:34,052 [INFO] 1 change detected
2026-05-12 15:19:34,411 [INFO] 1 change detected
2026-05-12 15:19:34,818 [INFO] 1 change detected
2026-05-12 15:19:35,222 [INFO] 1 change detected
2026-05-12 15:19:35,574 [INFO] 1 change detected
2026-05-12 15:19:35,986 [INFO] 1 change detected
2026-05-12 15:19:36,392 [INFO] 1 change detected
2026-05-12 15:19:36,796 [INFO] 1 change detected
2026-05-12 15:19:37,202 [INFO] 1 change detected
2026-05-12 15:19:37,606 [INFO] 1 change detected
2026-05-12 15:19:38,011 [INFO] 1 change detected
2026-05-12 15:19:38,420 [INFO] 1 change detected
2026-05-12 15:19:38,822 [INFO] 1 change detected
2026-05-12 15:19:39,229 [INFO] 1 change detected
2026-05-12 15:19:39,636 [INFO] 1 change detected
2026-05-12 15:19:39,992 [INFO] 1 change detected
2026-05-12 15:19:40,399 [INFO] 1 change detected
2026-05-12 15:19:40,807 [INFO] 1 change detected
2026-05-12 15:19:41,210 [INFO] 1 change detected
2026-05-12 15:19:41,616 [INFO] 1 change detected
2026-05-12 15:19:42,020 [INFO] 1 change detected
2026-05-12 15:19:42,423 [INFO] 1 change detected
2026-05-12 15:19:42,830 [INFO] 1 change detected
2026-05-12 15:19:43,235 [INFO] 1 change detected
2026-05-12 15:19:43,642 [INFO] 1 change detected
2026-05-12 15:19:44,048 [INFO] 1 change detected
2026-05-12 15:19:44,454 [INFO] 1 change detected
2026-05-12 15:19:44,856 [INFO] 1 change detected
2026-05-12 15:19:45,260 [INFO] 1 change detected
2026-05-12 15:19:45,665 [INFO] 1 change detected
2026-05-12 15:19:46,066 [INFO] 1 change detected
2026-05-12 15:19:46,469 [INFO] 1 change detected
2026-05-12 15:19:46,872 [INFO] 1 change detected
2026-05-12 15:19:47,276 [INFO] 1 change detected
2026-05-12 15:19:47,679 [INFO] 1 change detected
2026-05-12 15:19:48,082 [INFO] 1 change detected
2026-05-12 15:19:48,517 [INFO] 1 change detected
2026-05-12 15:19:48,923 [INFO] 1 change detected
2026-05-12 15:19:49,304 [INFO] 1 change detected
2026-05-12 15:19:49,833 [INFO] 1 change detected
2026-05-12 15:19:50,187 [INFO] 1 change detected
2026-05-12 15:19:50,544 [INFO] 1 change detected
2026-05-12 15:19:50,961 [INFO] 1 change detected
2026-05-12 15:19:51,316 [INFO] 4 changes detected
2026-05-12 15:19:51,672 [INFO] 1 change detected
2026-05-12 15:19:52,030 [INFO] 1 change detected
2026-05-12 15:19:52,390 [INFO] 1 change detected
2026-05-12 15:19:52,743 [INFO] 1 change detected
2026-05-12 15:19:53,111 [INFO] 1 change detected
2026-05-12 15:19:53,519 [INFO] 1 change detected
2026-05-12 15:19:53,923 [INFO] 1 change detected
2026-05-12 15:19:54,328 [INFO] 1 change detected
2026-05-12 15:19:54,684 [INFO] 5 changes detected
2026-05-12 15:19:55,093 [INFO] 1 change detected
2026-05-12 15:19:55,495 [INFO] 1 change detected
2026-05-12 15:19:55,911 [INFO] 1 change detected
2026-05-12 15:19:56,326 [INFO] 1 change detected
2026-05-12 15:19:56,728 [INFO] 1 change detected
2026-05-12 15:19:57,132 [INFO] 1 change detected
2026-05-12 15:19:57,537 [INFO] 1 change detected
2026-05-12 15:19:57,891 [INFO] 1 change detected
2026-05-12 15:19:58,299 [INFO] 1 change detected
2026-05-12 15:19:58,706 [INFO] 1 change detected
2026-05-12 15:19:59,113 [INFO] 1 change detected
2026-05-12 15:19:59,519 [INFO] 1 change detected
2026-05-12 15:19:59,874 [INFO] 4 changes detected
2026-05-12 15:20:00,233 [INFO] 1 change detected
2026-05-12 15:20:00,588 [INFO] 1 change detected
2026-05-12 15:20:00,947 [INFO] 1 change detected
2026-05-12 15:20:01,355 [INFO] 1 change detected
2026-05-12 15:20:01,759 [INFO] 1 change detected
2026-05-12 15:20:02,169 [INFO] 1 change detected
2026-05-12 15:20:02,576 [INFO] 1 change detected
2026-05-12 15:20:02,931 [INFO] 1 change detected
2026-05-12 15:20:03,343 [INFO] 1 change detected
2026-05-12 15:20:03,750 [INFO] 1 change detected
2026-05-12 15:20:04,154 [INFO] 1 change detected
2026-05-12 15:20:04,609 [INFO] 5 changes detected
2026-05-12 15:20:05,024 [INFO] 1 change detected
2026-05-12 15:20:05,428 [INFO] 1 change detected
2026-05-12 15:20:05,833 [INFO] 1 change detected
2026-05-12 15:20:06,237 [INFO] 1 change detected
2026-05-12 15:20:06,640 [INFO] 1 change detected
2026-05-12 15:20:07,049 [INFO] 1 change detected
2026-05-12 15:20:07,455 [INFO] 1 change detected
2026-05-12 15:20:07,859 [INFO] 1 change detected
2026-05-12 15:20:08,264 [INFO] 1 change detected
2026-05-12 15:20:08,668 [INFO] 1 change detected
2026-05-12 15:20:09,072 [INFO] 1 change detected
2026-05-12 15:20:09,478 [INFO] 1 change detected
2026-05-12 15:20:09,882 [INFO] 5 changes detected
2026-05-12 15:20:10,287 [INFO] 1 change detected
2026-05-12 15:20:10,690 [INFO] 1 change detected
2026-05-12 15:20:11,097 [INFO] 1 change detected
2026-05-12 15:20:11,500 [INFO] 1 change detected
2026-05-12 15:20:11,903 [INFO] 1 change detected
2026-05-12 15:20:12,309 [INFO] 1 change detected
2026-05-12 15:20:12,713 [INFO] 1 change detected
2026-05-12 15:20:13,069 [INFO] 1 change detected
2026-05-12 15:20:13,478 [INFO] 1 change detected
2026-05-12 15:20:13,885 [INFO] 1 change detected
2026-05-12 15:20:14,290 [INFO] 1 change detected
2026-05-12 15:20:14,696 [INFO] 5 changes detected
2026-05-12 15:20:15,102 [INFO] 1 change detected
2026-05-12 15:20:15,506 [INFO] 1 change detected
2026-05-12 15:20:15,912 [INFO] 1 change detected
2026-05-12 15:20:16,314 [INFO] 1 change detected
2026-05-12 15:20:16,722 [INFO] 1 change detected
2026-05-12 15:20:17,126 [INFO] 1 change detected
2026-05-12 15:20:17,533 [INFO] 1 change detected
2026-05-12 15:20:17,935 [INFO] 1 change detected
2026-05-12 15:20:18,345 [INFO] 1 change detected
2026-05-12 15:20:18,749 [INFO] 1 change detected
2026-05-12 15:20:19,151 [INFO] 1 change detected
2026-05-12 15:20:19,558 [INFO] 1 change detected
2026-05-12 15:20:19,964 [INFO] 1 change detected
2026-05-12 15:20:20,371 [INFO] 1 change detected
2026-05-12 15:20:20,775 [INFO] 1 change detected
2026-05-12 15:20:21,179 [INFO] 1 change detected
2026-05-12 15:20:21,537 [INFO] 1 change detected
2026-05-12 15:20:21,948 [INFO] 1 change detected
2026-05-12 15:20:22,351 [INFO] 1 change detected
2026-05-12 15:20:22,758 [INFO] 1 change detected
2026-05-12 15:20:23,162 [INFO] 1 change detected
2026-05-12 15:20:23,570 [INFO] 1 change detected
2026-05-12 15:20:23,973 [INFO] 1 change detected
2026-05-12 15:20:24,375 [INFO] 1 change detected
2026-05-12 15:20:24,779 [INFO] 1 change detected
2026-05-12 15:20:25,181 [INFO] 1 change detected
2026-05-12 15:20:25,585 [INFO] 1 change detected
2026-05-12 15:20:25,988 [INFO] 1 change detected
2026-05-12 15:20:26,394 [INFO] 1 change detected
2026-05-12 15:20:26,800 [INFO] 1 change detected
2026-05-12 15:20:27,207 [INFO] 1 change detected
2026-05-12 15:20:27,622 [INFO] 1 change detected
2026-05-12 15:20:28,027 [INFO] 1 change detected
2026-05-12 15:20:28,430 [INFO] 1 change detected
2026-05-12 15:20:28,788 [INFO] 1 change detected
2026-05-12 15:20:29,199 [INFO] 1 change detected
2026-05-12 15:20:29,606 [INFO] 1 change detected
2026-05-12 15:20:30,013 [INFO] 1 change detected
2026-05-12 15:20:30,419 [INFO] 1 change detected
2026-05-12 15:20:30,824 [INFO] 1 change detected
2026-05-12 15:20:31,229 [INFO] 1 change detected
2026-05-12 15:20:31,635 [INFO] 1 change detected
2026-05-12 15:20:32,038 [INFO] 1 change detected
2026-05-12 15:20:32,444 [INFO] 1 change detected
2026-05-12 15:20:32,849 [INFO] 1 change detected
2026-05-12 15:20:33,258 [INFO] 1 change detected
2026-05-12 15:20:33,667 [INFO] 1 change detected
2026-05-12 15:20:34,073 [INFO] 1 change detected
2026-05-12 15:20:34,476 [INFO] 1 change detected
2026-05-12 15:20:34,883 [INFO] 1 change detected
2026-05-12 15:20:35,244 [INFO] 1 change detected
2026-05-12 15:20:35,654 [INFO] 1 change detected
2026-05-12 15:20:36,062 [INFO] 1 change detected
2026-05-12 15:20:36,466 [INFO] 1 change detected
2026-05-12 15:20:36,868 [INFO] 1 change detected
2026-05-12 15:20:37,271 [INFO] 1 change detected
2026-05-12 15:20:37,677 [INFO] 1 change detected
2026-05-12 15:20:38,079 [INFO] 1 change detected
2026-05-12 15:20:38,484 [INFO] 1 change detected
2026-05-12 15:20:38,890 [INFO] 1 change detected
2026-05-12 15:20:39,291 [INFO] 1 change detected
2026-05-12 15:20:39,695 [INFO] 1 change detected
2026-05-12 15:20:40,102 [INFO] 1 change detected
2026-05-12 15:20:40,460 [INFO] 1 change detected
2026-05-12 15:20:40,869 [INFO] 1 change detected
2026-05-12 15:20:41,273 [INFO] 1 change detected
2026-05-12 15:20:41,675 [INFO] 1 change detected
2026-05-12 15:20:42,082 [INFO] 1 change detected
2026-05-12 15:20:42,489 [INFO] 1 change detected
2026-05-12 15:20:42,896 [INFO] 1 change detected
2026-05-12 15:20:43,301 [INFO] 1 change detected
2026-05-12 15:20:43,709 [INFO] 1 change detected
2026-05-12 15:20:44,113 [INFO] 1 change detected
2026-05-12 15:20:44,517 [INFO] 1 change detected
2026-05-12 15:20:44,924 [INFO] 1 change detected
2026-05-12 15:20:45,329 [INFO] 1 change detected
2026-05-12 15:20:45,733 [INFO] 1 change detected
2026-05-12 15:20:46,138 [INFO] 1 change detected
2026-05-12 15:20:46,541 [INFO] 1 change detected
2026-05-12 15:20:46,897 [INFO] 1 change detected
2026-05-12 15:20:47,309 [INFO] 1 change detected
2026-05-12 15:20:47,712 [INFO] 1 change detected
2026-05-12 15:20:48,115 [INFO] 1 change detected
2026-05-12 15:20:48,523 [INFO] 1 change detected
2026-05-12 15:20:48,936 [INFO] 1 change detected
2026-05-12 15:20:49,341 [INFO] 1 change detected
2026-05-12 15:20:49,696 [INFO] 1 change detected
2026-05-12 15:20:50,106 [INFO] 1 change detected
2026-05-12 15:20:50,512 [INFO] 1 change detected
2026-05-12 15:20:50,922 [INFO] 1 change detected
2026-05-12 15:20:51,329 [INFO] 1 change detected
2026-05-12 15:20:51,732 [INFO] 1 change detected
2026-05-12 15:20:52,140 [INFO] 1 change detected
2026-05-12 15:20:52,547 [INFO] 1 change detected
2026-05-12 15:20:52,953 [INFO] 1 change detected
2026-05-12 15:20:53,356 [INFO] 1 change detected
2026-05-12 15:20:53,759 [INFO] 1 change detected
2026-05-12 15:20:54,168 [INFO] 1 change detected
2026-05-12 15:20:54,574 [INFO] 1 change detected
2026-05-12 15:20:54,978 [INFO] 1 change detected
2026-05-12 15:20:55,384 [INFO] 1 change detected
2026-05-12 15:20:55,789 [INFO] 1 change detected
2026-05-12 15:20:56,194 [INFO] 1 change detected
2026-05-12 15:20:56,599 [INFO] 1 change detected
2026-05-12 15:20:56,956 [INFO] 1 change detected
2026-05-12 15:20:57,362 [INFO] 1 change detected
2026-05-12 15:20:57,769 [INFO] 1 change detected
2026-05-12 15:20:58,175 [INFO] 1 change detected
2026-05-12 15:20:58,581 [INFO] 1 change detected
2026-05-12 15:20:58,939 [INFO] 1 change detected
2026-05-12 15:20:59,345 [INFO] 1 change detected
2026-05-12 15:20:59,750 [INFO] 1 change detected
2026-05-12 15:21:00,160 [INFO] 1 change detected
2026-05-12 15:21:00,569 [INFO] 1 change detected
2026-05-12 15:21:00,977 [INFO] 1 change detected
2026-05-12 15:21:01,379 [INFO] 1 change detected
2026-05-12 15:21:01,782 [INFO] 1 change detected
2026-05-12 15:21:02,141 [INFO] 1 change detected
2026-05-12 15:21:02,550 [INFO] 1 change detected
2026-05-12 15:21:02,953 [INFO] 1 change detected
2026-05-12 15:21:03,358 [INFO] 1 change detected
2026-05-12 15:21:03,763 [INFO] 1 change detected
2026-05-12 15:21:04,171 [INFO] 1 change detected
2026-05-12 15:21:04,525 [INFO] 1 change detected
2026-05-12 15:21:04,938 [INFO] 1 change detected
2026-05-12 15:21:05,346 [INFO] 1 change detected
2026-05-12 15:21:05,749 [INFO] 1 change detected
2026-05-12 15:21:06,158 [INFO] 1 change detected
2026-05-12 15:21:06,562 [INFO] 1 change detected
2026-05-12 15:21:06,916 [INFO] 1 change detected
2026-05-12 15:21:07,325 [INFO] 1 change detected
2026-05-12 15:21:07,731 [INFO] 1 change detected
2026-05-12 15:21:08,134 [INFO] 1 change detected
2026-05-12 15:21:08,537 [INFO] 1 change detected
2026-05-12 15:21:08,942 [INFO] 1 change detected
2026-05-12 15:21:09,347 [INFO] 1 change detected
2026-05-12 15:21:09,751 [INFO] 1 change detected
2026-05-12 15:21:10,153 [INFO] 1 change detected
2026-05-12 15:21:10,558 [INFO] 1 change detected
2026-05-12 15:21:10,968 [INFO] 1 change detected
2026-05-12 15:21:11,324 [INFO] 1 change detected
2026-05-12 15:21:11,734 [INFO] 1 change detected
2026-05-12 15:21:12,137 [INFO] 1 change detected
2026-05-12 15:21:12,538 [INFO] 1 change detected
2026-05-12 15:21:12,944 [INFO] 1 change detected
2026-05-12 15:21:13,347 [INFO] 1 change detected
2026-05-12 15:21:13,753 [INFO] 1 change detected
2026-05-12 15:21:14,159 [INFO] 1 change detected
2026-05-12 15:21:14,562 [INFO] 1 change detected
2026-05-12 15:21:14,964 [INFO] 1 change detected
2026-05-12 15:21:15,368 [INFO] 1 change detected
2026-05-12 15:21:15,774 [INFO] 1 change detected
2026-05-12 15:21:16,181 [INFO] 1 change detected
2026-05-12 15:21:16,584 [INFO] 1 change detected
2026-05-12 15:21:16,990 [INFO] 1 change detected
2026-05-12 15:21:17,395 [INFO] 1 change detected
2026-05-12 15:21:17,801 [INFO] 1 change detected
2026-05-12 15:21:18,209 [INFO] 1 change detected
2026-05-12 15:21:18,617 [INFO] 1 change detected
2026-05-12 15:21:19,022 [INFO] 1 change detected
2026-05-12 15:21:19,376 [INFO] 1 change detected
2026-05-12 15:21:19,783 [INFO] 1 change detected
2026-05-12 15:21:20,188 [INFO] 1 change detected
2026-05-12 15:21:20,590 [INFO] 1 change detected
2026-05-12 15:21:20,995 [INFO] 1 change detected
2026-05-12 15:21:21,400 [INFO] 1 change detected
2026-05-12 15:21:21,809 [INFO] 1 change detected
2026-05-12 15:21:22,216 [INFO] 1 change detected
2026-05-12 15:21:22,619 [INFO] 1 change detected
2026-05-12 15:21:23,025 [INFO] 1 change detected
2026-05-12 15:21:23,428 [INFO] 1 change detected
2026-05-12 15:21:23,835 [INFO] 1 change detected
2026-05-12 15:21:24,239 [INFO] 1 change detected
2026-05-12 15:21:24,650 [INFO] 1 change detected
2026-05-12 15:21:25,055 [INFO] 1 change detected
2026-05-12 15:21:25,461 [INFO] 1 change detected
2026-05-12 15:21:25,869 [INFO] 1 change detected
2026-05-12 15:21:26,277 [INFO] 1 change detected
2026-05-12 15:21:26,679 [INFO] 1 change detected
2026-05-12 15:21:27,083 [INFO] 1 change detected
2026-05-12 15:21:27,489 [INFO] 1 change detected
2026-05-12 15:21:27,895 [INFO] 1 change detected
2026-05-12 15:21:28,301 [INFO] 1 change detected
2026-05-12 15:21:28,706 [INFO] 1 change detected
2026-05-12 15:21:29,110 [INFO] 1 change detected
2026-05-12 15:21:29,514 [INFO] 1 change detected
2026-05-12 15:21:29,918 [INFO] 1 change detected
2026-05-12 15:21:30,274 [INFO] 1 change detected
2026-05-12 15:21:30,682 [INFO] 1 change detected
2026-05-12 15:21:31,090 [INFO] 1 change detected
2026-05-12 15:21:31,497 [INFO] 1 change detected
2026-05-12 15:21:31,904 [INFO] 1 change detected
2026-05-12 15:21:32,312 [INFO] 1 change detected
2026-05-12 15:21:32,667 [INFO] 1 change detected
2026-05-12 15:21:33,080 [INFO] 1 change detected
2026-05-12 15:21:33,484 [INFO] 1 change detected
2026-05-12 15:21:33,888 [INFO] 1 change detected
2026-05-12 15:21:34,292 [INFO] 1 change detected
2026-05-12 15:21:34,699 [INFO] 1 change detected
2026-05-12 15:21:35,103 [INFO] 1 change detected
2026-05-12 15:21:35,512 [INFO] 1 change detected
2026-05-12 15:21:35,872 [INFO] 1 change detected
2026-05-12 15:21:36,279 [INFO] 1 change detected
2026-05-12 15:21:36,687 [INFO] 1 change detected
2026-05-12 15:21:37,090 [INFO] 1 change detected
2026-05-12 15:21:37,493 [INFO] 1 change detected
2026-05-12 15:21:37,900 [INFO] 1 change detected
2026-05-12 15:21:38,302 [INFO] 1 change detected
2026-05-12 15:21:38,709 [INFO] 1 change detected
2026-05-12 15:21:39,112 [INFO] 1 change detected
2026-05-12 15:21:39,518 [INFO] 1 change detected
2026-05-12 15:21:39,926 [INFO] 1 change detected
2026-05-12 15:21:40,331 [INFO] 1 change detected
2026-05-12 15:21:40,735 [INFO] 1 change detected
2026-05-12 15:21:41,092 [INFO] 1 change detected
2026-05-12 15:21:41,501 [INFO] 1 change detected
2026-05-12 15:21:41,906 [INFO] 1 change detected
2026-05-12 15:21:42,312 [INFO] 1 change detected
2026-05-12 15:21:42,714 [INFO] 1 change detected
2026-05-12 15:21:43,116 [INFO] 1 change detected
2026-05-12 15:21:43,518 [INFO] 1 change detected
2026-05-12 15:21:43,922 [INFO] 1 change detected
2026-05-12 15:21:44,328 [INFO] 1 change detected
2026-05-12 15:21:44,730 [INFO] 1 change detected
2026-05-12 15:21:45,136 [INFO] 1 change detected
2026-05-12 15:21:45,539 [INFO] 1 change detected
2026-05-12 15:21:45,943 [INFO] 1 change detected
2026-05-12 15:21:46,348 [INFO] 1 change detected
2026-05-12 15:21:46,750 [INFO] 1 change detected
2026-05-12 15:21:47,157 [INFO] 1 change detected
2026-05-12 15:21:47,512 [INFO] 1 change detected
2026-05-12 15:21:47,920 [INFO] 1 change detected
2026-05-12 15:21:48,328 [INFO] 1 change detected
2026-05-12 15:21:48,735 [INFO] 1 change detected
2026-05-12 15:21:49,140 [INFO] 1 change detected
2026-05-12 15:21:49,543 [INFO] 1 change detected
2026-05-12 15:21:49,948 [INFO] 1 change detected
2026-05-12 15:21:50,352 [INFO] 1 change detected
2026-05-12 15:21:50,758 [INFO] 1 change detected
2026-05-12 15:21:51,162 [INFO] 1 change detected
2026-05-12 15:21:51,567 [INFO] 1 change detected
2026-05-12 15:21:51,970 [INFO] 1 change detected
2026-05-12 15:21:52,328 [INFO] 1 change detected
2026-05-12 15:21:52,738 [INFO] 1 change detected
2026-05-12 15:21:53,147 [INFO] 1 change detected
2026-05-12 15:21:53,552 [INFO] 1 change detected
2026-05-12 15:21:53,958 [INFO] 1 change detected
2026-05-12 15:21:54,362 [INFO] 1 change detected
2026-05-12 15:21:54,768 [INFO] 1 change detected
2026-05-12 15:21:55,175 [INFO] 1 change detected
2026-05-12 15:21:55,585 [INFO] 1 change detected
2026-05-12 15:21:55,991 [INFO] 1 change detected
2026-05-12 15:21:56,394 [INFO] 1 change detected
2026-05-12 15:21:56,747 [INFO] 1 change detected
2026-05-12 15:21:57,160 [INFO] 1 change detected
2026-05-12 15:21:57,564 [INFO] 1 change detected
2026-05-12 15:21:57,969 [INFO] 1 change detected
2026-05-12 15:21:58,376 [INFO] 1 change detected
2026-05-12 15:21:58,781 [INFO] 1 change detected
2026-05-12 15:21:59,191 [INFO] 1 change detected
2026-05-12 15:21:59,598 [INFO] 1 change detected
2026-05-12 15:22:00,005 [INFO] 1 change detected
2026-05-12 15:22:00,408 [INFO] 1 change detected
2026-05-12 15:22:00,814 [INFO] 1 change detected
2026-05-12 15:22:01,231 [INFO] 1 change detected
2026-05-12 15:22:01,636 [INFO] 1 change detected
2026-05-12 15:22:02,045 [INFO] 1 change detected
2026-05-12 15:22:02,450 [INFO] 1 change detected
2026-05-12 15:22:02,857 [INFO] 1 change detected
2026-05-12 15:22:03,214 [INFO] 1 change detected
2026-05-12 15:22:03,626 [INFO] 1 change detected
2026-05-12 15:22:04,034 [INFO] 1 change detected
2026-05-12 15:22:04,437 [INFO] 1 change detected
2026-05-12 15:22:04,842 [INFO] 1 change detected
2026-05-12 15:22:05,248 [INFO] 1 change detected
2026-05-12 15:22:05,608 [INFO] 1 change detected
2026-05-12 15:22:06,018 [INFO] 1 change detected
2026-05-12 15:22:06,423 [INFO] 1 change detected
2026-05-12 15:22:06,839 [INFO] 1 change detected
2026-05-12 15:22:07,245 [INFO] 1 change detected
2026-05-12 15:22:07,650 [INFO] 1 change detected
2026-05-12 15:22:08,056 [INFO] 1 change detected
2026-05-12 15:22:08,463 [INFO] 1 change detected
2026-05-12 15:22:08,868 [INFO] 1 change detected
2026-05-12 15:22:09,223 [INFO] 1 change detected
2026-05-12 15:22:09,630 [INFO] 1 change detected
2026-05-12 15:22:10,035 [INFO] 1 change detected
2026-05-12 15:22:10,444 [INFO] 1 change detected
2026-05-12 15:22:10,852 [INFO] 1 change detected
2026-05-12 15:22:11,209 [INFO] 1 change detected
2026-05-12 15:22:11,617 [INFO] 1 change detected
2026-05-12 15:22:12,020 [INFO] 1 change detected
2026-05-12 15:22:12,423 [INFO] 1 change detected
2026-05-12 15:22:12,828 [INFO] 1 change detected
2026-05-12 15:22:13,234 [INFO] 1 change detected
2026-05-12 15:22:13,638 [INFO] 1 change detected
2026-05-12 15:22:14,044 [INFO] 1 change detected
2026-05-12 15:22:14,452 [INFO] 1 change detected
2026-05-12 15:22:14,810 [INFO] 1 change detected
2026-05-12 15:22:15,220 [INFO] 1 change detected
2026-05-12 15:22:15,623 [INFO] 1 change detected
2026-05-12 15:22:16,025 [INFO] 1 change detected
2026-05-12 15:22:16,433 [INFO] 1 change detected
2026-05-12 15:22:16,840 [INFO] 1 change detected
2026-05-12 15:22:17,195 [INFO] 1 change detected
2026-05-12 15:22:17,611 [INFO] 1 change detected
2026-05-12 15:22:18,015 [INFO] 1 change detected
2026-05-12 15:22:18,418 [INFO] 1 change detected
2026-05-12 15:22:18,825 [INFO] 1 change detected
2026-05-12 15:22:19,231 [INFO] 1 change detected
2026-05-12 15:22:19,642 [INFO] 1 change detected
2026-05-12 15:22:19,998 [INFO] 1 change detected
2026-05-12 15:22:20,410 [INFO] 1 change detected
2026-05-12 15:22:20,816 [INFO] 1 change detected
2026-05-12 15:22:21,219 [INFO] 1 change detected
2026-05-12 15:22:21,625 [INFO] 1 change detected
2026-05-12 15:22:22,030 [INFO] 1 change detected
2026-05-12 15:22:22,436 [INFO] 1 change detected
2026-05-12 15:22:22,845 [INFO] 1 change detected
2026-05-12 15:22:23,247 [INFO] 1 change detected
2026-05-12 15:22:23,654 [INFO] 1 change detected
2026-05-12 15:22:24,060 [INFO] 1 change detected
2026-05-12 15:22:24,469 [INFO] 1 change detected
2026-05-12 15:22:24,875 [INFO] 1 change detected
2026-05-12 15:22:25,228 [INFO] 1 change detected
2026-05-12 15:22:25,638 [INFO] 1 change detected
2026-05-12 15:22:26,042 [INFO] 1 change detected
2026-05-12 15:22:26,443 [INFO] 1 change detected
2026-05-12 15:22:26,847 [INFO] 1 change detected
2026-05-12 15:22:27,254 [INFO] 1 change detected
2026-05-12 15:22:27,660 [INFO] 1 change detected
2026-05-12 15:22:28,065 [INFO] 1 change detected
2026-05-12 15:22:28,470 [INFO] 1 change detected
2026-05-12 15:22:28,886 [INFO] 1 change detected
2026-05-12 15:22:29,289 [INFO] 1 change detected
2026-05-12 15:22:29,696 [INFO] 1 change detected
2026-05-12 15:22:30,101 [INFO] 1 change detected
2026-05-12 15:22:30,503 [INFO] 1 change detected
2026-05-12 15:22:30,860 [INFO] 1 change detected
2026-05-12 15:22:31,267 [INFO] 1 change detected
2026-05-12 15:22:31,675 [INFO] 1 change detected
2026-05-12 15:22:32,080 [INFO] 1 change detected
2026-05-12 15:22:32,496 [INFO] 1 change detected
2026-05-12 15:22:32,902 [INFO] 1 change detected
2026-05-12 15:22:33,307 [INFO] 1 change detected
2026-05-12 15:22:33,661 [INFO] 1 change detected
2026-05-12 15:22:34,073 [INFO] 1 change detected
2026-05-12 15:22:34,476 [INFO] 1 change detected
2026-05-12 15:22:34,883 [INFO] 1 change detected
2026-05-12 15:22:35,288 [INFO] 1 change detected
2026-05-12 15:22:35,692 [INFO] 1 change detected
2026-05-12 15:22:36,097 [INFO] 1 change detected
2026-05-12 15:22:36,505 [INFO] 1 change detected
2026-05-12 15:22:36,911 [INFO] 1 change detected
2026-05-12 15:22:37,313 [INFO] 1 change detected
2026-05-12 15:22:37,716 [INFO] 1 change detected
2026-05-12 15:22:38,121 [INFO] 1 change detected
2026-05-12 15:22:38,526 [INFO] 1 change detected
2026-05-12 15:22:38,932 [INFO] 1 change detected
2026-05-12 15:22:39,336 [INFO] 1 change detected
2026-05-12 15:22:39,738 [INFO] 1 change detected
2026-05-12 15:22:40,105 [INFO] 1 change detected
2026-05-12 15:22:40,514 [INFO] 1 change detected
2026-05-12 15:22:40,920 [INFO] 1 change detected
2026-05-12 15:22:41,322 [INFO] 1 change detected
2026-05-12 15:22:41,688 [INFO] 1 change detected
2026-05-12 15:22:42,095 [INFO] 1 change detected
2026-05-12 15:22:42,552 [INFO] 1 change detected
2026-05-12 15:22:42,906 [INFO] 1 change detected
2026-05-12 15:22:43,313 [INFO] 1 change detected
2026-05-12 15:22:43,719 [INFO] 1 change detected
2026-05-12 15:22:44,122 [INFO] 1 change detected
2026-05-12 15:22:44,525 [INFO] 1 change detected
2026-05-12 15:22:44,929 [INFO] 1 change detected
2026-05-12 15:22:45,340 [INFO] 1 change detected
2026-05-12 15:22:45,747 [INFO] 1 change detected
2026-05-12 15:22:46,105 [INFO] 1 change detected
2026-05-12 15:22:46,518 [INFO] 1 change detected
2026-05-12 15:22:46,924 [INFO] 1 change detected
2026-05-12 15:22:47,327 [INFO] 1 change detected
2026-05-12 15:22:47,732 [INFO] 1 change detected
2026-05-12 15:22:48,133 [INFO] 1 change detected
2026-05-12 15:22:48,536 [INFO] 1 change detected
2026-05-12 15:22:48,942 [INFO] 1 change detected
2026-05-12 15:22:49,301 [INFO] 1 change detected
2026-05-12 15:22:49,708 [INFO] 1 change detected
2026-05-12 15:22:50,118 [INFO] 1 change detected
2026-05-12 15:22:50,524 [INFO] 1 change detected
2026-05-12 15:22:50,928 [INFO] 1 change detected
2026-05-12 15:22:51,338 [INFO] 1 change detected
2026-05-12 15:22:51,742 [INFO] 1 change detected
2026-05-12 15:22:52,147 [INFO] 1 change detected
2026-05-12 15:22:52,551 [INFO] 1 change detected
2026-05-12 15:22:52,959 [INFO] 1 change detected
2026-05-12 15:22:53,319 [INFO] 1 change detected
2026-05-12 15:22:53,729 [INFO] 1 change detected
2026-05-12 15:22:54,138 [INFO] 1 change detected
2026-05-12 15:22:54,546 [INFO] 1 change detected
2026-05-12 15:22:54,958 [INFO] 1 change detected
2026-05-12 15:22:55,314 [INFO] 1 change detected
2026-05-12 15:22:55,726 [INFO] 1 change detected
2026-05-12 15:22:56,132 [INFO] 1 change detected
2026-05-12 15:22:56,541 [INFO] 1 change detected
2026-05-12 15:22:56,897 [INFO] 1 change detected
2026-05-12 15:22:57,305 [INFO] 1 change detected
2026-05-12 15:22:57,711 [INFO] 1 change detected
2026-05-12 15:22:58,116 [INFO] 1 change detected
2026-05-12 15:22:58,524 [INFO] 1 change detected
2026-05-12 15:22:58,932 [INFO] 1 change detected
2026-05-12 15:22:59,288 [INFO] 1 change detected
2026-05-12 15:22:59,696 [INFO] 1 change detected
2026-05-12 15:23:00,107 [INFO] 1 change detected
2026-05-12 15:23:00,517 [INFO] 1 change detected
2026-05-12 15:23:00,923 [INFO] 1 change detected
2026-05-12 15:23:01,284 [INFO] 1 change detected
2026-05-12 15:23:01,689 [INFO] 1 change detected
2026-05-12 15:23:02,095 [INFO] 1 change detected
2026-05-12 15:23:02,501 [INFO] 1 change detected
2026-05-12 15:23:02,908 [INFO] 1 change detected
2026-05-12 15:23:03,310 [INFO] 1 change detected
2026-05-12 15:23:03,719 [INFO] 1 change detected
2026-05-12 15:23:04,129 [INFO] 1 change detected
2026-05-12 15:23:04,535 [INFO] 1 change detected
2026-05-12 15:23:04,941 [INFO] 1 change detected
2026-05-12 15:23:05,343 [INFO] 1 change detected
2026-05-12 15:23:05,748 [INFO] 1 change detected
2026-05-12 15:23:06,152 [INFO] 1 change detected
2026-05-12 15:23:06,503 [INFO] 1 change detected
2026-05-12 15:23:06,911 [INFO] 1 change detected
2026-05-12 15:23:07,314 [INFO] 1 change detected
2026-05-12 15:23:07,721 [INFO] 1 change detected
2026-05-12 15:23:08,127 [INFO] 1 change detected
2026-05-12 15:23:08,528 [INFO] 1 change detected
2026-05-12 15:23:08,930 [INFO] 1 change detected
2026-05-12 15:23:09,335 [INFO] 1 change detected
2026-05-12 15:23:09,738 [INFO] 1 change detected
2026-05-12 15:23:10,141 [INFO] 1 change detected
2026-05-12 15:23:10,545 [INFO] 1 change detected
2026-05-12 15:23:10,959 [INFO] 1 change detected
2026-05-12 15:23:11,364 [INFO] 1 change detected
2026-05-12 15:23:11,720 [INFO] 1 change detected
2026-05-12 15:23:12,125 [INFO] 1 change detected
2026-05-12 15:23:12,529 [INFO] 1 change detected
2026-05-12 15:23:12,933 [INFO] 1 change detected
2026-05-12 15:23:13,335 [INFO] 1 change detected
2026-05-12 15:23:13,736 [INFO] 1 change detected
2026-05-12 15:23:14,140 [INFO] 1 change detected
2026-05-12 15:23:14,546 [INFO] 1 change detected
2026-05-12 15:23:14,962 [INFO] 1 change detected
2026-05-12 15:23:15,370 [INFO] 1 change detected
2026-05-12 15:23:15,776 [INFO] 1 change detected
2026-05-12 15:23:16,178 [INFO] 1 change detected
2026-05-12 15:23:16,584 [INFO] 1 change detected
2026-05-12 15:23:16,991 [INFO] 1 change detected
2026-05-12 15:23:17,345 [INFO] 1 change detected
2026-05-12 15:23:17,755 [INFO] 1 change detected
2026-05-12 15:23:18,164 [INFO] 1 change detected
2026-05-12 15:23:18,518 [INFO] 1 change detected
2026-05-12 15:23:18,929 [INFO] 1 change detected
2026-05-12 15:23:19,332 [INFO] 1 change detected
2026-05-12 15:23:19,739 [INFO] 1 change detected
2026-05-12 15:23:20,141 [INFO] 1 change detected
2026-05-12 15:23:20,545 [INFO] 1 change detected
2026-05-12 15:23:20,951 [INFO] 1 change detected
2026-05-12 15:23:21,356 [INFO] 1 change detected
2026-05-12 15:23:21,763 [INFO] 1 change detected
2026-05-12 15:23:22,118 [INFO] 1 change detected
2026-05-12 15:23:22,529 [INFO] 1 change detected
2026-05-12 15:23:22,931 [INFO] 1 change detected
2026-05-12 15:23:23,338 [INFO] 1 change detected
2026-05-12 15:23:23,741 [INFO] 1 change detected
2026-05-12 15:23:24,147 [INFO] 1 change detected
2026-05-12 15:23:24,549 [INFO] 1 change detected
2026-05-12 15:23:24,915 [INFO] 1 change detected
2026-05-12 15:23:25,321 [INFO] 1 change detected
2026-05-12 15:23:25,727 [INFO] 1 change detected
2026-05-12 15:23:26,131 [INFO] 1 change detected
2026-05-12 15:23:26,538 [INFO] 1 change detected
2026-05-12 15:23:26,943 [INFO] 1 change detected
2026-05-12 15:23:27,300 [INFO] 1 change detected
2026-05-12 15:23:27,708 [INFO] 1 change detected
2026-05-12 15:23:28,114 [INFO] 1 change detected
2026-05-12 15:23:28,521 [INFO] 1 change detected
2026-05-12 15:23:28,926 [INFO] 1 change detected
2026-05-12 15:23:29,332 [INFO] 1 change detected
2026-05-12 15:23:29,735 [INFO] 1 change detected
2026-05-12 15:23:30,141 [INFO] 1 change detected
2026-05-12 15:23:30,546 [INFO] 1 change detected
2026-05-12 15:23:30,951 [INFO] 1 change detected
2026-05-12 15:23:31,358 [INFO] 1 change detected
2026-05-12 15:23:31,763 [INFO] 1 change detected
2026-05-12 15:23:32,170 [INFO] 1 change detected
2026-05-12 15:23:32,574 [INFO] 1 change detected
2026-05-12 15:23:32,978 [INFO] 1 change detected
2026-05-12 15:23:33,380 [INFO] 1 change detected
2026-05-12 15:23:33,784 [INFO] 1 change detected
2026-05-12 15:23:34,189 [INFO] 1 change detected
2026-05-12 15:23:34,596 [INFO] 1 change detected
2026-05-12 15:23:34,998 [INFO] 1 change detected
2026-05-12 15:23:35,403 [INFO] 1 change detected
2026-05-12 15:23:35,811 [INFO] 1 change detected
2026-05-12 15:23:36,169 [INFO] 1 change detected
2026-05-12 15:23:36,579 [INFO] 1 change detected
2026-05-12 15:23:36,983 [INFO] 1 change detected
2026-05-12 15:23:37,388 [INFO] 1 change detected
2026-05-12 15:23:37,790 [INFO] 1 change detected
2026-05-12 15:23:38,194 [INFO] 1 change detected
2026-05-12 15:23:38,597 [INFO] 1 change detected
2026-05-12 15:23:39,004 [INFO] 1 change detected
2026-05-12 15:23:39,408 [INFO] 1 change detected
2026-05-12 15:23:39,816 [INFO] 1 change detected
2026-05-12 15:23:40,225 [INFO] 1 change detected
2026-05-12 15:23:40,634 [INFO] 1 change detected
2026-05-12 15:23:41,040 [INFO] 1 change detected
2026-05-12 15:23:41,397 [INFO] 1 change detected
2026-05-12 15:23:41,803 [INFO] 1 change detected
2026-05-12 15:23:42,214 [INFO] 1 change detected
2026-05-12 15:23:42,617 [INFO] 1 change detected
2026-05-12 15:23:43,019 [INFO] 1 change detected
2026-05-12 15:23:43,424 [INFO] 1 change detected
2026-05-12 15:23:43,828 [INFO] 1 change detected
2026-05-12 15:23:44,233 [INFO] 1 change detected
2026-05-12 15:23:44,636 [INFO] 1 change detected
2026-05-12 15:23:45,042 [INFO] 1 change detected
2026-05-12 15:23:45,449 [INFO] 1 change detected
2026-05-12 15:23:45,806 [INFO] 1 change detected
2026-05-12 15:23:46,216 [INFO] 1 change detected
2026-05-12 15:23:46,620 [INFO] 1 change detected
2026-05-12 15:23:47,025 [INFO] 1 change detected
2026-05-12 15:23:47,431 [INFO] 1 change detected
2026-05-12 15:23:47,837 [INFO] 1 change detected
2026-05-12 15:23:48,242 [INFO] 1 change detected
2026-05-12 15:23:48,648 [INFO] 1 change detected
2026-05-12 15:23:49,053 [INFO] 1 change detected
2026-05-12 15:23:49,458 [INFO] 1 change detected
2026-05-12 15:23:49,864 [INFO] 1 change detected
2026-05-12 15:23:50,268 [INFO] 1 change detected
2026-05-12 15:23:50,677 [INFO] 1 change detected
2026-05-12 15:23:51,083 [INFO] 1 change detected
2026-05-12 15:23:51,489 [INFO] 1 change detected
2026-05-12 15:23:51,892 [INFO] 1 change detected
2026-05-12 15:23:52,247 [INFO] 1 change detected
2026-05-12 15:23:52,656 [INFO] 1 change detected
2026-05-12 15:23:53,063 [INFO] 1 change detected
2026-05-12 15:23:53,468 [INFO] 1 change detected
2026-05-12 15:23:53,875 [INFO] 1 change detected
2026-05-12 15:23:54,278 [INFO] 1 change detected
2026-05-12 15:23:54,685 [INFO] 1 change detected
2026-05-12 15:23:55,090 [INFO] 1 change detected
2026-05-12 15:23:55,494 [INFO] 1 change detected
2026-05-12 15:23:55,901 [INFO] 1 change detected
2026-05-12 15:23:56,305 [INFO] 1 change detected
2026-05-12 15:23:56,708 [INFO] 1 change detected
2026-05-12 15:23:57,115 [INFO] 1 change detected
2026-05-12 15:23:57,518 [INFO] 1 change detected
2026-05-12 15:23:57,923 [INFO] 1 change detected
2026-05-12 15:23:58,327 [INFO] 1 change detected
2026-05-12 15:23:58,730 [INFO] 1 change detected
2026-05-12 15:23:59,136 [INFO] 1 change detected
2026-05-12 15:23:59,503 [INFO] 1 change detected
2026-05-12 15:23:59,914 [INFO] 1 change detected
2026-05-12 15:24:00,320 [INFO] 1 change detected
2026-05-12 15:24:00,728 [INFO] 1 change detected
2026-05-12 15:24:01,133 [INFO] 1 change detected
2026-05-12 15:24:01,538 [INFO] 1 change detected
2026-05-12 15:24:01,940 [INFO] 1 change detected
2026-05-12 15:24:02,344 [INFO] 1 change detected
2026-05-12 15:24:02,746 [INFO] 1 change detected
2026-05-12 15:24:03,150 [INFO] 1 change detected
2026-05-12 15:24:03,552 [INFO] 1 change detected
2026-05-12 15:24:03,960 [INFO] 1 change detected
2026-05-12 15:24:04,364 [INFO] 1 change detected
2026-05-12 15:24:04,768 [INFO] 1 change detected
2026-05-12 15:24:05,171 [INFO] 1 change detected
2026-05-12 15:24:05,574 [INFO] 1 change detected
2026-05-12 15:24:05,979 [INFO] 1 change detected
2026-05-12 15:24:06,385 [INFO] 1 change detected
2026-05-12 15:24:06,740 [INFO] 1 change detected
2026-05-12 15:24:07,148 [INFO] 1 change detected
2026-05-12 15:24:07,551 [INFO] 1 change detected
2026-05-12 15:24:07,953 [INFO] 1 change detected
2026-05-12 15:24:08,356 [INFO] 1 change detected
2026-05-12 15:24:08,765 [INFO] 1 change detected
2026-05-12 15:24:09,169 [INFO] 1 change detected
2026-05-12 15:24:09,571 [INFO] 1 change detected
2026-05-12 15:24:09,974 [INFO] 1 change detected
2026-05-12 15:24:10,379 [INFO] 1 change detected
2026-05-12 15:24:10,782 [INFO] 1 change detected
2026-05-12 15:24:11,188 [INFO] 1 change detected
2026-05-12 15:24:11,543 [INFO] 1 change detected
2026-05-12 15:24:11,951 [INFO] 1 change detected
2026-05-12 15:24:12,359 [INFO] 1 change detected
2026-05-12 15:24:12,763 [INFO] 1 change detected
2026-05-12 15:24:13,168 [INFO] 1 change detected
2026-05-12 15:24:13,574 [INFO] 1 change detected
2026-05-12 15:24:13,976 [INFO] 1 change detected
2026-05-12 15:24:14,382 [INFO] 1 change detected
2026-05-12 15:24:14,791 [INFO] 1 change detected
2026-05-12 15:24:15,194 [INFO] 1 change detected
2026-05-12 15:24:15,552 [INFO] 1 change detected
2026-05-12 15:24:15,962 [INFO] 1 change detected
2026-05-12 15:24:16,379 [INFO] 1 change detected
2026-05-12 15:24:16,784 [INFO] 1 change detected
2026-05-12 15:24:17,189 [INFO] 1 change detected
2026-05-12 15:24:17,594 [INFO] 1 change detected
2026-05-12 15:24:18,000 [INFO] 1 change detected
2026-05-12 15:24:18,401 [INFO] 1 change detected
2026-05-12 15:24:18,809 [INFO] 1 change detected
2026-05-12 15:24:19,217 [INFO] 1 change detected
2026-05-12 15:24:19,573 [INFO] 1 change detected
2026-05-12 15:24:19,983 [INFO] 1 change detected
2026-05-12 15:24:20,390 [INFO] 1 change detected
2026-05-12 15:24:20,793 [INFO] 1 change detected
2026-05-12 15:24:21,196 [INFO] 1 change detected
2026-05-12 15:24:21,601 [INFO] 1 change detected
2026-05-12 15:24:22,005 [INFO] 1 change detected
2026-05-12 15:24:22,412 [INFO] 1 change detected
2026-05-12 15:24:22,766 [INFO] 1 change detected
2026-05-12 15:24:23,175 [INFO] 1 change detected
2026-05-12 15:24:23,580 [INFO] 1 change detected
2026-05-12 15:24:23,986 [INFO] 1 change detected
2026-05-12 15:24:24,393 [INFO] 1 change detected
2026-05-12 15:24:24,799 [INFO] 1 change detected
2026-05-12 15:24:25,202 [INFO] 1 change detected
2026-05-12 15:24:25,608 [INFO] 1 change detected
2026-05-12 15:24:26,014 [INFO] 1 change detected
2026-05-12 15:24:26,417 [INFO] 1 change detected
2026-05-12 15:24:26,821 [INFO] 1 change detected
2026-05-12 15:24:27,226 [INFO] 1 change detected
2026-05-12 15:24:27,630 [INFO] 1 change detected
2026-05-12 15:24:28,038 [INFO] 1 change detected
2026-05-12 15:24:28,443 [INFO] 1 change detected
2026-05-12 15:24:28,900 [INFO] 1 change detected
2026-05-12 15:24:29,302 [INFO] 1 change detected
2026-05-12 15:24:29,706 [INFO] 1 change detected
2026-05-12 15:24:30,111 [INFO] 1 change detected
2026-05-12 15:24:30,513 [INFO] 1 change detected
2026-05-12 15:24:30,918 [INFO] 1 change detected
2026-05-12 15:24:31,323 [INFO] 1 change detected
2026-05-12 15:24:31,728 [INFO] 1 change detected
2026-05-12 15:24:32,133 [INFO] 1 change detected
2026-05-12 15:24:32,536 [INFO] 1 change detected
2026-05-12 15:24:32,942 [INFO] 1 change detected
2026-05-12 15:24:33,347 [INFO] 1 change detected
2026-05-12 15:24:33,751 [INFO] 1 change detected
2026-05-12 15:24:34,155 [INFO] 1 change detected
2026-05-12 15:24:34,560 [INFO] 1 change detected
2026-05-12 15:24:34,965 [INFO] 1 change detected
2026-05-12 15:24:35,370 [INFO] 1 change detected
2026-05-12 15:24:35,778 [INFO] 1 change detected
2026-05-12 15:24:36,182 [INFO] 1 change detected
2026-05-12 15:24:36,536 [INFO] 1 change detected
2026-05-12 15:24:36,945 [INFO] 1 change detected
2026-05-12 15:24:37,351 [INFO] 1 change detected
2026-05-12 15:24:37,757 [INFO] 1 change detected
2026-05-12 15:24:38,160 [INFO] 1 change detected
2026-05-12 15:24:38,567 [INFO] 1 change detected
2026-05-12 15:24:38,970 [INFO] 1 change detected
2026-05-12 15:24:39,377 [INFO] 1 change detected
2026-05-12 15:24:39,781 [INFO] 1 change detected
2026-05-12 15:24:40,183 [INFO] 1 change detected
2026-05-12 15:24:40,586 [INFO] 1 change detected
2026-05-12 15:24:40,989 [INFO] 1 change detected
2026-05-12 15:24:41,397 [INFO] 1 change detected
2026-05-12 15:24:41,801 [INFO] 1 change detected
2026-05-12 15:24:42,206 [INFO] 1 change detected
2026-05-12 15:24:42,612 [INFO] 1 change detected
2026-05-12 15:24:42,969 [INFO] 1 change detected
2026-05-12 15:24:43,377 [INFO] 1 change detected
2026-05-12 15:24:43,784 [INFO] 1 change detected
2026-05-12 15:24:44,189 [INFO] 1 change detected
2026-05-12 15:24:44,592 [INFO] 1 change detected
2026-05-12 15:24:44,996 [INFO] 1 change detected
2026-05-12 15:24:45,401 [INFO] 1 change detected
2026-05-12 15:24:45,805 [INFO] 1 change detected
2026-05-12 15:24:46,209 [INFO] 1 change detected
2026-05-12 15:24:46,613 [INFO] 1 change detected
2026-05-12 15:24:47,016 [INFO] 1 change detected
2026-05-12 15:24:47,422 [INFO] 1 change detected
2026-05-12 15:24:47,825 [INFO] 1 change detected
2026-05-12 15:24:48,228 [INFO] 1 change detected
2026-05-12 15:24:48,633 [INFO] 1 change detected
2026-05-12 15:24:49,040 [INFO] 1 change detected
2026-05-12 15:24:49,443 [INFO] 1 change detected
2026-05-12 15:24:49,850 [INFO] 1 change detected
2026-05-12 15:24:50,255 [INFO] 1 change detected
2026-05-12 15:24:50,658 [INFO] 1 change detected
2026-05-12 15:24:51,061 [INFO] 1 change detected
2026-05-12 15:24:51,466 [INFO] 1 change detected
2026-05-12 15:24:51,870 [INFO] 1 change detected
2026-05-12 15:24:52,274 [INFO] 1 change detected
2026-05-12 15:24:52,680 [INFO] 1 change detected
2026-05-12 15:24:53,085 [INFO] 1 change detected
2026-05-12 15:24:53,492 [INFO] 1 change detected
2026-05-12 15:24:53,896 [INFO] 1 change detected
2026-05-12 15:24:54,298 [INFO] 1 change detected
2026-05-12 15:24:54,703 [INFO] 1 change detected
2026-05-12 15:24:55,109 [INFO] 1 change detected
2026-05-12 15:24:55,515 [INFO] 1 change detected
2026-05-12 15:24:55,923 [INFO] 1 change detected
2026-05-12 15:24:56,330 [INFO] 1 change detected
2026-05-12 15:24:56,685 [INFO] 1 change detected
2026-05-12 15:24:57,094 [INFO] 1 change detected
2026-05-12 15:24:57,499 [INFO] 1 change detected
2026-05-12 15:24:57,903 [INFO] 1 change detected
2026-05-12 15:24:58,305 [INFO] 1 change detected
2026-05-12 15:24:58,713 [INFO] 1 change detected
2026-05-12 15:24:59,117 [INFO] 1 change detected
2026-05-12 15:24:59,471 [INFO] 1 change detected
2026-05-12 15:24:59,878 [INFO] 1 change detected
2026-05-12 15:25:00,283 [INFO] 1 change detected
2026-05-12 15:25:00,692 [INFO] 1 change detected
2026-05-12 15:25:01,096 [INFO] 1 change detected
2026-05-12 15:25:01,503 [INFO] 1 change detected
2026-05-12 15:25:01,908 [INFO] 1 change detected
2026-05-12 15:25:02,315 [INFO] 1 change detected
2026-05-12 15:25:02,721 [INFO] 1 change detected
2026-05-12 15:25:03,129 [INFO] 1 change detected
2026-05-12 15:25:03,486 [INFO] 1 change detected
2026-05-12 15:25:03,896 [INFO] 1 change detected
2026-05-12 15:25:04,300 [INFO] 1 change detected
2026-05-12 15:25:04,706 [INFO] 1 change detected
2026-05-12 15:25:05,112 [INFO] 1 change detected
2026-05-12 15:25:05,517 [INFO] 1 change detected
2026-05-12 15:25:05,923 [INFO] 1 change detected
2026-05-12 15:25:06,327 [INFO] 1 change detected
2026-05-12 15:25:06,733 [INFO] 1 change detected
2026-05-12 15:25:07,139 [INFO] 1 change detected
2026-05-12 15:25:07,544 [INFO] 1 change detected
2026-05-12 15:25:07,948 [INFO] 1 change detected
2026-05-12 15:25:08,353 [INFO] 1 change detected
2026-05-12 15:25:08,759 [INFO] 1 change detected
2026-05-12 15:25:09,115 [INFO] 1 change detected
2026-05-12 15:25:09,524 [INFO] 1 change detected
2026-05-12 15:25:09,927 [INFO] 1 change detected
2026-05-12 15:25:10,335 [INFO] 1 change detected
2026-05-12 15:25:10,742 [INFO] 1 change detected
2026-05-12 15:25:11,147 [INFO] 1 change detected
2026-05-12 15:25:11,555 [INFO] 1 change detected
2026-05-12 15:25:11,962 [INFO] 1 change detected
2026-05-12 15:25:12,318 [INFO] 1 change detected
2026-05-12 15:25:12,729 [INFO] 1 change detected
2026-05-12 15:25:13,133 [INFO] 1 change detected
2026-05-12 15:25:13,539 [INFO] 1 change detected
2026-05-12 15:25:13,942 [INFO] 1 change detected
2026-05-12 15:25:14,347 [INFO] 1 change detected
2026-05-12 15:25:14,752 [INFO] 1 change detected
2026-05-12 15:25:15,157 [INFO] 1 change detected
2026-05-12 15:25:15,563 [INFO] 1 change detected
2026-05-12 15:25:15,968 [INFO] 1 change detected
2026-05-12 15:25:16,373 [INFO] 1 change detected
2026-05-12 15:25:16,780 [INFO] 1 change detected
2026-05-12 15:25:17,186 [INFO] 1 change detected
2026-05-12 15:25:17,593 [INFO] 1 change detected
2026-05-12 15:25:17,998 [INFO] 1 change detected
2026-05-12 15:25:18,402 [INFO] 1 change detected
2026-05-12 15:25:18,805 [INFO] 1 change detected
2026-05-12 15:25:19,213 [INFO] 1 change detected
2026-05-12 15:25:19,617 [INFO] 1 change detected
2026-05-12 15:25:20,020 [INFO] 1 change detected
2026-05-12 15:25:20,426 [INFO] 1 change detected
2026-05-12 15:25:20,833 [INFO] 1 change detected
2026-05-12 15:25:21,238 [INFO] 1 change detected
2026-05-12 15:25:21,641 [INFO] 1 change detected
2026-05-12 15:25:22,000 [INFO] 1 change detected
2026-05-12 15:25:22,408 [INFO] 1 change detected
2026-05-12 15:25:22,815 [INFO] 1 change detected
2026-05-12 15:25:23,221 [INFO] 1 change detected
2026-05-12 15:25:23,627 [INFO] 1 change detected
2026-05-12 15:25:24,031 [INFO] 1 change detected
2026-05-12 15:25:24,434 [INFO] 1 change detected
2026-05-12 15:25:24,839 [INFO] 1 change detected
2026-05-12 15:25:25,245 [INFO] 1 change detected
2026-05-12 15:25:25,648 [INFO] 1 change detected
2026-05-12 15:25:26,051 [INFO] 1 change detected
2026-05-12 15:25:26,458 [INFO] 1 change detected
2026-05-12 15:25:26,864 [INFO] 1 change detected
2026-05-12 15:25:27,271 [INFO] 1 change detected
2026-05-12 15:25:27,675 [INFO] 1 change detected
2026-05-12 15:25:28,035 [INFO] 1 change detected
2026-05-12 15:25:28,446 [INFO] 1 change detected
2026-05-12 15:25:28,855 [INFO] 1 change detected
2026-05-12 15:25:29,263 [INFO] 1 change detected
2026-05-12 15:25:29,628 [INFO] 1 change detected
2026-05-12 15:25:30,037 [INFO] 1 change detected
2026-05-12 15:25:30,443 [INFO] 1 change detected
2026-05-12 15:25:30,845 [INFO] 1 change detected
2026-05-12 15:25:31,248 [INFO] 1 change detected
2026-05-12 15:25:31,652 [INFO] 1 change detected
2026-05-12 15:25:32,054 [INFO] 1 change detected
2026-05-12 15:25:32,455 [INFO] 1 change detected
2026-05-12 15:25:32,859 [INFO] 1 change detected
2026-05-12 15:25:33,267 [INFO] 1 change detected
2026-05-12 15:25:33,669 [INFO] 1 change detected
2026-05-12 15:25:34,072 [INFO] 1 change detected
2026-05-12 15:25:34,477 [INFO] 1 change detected
2026-05-12 15:25:34,885 [INFO] 1 change detected
2026-05-12 15:25:35,241 [INFO] 1 change detected
2026-05-12 15:25:35,651 [INFO] 1 change detected
2026-05-12 15:25:36,057 [INFO] 1 change detected
2026-05-12 15:25:36,463 [INFO] 1 change detected
2026-05-12 15:25:36,869 [INFO] 1 change detected
2026-05-12 15:25:37,274 [INFO] 1 change detected
2026-05-12 15:25:37,680 [INFO] 1 change detected
2026-05-12 15:25:38,086 [INFO] 1 change detected
2026-05-12 15:25:38,492 [INFO] 1 change detected
2026-05-12 15:25:38,897 [INFO] 1 change detected
2026-05-12 15:25:39,301 [INFO] 1 change detected
2026-05-12 15:25:39,708 [INFO] 1 change detected
2026-05-12 15:25:40,114 [INFO] 1 change detected
2026-05-12 15:25:40,518 [INFO] 1 change detected
2026-05-12 15:25:40,923 [INFO] 1 change detected
2026-05-12 15:25:41,330 [INFO] 1 change detected
2026-05-12 15:25:41,732 [INFO] 1 change detected
2026-05-12 15:25:42,136 [INFO] 1 change detected
2026-05-12 15:25:42,546 [INFO] 1 change detected
2026-05-12 15:25:42,951 [INFO] 1 change detected
2026-05-12 15:25:43,357 [INFO] 1 change detected
2026-05-12 15:25:43,711 [INFO] 1 change detected
2026-05-12 15:25:44,119 [INFO] 1 change detected
2026-05-12 15:25:44,523 [INFO] 1 change detected
2026-05-12 15:25:44,926 [INFO] 1 change detected
2026-05-12 15:25:45,331 [INFO] 1 change detected
2026-05-12 15:25:45,734 [INFO] 1 change detected
2026-05-12 15:25:46,136 [INFO] 1 change detected
2026-05-12 15:25:46,542 [INFO] 1 change detected
2026-05-12 15:25:46,949 [INFO] 1 change detected
2026-05-12 15:25:47,353 [INFO] 1 change detected
2026-05-12 15:25:47,711 [INFO] 1 change detected
2026-05-12 15:25:48,119 [INFO] 1 change detected
2026-05-12 15:25:48,524 [INFO] 1 change detected
2026-05-12 15:25:48,927 [INFO] 1 change detected
2026-05-12 15:25:49,332 [INFO] 1 change detected
2026-05-12 15:25:49,736 [INFO] 1 change detected
2026-05-12 15:25:50,141 [INFO] 1 change detected
2026-05-12 15:25:50,546 [INFO] 1 change detected
2026-05-12 15:25:50,952 [INFO] 1 change detected
2026-05-12 15:25:51,358 [INFO] 1 change detected
2026-05-12 15:25:51,712 [INFO] 1 change detected
2026-05-12 15:25:52,120 [INFO] 1 change detected
2026-05-12 15:25:52,523 [INFO] 1 change detected
2026-05-12 15:25:52,928 [INFO] 1 change detected
2026-05-12 15:25:53,332 [INFO] 1 change detected
2026-05-12 15:25:53,742 [INFO] 1 change detected
2026-05-12 15:25:54,149 [INFO] 1 change detected
2026-05-12 15:25:54,553 [INFO] 1 change detected
2026-05-12 15:25:54,957 [INFO] 1 change detected
2026-05-12 15:25:55,316 [INFO] 1 change detected
2026-05-12 15:25:55,725 [INFO] 1 change detected
2026-05-12 15:25:56,142 [INFO] 1 change detected
2026-05-12 15:25:56,548 [INFO] 1 change detected
2026-05-12 15:25:56,903 [INFO] 1 change detected
2026-05-12 15:25:57,314 [INFO] 1 change detected
2026-05-12 15:25:57,722 [INFO] 1 change detected
2026-05-12 15:25:58,131 [INFO] 1 change detected
2026-05-12 15:25:58,536 [INFO] 1 change detected
2026-05-12 15:25:58,940 [INFO] 1 change detected
2026-05-12 15:25:59,346 [INFO] 1 change detected
2026-05-12 15:25:59,752 [INFO] 1 change detected
2026-05-12 15:26:00,158 [INFO] 1 change detected
2026-05-12 15:26:00,564 [INFO] 1 change detected
2026-05-12 15:26:00,916 [INFO] 1 change detected
2026-05-12 15:26:01,324 [INFO] 1 change detected
2026-05-12 15:26:01,727 [INFO] 1 change detected
2026-05-12 15:26:02,132 [INFO] 1 change detected
2026-05-12 15:26:02,542 [INFO] 1 change detected
2026-05-12 15:26:02,947 [INFO] 1 change detected
2026-05-12 15:26:03,349 [INFO] 1 change detected
2026-05-12 15:26:03,756 [INFO] 1 change detected
2026-05-12 15:26:04,160 [INFO] 1 change detected
2026-05-12 15:26:04,567 [INFO] 1 change detected
2026-05-12 15:26:04,926 [INFO] 1 change detected
2026-05-12 15:26:05,334 [INFO] 1 change detected
2026-05-12 15:26:05,736 [INFO] 1 change detected
2026-05-12 15:26:06,143 [INFO] 1 change detected
2026-05-12 15:26:06,549 [INFO] 1 change detected
2026-05-12 15:26:06,953 [INFO] 1 change detected
2026-05-12 15:26:07,363 [INFO] 1 change detected
2026-05-12 15:26:07,719 [INFO] 1 change detected
2026-05-12 15:26:08,126 [INFO] 1 change detected
2026-05-12 15:26:08,532 [INFO] 1 change detected
2026-05-12 15:26:08,937 [INFO] 1 change detected
2026-05-12 15:26:09,339 [INFO] 1 change detected
2026-05-12 15:26:09,746 [INFO] 1 change detected
2026-05-12 15:26:10,151 [INFO] 1 change detected
2026-05-12 15:26:10,558 [INFO] 1 change detected
2026-05-12 15:26:10,962 [INFO] 1 change detected
2026-05-12 15:26:11,367 [INFO] 1 change detected
2026-05-12 15:26:11,722 [INFO] 1 change detected
2026-05-12 15:26:12,131 [INFO] 1 change detected
2026-05-12 15:26:12,534 [INFO] 1 change detected
2026-05-12 15:26:12,937 [INFO] 1 change detected
2026-05-12 15:26:13,341 [INFO] 1 change detected
2026-05-12 15:26:13,745 [INFO] 1 change detected
2026-05-12 15:26:14,149 [INFO] 1 change detected
2026-05-12 15:26:14,554 [INFO] 1 change detected
2026-05-12 15:26:14,959 [INFO] 1 change detected
2026-05-12 15:26:15,362 [INFO] 1 change detected
2026-05-12 15:26:15,769 [INFO] 1 change detected
2026-05-12 15:26:16,178 [INFO] 1 change detected
2026-05-12 15:26:16,580 [INFO] 1 change detected
2026-05-12 15:26:16,987 [INFO] 1 change detected
2026-05-12 15:26:17,393 [INFO] 1 change detected
2026-05-12 15:26:17,799 [INFO] 1 change detected
2026-05-12 15:26:18,153 [INFO] 1 change detected
2026-05-12 15:26:18,563 [INFO] 1 change detected
2026-05-12 15:26:18,967 [INFO] 1 change detected
2026-05-12 15:26:19,371 [INFO] 1 change detected
2026-05-12 15:26:19,774 [INFO] 1 change detected
2026-05-12 15:26:20,180 [INFO] 1 change detected
2026-05-12 15:26:20,587 [INFO] 1 change detected
2026-05-12 15:26:20,991 [INFO] 1 change detected
2026-05-12 15:26:21,401 [INFO] 1 change detected
2026-05-12 15:26:21,808 [INFO] 1 change detected
2026-05-12 15:26:22,213 [INFO] 1 change detected
2026-05-12 15:26:22,618 [INFO] 1 change detected
2026-05-12 15:26:23,024 [INFO] 1 change detected
2026-05-12 15:26:23,382 [INFO] 1 change detected
2026-05-12 15:26:23,792 [INFO] 1 change detected
2026-05-12 15:26:24,195 [INFO] 1 change detected
2026-05-12 15:26:24,601 [INFO] 1 change detected
2026-05-12 15:26:25,007 [INFO] 1 change detected
2026-05-12 15:26:25,411 [INFO] 1 change detected
2026-05-12 15:26:25,819 [INFO] 1 change detected
2026-05-12 15:26:26,176 [INFO] 1 change detected
2026-05-12 15:26:26,589 [INFO] 1 change detected
2026-05-12 15:26:26,996 [INFO] 1 change detected
2026-05-12 15:26:27,400 [INFO] 1 change detected
2026-05-12 15:26:27,808 [INFO] 1 change detected
2026-05-12 15:26:28,214 [INFO] 1 change detected
2026-05-12 15:26:28,617 [INFO] 1 change detected
2026-05-12 15:26:28,971 [INFO] 1 change detected
2026-05-12 15:26:29,379 [INFO] 1 change detected
2026-05-12 15:26:29,785 [INFO] 1 change detected
2026-05-12 15:26:30,190 [INFO] 1 change detected
2026-05-12 15:26:30,595 [INFO] 1 change detected
2026-05-12 15:26:31,003 [INFO] 1 change detected
2026-05-12 15:26:31,409 [INFO] 1 change detected
2026-05-12 15:26:31,815 [INFO] 1 change detected
2026-05-12 15:26:32,171 [INFO] 1 change detected
2026-05-12 15:26:32,580 [INFO] 1 change detected
2026-05-12 15:26:32,990 [INFO] 1 change detected
2026-05-12 15:26:33,396 [INFO] 1 change detected
2026-05-12 15:26:33,801 [INFO] 1 change detected
2026-05-12 15:26:34,207 [INFO] 1 change detected
2026-05-12 15:26:34,613 [INFO] 1 change detected
2026-05-12 15:26:35,019 [INFO] 1 change detected
2026-05-12 15:26:35,426 [INFO] 1 change detected
2026-05-12 15:26:35,831 [INFO] 1 change detected
2026-05-12 15:26:36,237 [INFO] 1 change detected
2026-05-12 15:26:36,643 [INFO] 1 change detected
2026-05-12 15:26:37,009 [INFO] 1 change detected
2026-05-12 15:26:37,416 [INFO] 1 change detected
2026-05-12 15:26:37,822 [INFO] 1 change detected
2026-05-12 15:26:38,227 [INFO] 1 change detected
2026-05-12 15:26:38,630 [INFO] 1 change detected
2026-05-12 15:26:39,035 [INFO] 1 change detected
2026-05-12 15:26:39,440 [INFO] 1 change detected
2026-05-12 15:26:39,849 [INFO] 1 change detected
2026-05-12 15:26:40,253 [INFO] 1 change detected
2026-05-12 15:26:40,609 [INFO] 1 change detected
2026-05-12 15:26:41,020 [INFO] 1 change detected
2026-05-12 15:26:41,424 [INFO] 1 change detected
2026-05-12 15:26:41,829 [INFO] 1 change detected
2026-05-12 15:26:42,234 [INFO] 1 change detected
2026-05-12 15:26:42,641 [INFO] 1 change detected
2026-05-12 15:26:42,998 [INFO] 1 change detected
2026-05-12 15:26:43,407 [INFO] 1 change detected
2026-05-12 15:26:43,812 [INFO] 1 change detected
2026-05-12 15:26:44,217 [INFO] 1 change detected
2026-05-12 15:26:44,622 [INFO] 1 change detected
2026-05-12 15:26:45,027 [INFO] 1 change detected
2026-05-12 15:26:45,431 [INFO] 1 change detected
2026-05-12 15:26:45,835 [INFO] 1 change detected
2026-05-12 15:26:46,241 [INFO] 1 change detected
2026-05-12 15:26:46,642 [INFO] 1 change detected
2026-05-12 15:26:46,998 [INFO] 1 change detected
2026-05-12 15:26:47,409 [INFO] 1 change detected
2026-05-12 15:26:47,813 [INFO] 1 change detected
2026-05-12 15:26:48,219 [INFO] 1 change detected
2026-05-12 15:26:48,625 [INFO] 1 change detected
2026-05-12 15:26:49,031 [INFO] 1 change detected
2026-05-12 15:26:49,437 [INFO] 1 change detected
2026-05-12 15:26:49,841 [INFO] 1 change detected
2026-05-12 15:26:50,242 [INFO] 1 change detected
2026-05-12 15:26:50,650 [INFO] 1 change detected
2026-05-12 15:26:51,051 [INFO] 1 change detected
2026-05-12 15:26:51,452 [INFO] 1 change detected
2026-05-12 15:26:51,808 [INFO] 1 change detected
2026-05-12 15:26:52,217 [INFO] 1 change detected
2026-05-12 15:26:52,621 [INFO] 1 change detected
2026-05-12 15:26:53,031 [INFO] 1 change detected
2026-05-12 15:26:53,436 [INFO] 1 change detected
2026-05-12 15:26:53,841 [INFO] 1 change detected
2026-05-12 15:26:54,248 [INFO] 1 change detected
2026-05-12 15:26:54,656 [INFO] 1 change detected
2026-05-12 15:26:55,010 [INFO] 1 change detected
2026-05-12 15:26:55,420 [INFO] 1 change detected
2026-05-12 15:26:55,825 [INFO] 1 change detected
2026-05-12 15:26:56,229 [INFO] 1 change detected
2026-05-12 15:26:56,631 [INFO] 1 change detected
2026-05-12 15:26:57,035 [INFO] 1 change detected
2026-05-12 15:26:57,438 [INFO] 1 change detected
2026-05-12 15:26:57,847 [INFO] 1 change detected
2026-05-12 15:26:58,250 [INFO] 1 change detected
2026-05-12 15:26:58,608 [INFO] 1 change detected
2026-05-12 15:26:59,015 [INFO] 1 change detected
2026-05-12 15:26:59,421 [INFO] 1 change detected
2026-05-12 15:26:59,828 [INFO] 1 change detected
2026-05-12 15:27:00,232 [INFO] 1 change detected
2026-05-12 15:27:00,638 [INFO] 1 change detected
2026-05-12 15:27:01,047 [INFO] 1 change detected
2026-05-12 15:27:01,454 [INFO] 1 change detected
2026-05-12 15:27:01,857 [INFO] 1 change detected
2026-05-12 15:27:02,264 [INFO] 1 change detected
2026-05-12 15:27:02,669 [INFO] 1 change detected
2026-05-12 15:27:03,076 [INFO] 1 change detected
2026-05-12 15:27:03,479 [INFO] 1 change detected
2026-05-12 15:27:03,884 [INFO] 1 change detected
2026-05-12 15:27:04,291 [INFO] 1 change detected
2026-05-12 15:27:04,696 [INFO] 1 change detected
2026-05-12 15:27:05,098 [INFO] 1 change detected
2026-05-12 15:27:05,506 [INFO] 1 change detected
2026-05-12 15:27:05,912 [INFO] 1 change detected
2026-05-12 15:27:06,269 [INFO] 1 change detected
2026-05-12 15:27:06,682 [INFO] 1 change detected
2026-05-12 15:27:07,090 [INFO] 1 change detected
2026-05-12 15:27:07,497 [INFO] 1 change detected
2026-05-12 15:27:07,902 [INFO] 1 change detected
2026-05-12 15:27:08,306 [INFO] 1 change detected
2026-05-12 15:27:08,710 [INFO] 1 change detected
2026-05-12 15:27:09,114 [INFO] 1 change detected
2026-05-12 15:27:09,520 [INFO] 1 change detected
2026-05-12 15:27:09,923 [INFO] 1 change detected
2026-05-12 15:27:10,329 [INFO] 1 change detected
2026-05-12 15:27:10,733 [INFO] 1 change detected
2026-05-12 15:27:11,139 [INFO] 1 change detected
2026-05-12 15:27:11,544 [INFO] 1 change detected
2026-05-12 15:27:11,951 [INFO] 1 change detected
2026-05-12 15:27:12,358 [INFO] 1 change detected
2026-05-12 15:27:12,763 [INFO] 1 change detected
2026-05-12 15:27:13,120 [INFO] 1 change detected
2026-05-12 15:27:13,528 [INFO] 1 change detected
2026-05-12 15:27:13,935 [INFO] 1 change detected
2026-05-12 15:27:14,344 [INFO] 1 change detected
2026-05-12 15:27:14,750 [INFO] 1 change detected
2026-05-12 15:27:15,155 [INFO] 1 change detected
2026-05-12 15:27:15,559 [INFO] 1 change detected
2026-05-12 15:27:15,964 [INFO] 1 change detected
2026-05-12 15:27:16,322 [INFO] 1 change detected
2026-05-12 15:27:16,730 [INFO] 1 change detected
2026-05-12 15:27:17,133 [INFO] 1 change detected
2026-05-12 15:27:17,537 [INFO] 1 change detected
2026-05-12 15:27:17,939 [INFO] 1 change detected
2026-05-12 15:27:18,346 [INFO] 1 change detected
2026-05-12 15:27:18,749 [INFO] 1 change detected
2026-05-12 15:27:19,152 [INFO] 1 change detected
2026-05-12 15:27:19,554 [INFO] 1 change detected
2026-05-12 15:27:19,959 [INFO] 1 change detected
2026-05-12 15:27:20,365 [INFO] 1 change detected
2026-05-12 15:27:20,770 [INFO] 1 change detected
2026-05-12 15:27:21,177 [INFO] 1 change detected
2026-05-12 15:27:21,583 [INFO] 1 change detected
2026-05-12 15:27:21,989 [INFO] 1 change detected
2026-05-12 15:27:22,394 [INFO] 1 change detected
2026-05-12 15:27:22,751 [INFO] 1 change detected
2026-05-12 15:27:23,158 [INFO] 1 change detected
2026-05-12 15:27:23,565 [INFO] 1 change detected
2026-05-12 15:27:23,972 [INFO] 1 change detected
2026-05-12 15:27:24,377 [INFO] 1 change detected
2026-05-12 15:27:24,780 [INFO] 1 change detected
2026-05-12 15:27:25,189 [INFO] 1 change detected
2026-05-12 15:27:25,592 [INFO] 1 change detected
2026-05-12 15:27:25,996 [INFO] 1 change detected
2026-05-12 15:27:26,405 [INFO] 1 change detected
2026-05-12 15:27:26,810 [INFO] 1 change detected
2026-05-12 15:27:27,214 [INFO] 1 change detected
2026-05-12 15:27:27,619 [INFO] 1 change detected
2026-05-12 15:27:28,026 [INFO] 1 change detected
2026-05-12 15:27:28,433 [INFO] 1 change detected
2026-05-12 15:27:28,838 [INFO] 1 change detected
2026-05-12 15:27:29,244 [INFO] 1 change detected
2026-05-12 15:27:29,647 [INFO] 1 change detected
2026-05-12 15:27:30,004 [INFO] 1 change detected
2026-05-12 15:27:30,412 [INFO] 1 change detected
2026-05-12 15:27:30,767 [INFO] 1 change detected
2026-05-12 15:27:31,125 [INFO] 1 change detected
2026-05-12 15:27:31,483 [INFO] 1 change detected
2026-05-12 15:27:31,840 [INFO] 1 change detected
2026-05-12 15:27:32,249 [INFO] 1 change detected
2026-05-12 15:27:32,604 [INFO] 1 change detected
2026-05-12 15:27:33,014 [INFO] 1 change detected
2026-05-12 15:27:33,421 [INFO] 1 change detected
2026-05-12 15:27:33,825 [INFO] 1 change detected
2026-05-12 15:27:34,230 [INFO] 1 change detected
2026-05-12 15:27:34,637 [INFO] 1 change detected
2026-05-12 15:27:35,042 [INFO] 1 change detected
2026-05-12 15:27:35,446 [INFO] 1 change detected
2026-05-12 15:27:35,852 [INFO] 1 change detected
2026-05-12 15:27:36,259 [INFO] 1 change detected
2026-05-12 15:27:36,664 [INFO] 1 change detected
2026-05-12 15:27:37,067 [INFO] 1 change detected
2026-05-12 15:27:37,476 [INFO] 1 change detected
2026-05-12 15:27:37,879 [INFO] 1 change detected
2026-05-12 15:27:38,284 [INFO] 1 change detected
2026-05-12 15:27:38,692 [INFO] 1 change detected
2026-05-12 15:27:39,100 [INFO] 1 change detected
2026-05-12 15:27:39,457 [INFO] 1 change detected
2026-05-12 15:27:39,863 [INFO] 1 change detected
2026-05-12 15:27:40,269 [INFO] 1 change detected
2026-05-12 15:27:40,674 [INFO] 1 change detected
2026-05-12 15:27:41,080 [INFO] 1 change detected
2026-05-12 15:27:41,487 [INFO] 1 change detected
2026-05-12 15:27:41,895 [INFO] 1 change detected
2026-05-12 15:27:42,302 [INFO] 1 change detected
2026-05-12 15:27:42,708 [INFO] 1 change detected
2026-05-12 15:27:43,112 [INFO] 1 change detected
2026-05-12 15:27:43,521 [INFO] 1 change detected
2026-05-12 15:27:43,926 [INFO] 1 change detected
2026-05-12 15:27:44,334 [INFO] 1 change detected
2026-05-12 15:27:44,741 [INFO] 1 change detected
2026-05-12 15:27:45,148 [INFO] 1 change detected
2026-05-12 15:27:45,556 [INFO] 1 change detected
2026-05-12 15:27:45,958 [INFO] 1 change detected
2026-05-12 15:27:46,363 [INFO] 1 change detected
2026-05-12 15:27:46,770 [INFO] 1 change detected
2026-05-12 15:27:47,176 [INFO] 1 change detected
2026-05-12 15:27:47,581 [INFO] 1 change detected
2026-05-12 15:27:47,986 [INFO] 1 change detected
2026-05-12 15:27:48,392 [INFO] 1 change detected
2026-05-12 15:27:48,795 [INFO] 1 change detected
2026-05-12 15:27:49,202 [INFO] 1 change detected
2026-05-12 15:27:49,606 [INFO] 1 change detected
2026-05-12 15:27:50,011 [INFO] 1 change detected
2026-05-12 15:27:50,415 [INFO] 1 change detected
2026-05-12 15:27:50,771 [INFO] 1 change detected
2026-05-12 15:27:51,180 [INFO] 1 change detected
2026-05-12 15:27:51,586 [INFO] 1 change detected
2026-05-12 15:27:51,990 [INFO] 1 change detected
2026-05-12 15:27:52,394 [INFO] 1 change detected
2026-05-12 15:27:52,799 [INFO] 1 change detected
2026-05-12 15:27:53,208 [INFO] 1 change detected
2026-05-12 15:27:53,611 [INFO] 1 change detected
2026-05-12 15:27:54,018 [INFO] 1 change detected
2026-05-12 15:27:54,424 [INFO] 1 change detected
2026-05-12 15:27:54,831 [INFO] 1 change detected
2026-05-12 15:27:55,236 [INFO] 1 change detected
2026-05-12 15:27:55,642 [INFO] 1 change detected
2026-05-12 15:27:56,049 [INFO] 1 change detected
2026-05-12 15:27:56,454 [INFO] 1 change detected
2026-05-12 15:27:56,862 [INFO] 1 change detected
2026-05-12 15:27:57,268 [INFO] 1 change detected
2026-05-12 15:27:57,675 [INFO] 1 change detected
2026-05-12 15:27:58,081 [INFO] 1 change detected
2026-05-12 15:27:58,491 [INFO] 1 change detected
2026-05-12 15:27:58,898 [INFO] 1 change detected
2026-05-12 15:27:59,301 [INFO] 1 change detected
2026-05-12 15:27:59,658 [INFO] 1 change detected
2026-05-12 15:28:00,068 [INFO] 1 change detected
2026-05-12 15:28:00,473 [INFO] 1 change detected
2026-05-12 15:28:00,884 [INFO] 1 change detected
2026-05-12 15:28:01,291 [INFO] 1 change detected
2026-05-12 15:28:01,697 [INFO] 1 change detected
2026-05-12 15:28:02,101 [INFO] 1 change detected
2026-05-12 15:28:02,507 [INFO] 1 change detected
2026-05-12 15:28:02,909 [INFO] 1 change detected
2026-05-12 15:28:03,316 [INFO] 1 change detected
2026-05-12 15:28:03,723 [INFO] 1 change detected
2026-05-12 15:28:04,081 [INFO] 1 change detected
2026-05-12 15:28:04,491 [INFO] 1 change detected
2026-05-12 15:28:04,895 [INFO] 1 change detected
2026-05-12 15:28:05,300 [INFO] 1 change detected
2026-05-12 15:28:05,704 [INFO] 1 change detected
2026-05-12 15:28:06,109 [INFO] 1 change detected
2026-05-12 15:28:06,512 [INFO] 1 change detected
2026-05-12 15:28:06,917 [INFO] 1 change detected
2026-05-12 15:28:07,326 [INFO] 1 change detected
2026-05-12 15:28:07,732 [INFO] 1 change detected
2026-05-12 15:28:08,137 [INFO] 1 change detected
2026-05-12 15:28:08,493 [INFO] 1 change detected
2026-05-12 15:28:08,903 [INFO] 1 change detected
2026-05-12 15:28:09,308 [INFO] 1 change detected
2026-05-12 15:28:09,712 [INFO] 1 change detected
2026-05-12 15:28:10,118 [INFO] 1 change detected
2026-05-12 15:28:10,522 [INFO] 1 change detected
2026-05-12 15:28:10,925 [INFO] 1 change detected
2026-05-12 15:28:11,331 [INFO] 1 change detected
2026-05-12 15:28:11,735 [INFO] 1 change detected
2026-05-12 15:28:12,140 [INFO] 1 change detected
2026-05-12 15:28:12,544 [INFO] 1 change detected
2026-05-12 15:28:12,960 [INFO] 1 change detected
2026-05-12 15:28:13,366 [INFO] 1 change detected
2026-05-12 15:28:13,771 [INFO] 1 change detected
2026-05-12 15:28:14,176 [INFO] 1 change detected
2026-05-12 15:28:14,531 [INFO] 1 change detected
2026-05-12 15:28:14,941 [INFO] 1 change detected
2026-05-12 15:28:15,346 [INFO] 1 change detected
2026-05-12 15:28:15,748 [INFO] 1 change detected
2026-05-12 15:28:16,151 [INFO] 1 change detected
2026-05-12 15:28:16,555 [INFO] 1 change detected
2026-05-12 15:28:16,960 [INFO] 1 change detected
2026-05-12 15:28:17,367 [INFO] 1 change detected
2026-05-12 15:28:17,772 [INFO] 1 change detected
2026-05-12 15:28:18,175 [INFO] 1 change detected
2026-05-12 15:28:18,582 [INFO] 1 change detected
2026-05-12 15:28:18,988 [INFO] 1 change detected
2026-05-12 15:28:19,397 [INFO] 1 change detected
2026-05-12 15:28:19,799 [INFO] 1 change detected
2026-05-12 15:28:20,203 [INFO] 1 change detected
2026-05-12 15:28:20,609 [INFO] 1 change detected
2026-05-12 15:28:21,014 [INFO] 1 change detected
2026-05-12 15:28:21,416 [INFO] 1 change detected
2026-05-12 15:28:21,822 [INFO] 1 change detected
2026-05-12 15:28:22,228 [INFO] 1 change detected
2026-05-12 15:28:22,586 [INFO] 1 change detected
2026-05-12 15:28:22,997 [INFO] 1 change detected
2026-05-12 15:28:23,403 [INFO] 1 change detected
2026-05-12 15:28:23,810 [INFO] 1 change detected
2026-05-12 15:28:24,217 [INFO] 1 change detected
2026-05-12 15:28:24,620 [INFO] 1 change detected
2026-05-12 15:28:25,026 [INFO] 1 change detected
2026-05-12 15:28:25,430 [INFO] 1 change detected
2026-05-12 15:28:25,837 [INFO] 1 change detected
2026-05-12 15:28:26,241 [INFO] 1 change detected
2026-05-12 15:28:26,647 [INFO] 1 change detected
2026-05-12 15:28:27,054 [INFO] 1 change detected
2026-05-12 15:28:27,459 [INFO] 1 change detected
2026-05-12 15:28:27,863 [INFO] 1 change detected
2026-05-12 15:28:28,265 [INFO] 1 change detected
2026-05-12 15:28:28,671 [INFO] 1 change detected
2026-05-12 15:28:29,075 [INFO] 1 change detected
2026-05-12 15:28:29,480 [INFO] 1 change detected
2026-05-12 15:28:29,884 [INFO] 1 change detected
2026-05-12 15:28:30,287 [INFO] 1 change detected
2026-05-12 15:28:30,692 [INFO] 1 change detected
2026-05-12 15:28:31,098 [INFO] 1 change detected
2026-05-12 15:28:31,504 [INFO] 1 change detected
2026-05-12 15:28:31,909 [INFO] 1 change detected
2026-05-12 15:28:32,314 [INFO] 1 change detected
2026-05-12 15:28:32,720 [INFO] 1 change detected
2026-05-12 15:28:33,125 [INFO] 1 change detected
2026-05-12 15:28:33,531 [INFO] 1 change detected
2026-05-12 15:28:33,938 [INFO] 1 change detected
2026-05-12 15:28:34,294 [INFO] 1 change detected
2026-05-12 15:28:34,703 [INFO] 1 change detected
2026-05-12 15:28:35,106 [INFO] 1 change detected
2026-05-12 15:28:35,514 [INFO] 1 change detected
2026-05-12 15:28:35,921 [INFO] 1 change detected
2026-05-12 15:28:36,327 [INFO] 1 change detected
2026-05-12 15:28:36,730 [INFO] 1 change detected
2026-05-12 15:28:37,137 [INFO] 1 change detected
2026-05-12 15:28:37,543 [INFO] 1 change detected
2026-05-12 15:28:37,948 [INFO] 1 change detected
2026-05-12 15:28:38,354 [INFO] 1 change detected
2026-05-12 15:28:38,761 [INFO] 1 change detected
2026-05-12 15:28:39,164 [INFO] 1 change detected
2026-05-12 15:28:39,571 [INFO] 1 change detected
2026-05-12 15:28:39,977 [INFO] 1 change detected
2026-05-12 15:28:40,381 [INFO] 1 change detected
2026-05-12 15:28:40,786 [INFO] 1 change detected
2026-05-12 15:28:41,192 [INFO] 1 change detected
2026-05-12 15:28:41,549 [INFO] 1 change detected
2026-05-12 15:28:41,959 [INFO] 1 change detected
2026-05-12 15:28:42,412 [INFO] 1 change detected
2026-05-12 15:28:42,779 [INFO] 1 change detected
2026-05-12 15:28:43,190 [INFO] 1 change detected
2026-05-12 15:28:43,595 [INFO] 1 change detected
2026-05-12 15:28:43,954 [INFO] 1 change detected
2026-05-12 15:28:44,364 [INFO] 1 change detected
2026-05-12 15:28:44,770 [INFO] 1 change detected
2026-05-12 15:28:45,179 [INFO] 1 change detected
2026-05-12 15:28:45,581 [INFO] 1 change detected
2026-05-12 15:28:45,987 [INFO] 1 change detected
2026-05-12 15:28:46,392 [INFO] 1 change detected
2026-05-12 15:28:46,798 [INFO] 1 change detected
2026-05-12 15:28:47,204 [INFO] 1 change detected
2026-05-12 15:28:47,608 [INFO] 1 change detected
2026-05-12 15:28:48,015 [INFO] 1 change detected
2026-05-12 15:28:48,420 [INFO] 1 change detected
2026-05-12 15:28:48,825 [INFO] 1 change detected
2026-05-12 15:28:49,232 [INFO] 1 change detected
2026-05-12 15:28:49,639 [INFO] 1 change detected
2026-05-12 15:28:50,048 [INFO] 1 change detected
2026-05-12 15:28:50,452 [INFO] 1 change detected
2026-05-12 15:28:50,857 [INFO] 1 change detected
2026-05-12 15:28:51,263 [INFO] 1 change detected
2026-05-12 15:28:51,620 [INFO] 1 change detected
2026-05-12 15:28:52,028 [INFO] 1 change detected
2026-05-12 15:28:52,432 [INFO] 1 change detected
2026-05-12 15:28:52,841 [INFO] 1 change detected
2026-05-12 15:28:53,247 [INFO] 1 change detected
2026-05-12 15:28:53,652 [INFO] 1 change detected
2026-05-12 15:28:54,056 [INFO] 1 change detected
2026-05-12 15:28:54,461 [INFO] 1 change detected
2026-05-12 15:28:54,865 [INFO] 1 change detected
2026-05-12 15:28:55,271 [INFO] 1 change detected
2026-05-12 15:28:55,678 [INFO] 1 change detected
2026-05-12 15:28:56,082 [INFO] 1 change detected
2026-05-12 15:28:56,490 [INFO] 1 change detected
2026-05-12 15:28:56,893 [INFO] 1 change detected
2026-05-12 15:28:57,300 [INFO] 1 change detected
2026-05-12 15:28:57,706 [INFO] 1 change detected
2026-05-12 15:28:58,111 [INFO] 1 change detected
2026-05-12 15:28:58,516 [INFO] 1 change detected
2026-05-12 15:28:58,923 [INFO] 1 change detected
2026-05-12 15:28:59,331 [INFO] 1 change detected
2026-05-12 15:28:59,737 [INFO] 1 change detected
2026-05-12 15:29:00,143 [INFO] 1 change detected
2026-05-12 15:29:00,546 [INFO] 1 change detected
2026-05-12 15:29:00,954 [INFO] 1 change detected
2026-05-12 15:29:01,360 [INFO] 1 change detected
2026-05-12 15:29:01,767 [INFO] 1 change detected
2026-05-12 15:29:02,170 [INFO] 1 change detected
2026-05-12 15:29:02,576 [INFO] 1 change detected
2026-05-12 15:29:02,984 [INFO] 1 change detected
2026-05-12 15:29:03,387 [INFO] 1 change detected
2026-05-12 15:29:03,796 [INFO] 1 change detected
2026-05-12 15:29:04,203 [INFO] 1 change detected
2026-05-12 15:29:04,604 [INFO] 1 change detected
2026-05-12 15:29:05,013 [INFO] 1 change detected
2026-05-12 15:29:05,367 [INFO] 1 change detected
2026-05-12 15:29:05,776 [INFO] 1 change detected
2026-05-12 15:29:06,181 [INFO] 1 change detected
2026-05-12 15:29:06,590 [INFO] 1 change detected
2026-05-12 15:29:06,997 [INFO] 1 change detected
2026-05-12 15:29:07,403 [INFO] 1 change detected
2026-05-12 15:29:07,811 [INFO] 1 change detected
2026-05-12 15:29:08,218 [INFO] 1 change detected
2026-05-12 15:29:08,621 [INFO] 1 change detected
2026-05-12 15:29:09,025 [INFO] 1 change detected
2026-05-12 15:29:09,431 [INFO] 1 change detected
2026-05-12 15:29:09,838 [INFO] 1 change detected
2026-05-12 15:29:10,246 [INFO] 1 change detected
2026-05-12 15:29:10,651 [INFO] 1 change detected
2026-05-12 15:29:11,053 [INFO] 1 change detected
2026-05-12 15:29:11,455 [INFO] 1 change detected
2026-05-12 15:29:11,812 [INFO] 1 change detected
2026-05-12 15:29:12,221 [INFO] 1 change detected
2026-05-12 15:29:12,626 [INFO] 1 change detected
2026-05-12 15:29:13,031 [INFO] 1 change detected
2026-05-12 15:29:13,438 [INFO] 1 change detected
2026-05-12 15:29:13,843 [INFO] 1 change detected
2026-05-12 15:29:14,247 [INFO] 1 change detected
2026-05-12 15:29:14,656 [INFO] 1 change detected
2026-05-12 15:29:15,061 [INFO] 1 change detected
2026-05-12 15:29:15,468 [INFO] 1 change detected
2026-05-12 15:29:15,874 [INFO] 1 change detected
2026-05-12 15:29:16,280 [INFO] 1 change detected
2026-05-12 15:29:16,684 [INFO] 1 change detected
2026-05-12 15:29:17,090 [INFO] 1 change detected
2026-05-12 15:29:17,495 [INFO] 1 change detected
2026-05-12 15:29:17,901 [INFO] 1 change detected
2026-05-12 15:29:18,308 [INFO] 1 change detected
2026-05-12 15:29:18,713 [INFO] 1 change detected
2026-05-12 15:29:19,119 [INFO] 1 change detected
2026-05-12 15:29:19,525 [INFO] 1 change detected
2026-05-12 15:29:19,931 [INFO] 1 change detected
2026-05-12 15:29:20,336 [INFO] 1 change detected
2026-05-12 15:29:20,742 [INFO] 1 change detected
2026-05-12 15:29:21,149 [INFO] 1 change detected
2026-05-12 15:29:21,557 [INFO] 1 change detected
2026-05-12 15:29:21,965 [INFO] 1 change detected
2026-05-12 15:29:22,370 [INFO] 1 change detected
2026-05-12 15:29:22,775 [INFO] 1 change detected
2026-05-12 15:29:23,181 [INFO] 1 change detected
2026-05-12 15:29:23,587 [INFO] 1 change detected
2026-05-12 15:29:23,992 [INFO] 1 change detected
2026-05-12 15:29:24,359 [INFO] 1 change detected
2026-05-12 15:29:24,767 [INFO] 1 change detected
2026-05-12 15:29:25,175 [INFO] 1 change detected
2026-05-12 15:29:25,580 [INFO] 1 change detected
2026-05-12 15:29:25,983 [INFO] 1 change detected
2026-05-12 15:29:26,402 [INFO] 1 change detected
2026-05-12 15:29:26,805 [INFO] 1 change detected
2026-05-12 15:29:27,211 [INFO] 1 change detected
2026-05-12 15:29:27,615 [INFO] 1 change detected
2026-05-12 15:29:28,021 [INFO] 1 change detected
2026-05-12 15:29:28,425 [INFO] 1 change detected
2026-05-12 15:29:28,829 [INFO] 1 change detected
2026-05-12 15:29:29,234 [INFO] 1 change detected
2026-05-12 15:29:29,591 [INFO] 1 change detected
2026-05-12 15:29:30,003 [INFO] 1 change detected
2026-05-12 15:29:30,407 [INFO] 1 change detected
2026-05-12 15:29:30,813 [INFO] 1 change detected
2026-05-12 15:29:31,220 [INFO] 1 change detected
2026-05-12 15:29:31,626 [INFO] 1 change detected
2026-05-12 15:29:31,985 [INFO] 1 change detected
2026-05-12 15:29:32,396 [INFO] 1 change detected
2026-05-12 15:29:32,803 [INFO] 1 change detected
2026-05-12 15:29:33,210 [INFO] 1 change detected
2026-05-12 15:29:33,614 [INFO] 1 change detected
2026-05-12 15:29:34,017 [INFO] 1 change detected
2026-05-12 15:29:34,422 [INFO] 1 change detected
2026-05-12 15:29:34,826 [INFO] 1 change detected
2026-05-12 15:29:35,232 [INFO] 1 change detected
2026-05-12 15:29:35,636 [INFO] 1 change detected
2026-05-12 15:29:35,992 [INFO] 1 change detected
2026-05-12 15:29:36,404 [INFO] 1 change detected
2026-05-12 15:29:36,808 [INFO] 1 change detected
2026-05-12 15:29:37,214 [INFO] 1 change detected
2026-05-12 15:29:37,619 [INFO] 1 change detected
2026-05-12 15:29:38,024 [INFO] 1 change detected
2026-05-12 15:29:38,431 [INFO] 1 change detected
2026-05-12 15:29:38,836 [INFO] 1 change detected
2026-05-12 15:29:39,239 [INFO] 1 change detected
2026-05-12 15:29:39,643 [INFO] 1 change detected
2026-05-12 15:29:40,048 [INFO] 1 change detected
2026-05-12 15:29:40,453 [INFO] 1 change detected
2026-05-12 15:29:40,858 [INFO] 1 change detected
2026-05-12 15:29:41,264 [INFO] 1 change detected
2026-05-12 15:29:41,666 [INFO] 1 change detected
2026-05-12 15:29:42,071 [INFO] 1 change detected
2026-05-12 15:29:42,479 [INFO] 1 change detected
2026-05-12 15:29:42,885 [INFO] 1 change detected
2026-05-12 15:29:43,242 [INFO] 1 change detected
2026-05-12 15:29:43,654 [INFO] 1 change detected
2026-05-12 15:29:44,057 [INFO] 1 change detected
2026-05-12 15:29:44,462 [INFO] 1 change detected
2026-05-12 15:29:44,868 [INFO] 1 change detected
2026-05-12 15:29:45,275 [INFO] 1 change detected
2026-05-12 15:29:45,632 [INFO] 1 change detected
2026-05-12 15:29:46,039 [INFO] 1 change detected
2026-05-12 15:29:46,446 [INFO] 1 change detected
2026-05-12 15:29:46,850 [INFO] 1 change detected
2026-05-12 15:29:47,259 [INFO] 1 change detected
2026-05-12 15:29:47,665 [INFO] 1 change detected
2026-05-12 15:29:48,068 [INFO] 1 change detected
2026-05-12 15:29:48,476 [INFO] 1 change detected
2026-05-12 15:29:48,879 [INFO] 1 change detected
2026-05-12 15:29:49,285 [INFO] 1 change detected
2026-05-12 15:29:49,691 [INFO] 1 change detected
2026-05-12 15:29:50,093 [INFO] 1 change detected
2026-05-12 15:29:50,499 [INFO] 1 change detected
2026-05-12 15:29:50,905 [INFO] 1 change detected
2026-05-12 15:29:51,307 [INFO] 1 change detected
2026-05-12 15:29:51,710 [INFO] 1 change detected
2026-05-12 15:29:52,114 [INFO] 1 change detected
2026-05-12 15:29:52,517 [INFO] 1 change detected
2026-05-12 15:29:52,919 [INFO] 1 change detected
2026-05-12 15:29:53,322 [INFO] 1 change detected
2026-05-12 15:29:53,726 [INFO] 1 change detected
2026-05-12 15:29:54,130 [INFO] 1 change detected
2026-05-12 15:29:54,536 [INFO] 1 change detected
2026-05-12 15:29:54,943 [INFO] 1 change detected
2026-05-12 15:29:55,347 [INFO] 1 change detected
2026-05-12 15:29:55,752 [INFO] 1 change detected
2026-05-12 15:29:56,156 [INFO] 1 change detected
2026-05-12 15:29:56,561 [INFO] 1 change detected
2026-05-12 15:29:56,965 [INFO] 1 change detected
2026-05-12 15:29:57,371 [INFO] 1 change detected
2026-05-12 15:29:57,775 [INFO] 1 change detected
2026-05-12 15:29:58,179 [INFO] 1 change detected
2026-05-12 15:29:58,584 [INFO] 1 change detected
2026-05-12 15:29:58,941 [INFO] 1 change detected
2026-05-12 15:29:59,347 [INFO] 1 change detected
2026-05-12 15:29:59,753 [INFO] 1 change detected
2026-05-12 15:30:00,157 [INFO] 1 change detected
2026-05-12 15:30:00,560 [INFO] 1 change detected
2026-05-12 15:30:00,966 [INFO] 1 change detected
2026-05-12 15:30:01,374 [INFO] 1 change detected
2026-05-12 15:30:01,777 [INFO] 1 change detected
2026-05-12 15:30:02,181 [INFO] 1 change detected
2026-05-12 15:30:02,586 [INFO] 1 change detected
2026-05-12 15:30:02,992 [INFO] 1 change detected
2026-05-12 15:30:03,396 [INFO] 1 change detected
2026-05-12 15:30:03,803 [INFO] 1 change detected
2026-05-12 15:30:04,207 [INFO] 1 change detected
2026-05-12 15:30:04,613 [INFO] 1 change detected
2026-05-12 15:30:05,019 [INFO] 1 change detected
2026-05-12 15:30:05,426 [INFO] 1 change detected
2026-05-12 15:30:05,829 [INFO] 1 change detected
2026-05-12 15:30:06,234 [INFO] 1 change detected
2026-05-12 15:30:06,638 [INFO] 1 change detected
2026-05-12 15:30:07,044 [INFO] 1 change detected
2026-05-12 15:30:07,449 [INFO] 1 change detected
2026-05-12 15:30:07,853 [INFO] 1 change detected
2026-05-12 15:30:08,258 [INFO] 1 change detected
2026-05-12 15:30:08,664 [INFO] 1 change detected
2026-05-12 15:30:09,068 [INFO] 1 change detected
2026-05-12 15:30:09,473 [INFO] 1 change detected
2026-05-12 15:30:09,881 [INFO] 1 change detected
2026-05-12 15:30:10,288 [INFO] 1 change detected
2026-05-12 15:30:10,694 [INFO] 1 change detected
2026-05-12 15:30:11,099 [INFO] 1 change detected
2026-05-12 15:30:11,507 [INFO] 1 change detected
2026-05-12 15:30:11,914 [INFO] 1 change detected
2026-05-12 15:30:12,319 [INFO] 1 change detected
2026-05-12 15:30:12,774 [INFO] 2 changes detected
2026-05-12 15:30:13,140 [INFO] 1 change detected
2026-05-12 15:30:13,548 [INFO] 1 change detected
2026-05-12 15:30:13,952 [INFO] 1 change detected
2026-05-12 15:30:14,359 [INFO] 1 change detected
2026-05-12 15:30:14,765 [INFO] 1 change detected
2026-05-12 15:30:15,171 [INFO] 1 change detected
2026-05-12 15:30:15,575 [INFO] 1 change detected
2026-05-12 15:30:15,980 [INFO] 1 change detected
2026-05-12 15:30:16,385 [INFO] 1 change detected
2026-05-12 15:30:16,788 [INFO] 1 change detected
2026-05-12 15:30:17,193 [INFO] 1 change detected
2026-05-12 15:30:17,598 [INFO] 1 change detected
2026-05-12 15:30:18,004 [INFO] 1 change detected
2026-05-12 15:30:18,410 [INFO] 1 change detected
2026-05-12 15:30:18,813 [INFO] 1 change detected
2026-05-12 15:30:19,218 [INFO] 1 change detected
2026-05-12 15:30:19,620 [INFO] 1 change detected
2026-05-12 15:30:19,979 [INFO] 1 change detected
2026-05-12 15:30:20,388 [INFO] 1 change detected
2026-05-12 15:30:20,791 [INFO] 1 change detected
2026-05-12 15:30:21,193 [INFO] 1 change detected
2026-05-12 15:30:21,597 [INFO] 1 change detected
2026-05-12 15:30:22,001 [INFO] 1 change detected
2026-05-12 15:30:22,404 [INFO] 1 change detected
2026-05-12 15:30:22,809 [INFO] 1 change detected
2026-05-12 15:30:23,216 [INFO] 1 change detected
2026-05-12 15:30:23,623 [INFO] 1 change detected
2026-05-12 15:30:24,026 [INFO] 1 change detected
2026-05-12 15:30:24,435 [INFO] 1 change detected
2026-05-12 15:30:24,843 [INFO] 1 change detected
2026-05-12 15:30:25,250 [INFO] 1 change detected
2026-05-12 15:30:25,658 [INFO] 1 change detected
2026-05-12 15:30:26,064 [INFO] 1 change detected
2026-05-12 15:30:26,466 [INFO] 1 change detected
2026-05-12 15:30:26,871 [INFO] 1 change detected
2026-05-12 15:30:27,230 [INFO] 1 change detected
2026-05-12 15:30:27,637 [INFO] 1 change detected
2026-05-12 15:30:28,048 [INFO] 1 change detected
2026-05-12 15:30:28,453 [INFO] 1 change detected
2026-05-12 15:30:28,863 [INFO] 1 change detected
2026-05-12 15:30:29,265 [INFO] 1 change detected
2026-05-12 15:30:29,671 [INFO] 1 change detected
2026-05-12 15:30:30,078 [INFO] 1 change detected
2026-05-12 15:30:30,482 [INFO] 1 change detected
2026-05-12 15:30:30,887 [INFO] 1 change detected
2026-05-12 15:30:31,293 [INFO] 1 change detected
2026-05-12 15:30:31,695 [INFO] 1 change detected
2026-05-12 15:30:32,054 [INFO] 1 change detected
2026-05-12 15:30:32,463 [INFO] 1 change detected
2026-05-12 15:30:32,871 [INFO] 1 change detected
2026-05-12 15:30:33,279 [INFO] 1 change detected
2026-05-12 15:30:33,684 [INFO] 1 change detected
2026-05-12 15:30:34,090 [INFO] 1 change detected
2026-05-12 15:30:34,498 [INFO] 1 change detected
2026-05-12 15:30:34,857 [INFO] 1 change detected
2026-05-12 15:30:35,218 [INFO] 1 change detected
2026-05-12 15:30:35,576 [INFO] 1 change detected
2026-05-12 15:30:35,935 [INFO] 1 change detected
2026-05-12 15:30:36,292 [INFO] 1 change detected
2026-05-12 15:30:36,652 [INFO] 1 change detected
2026-05-12 15:30:37,062 [INFO] 1 change detected
2026-05-12 15:30:37,465 [INFO] 1 change detected
2026-05-12 15:30:37,870 [INFO] 1 change detected
2026-05-12 15:30:38,279 [INFO] 1 change detected
2026-05-12 15:30:38,632 [INFO] 1 change detected
2026-05-12 15:30:39,042 [INFO] 1 change detected
2026-05-12 15:30:39,448 [INFO] 1 change detected
2026-05-12 15:30:39,857 [INFO] 1 change detected
2026-05-12 15:30:40,264 [INFO] 1 change detected
2026-05-12 15:30:40,673 [INFO] 1 change detected
2026-05-12 15:30:41,077 [INFO] 1 change detected
2026-05-12 15:30:41,434 [INFO] 1 change detected
2026-05-12 15:30:41,843 [INFO] 1 change detected
2026-05-12 15:30:42,251 [INFO] 1 change detected
2026-05-12 15:30:42,657 [INFO] 1 change detected
2026-05-12 15:30:43,061 [INFO] 1 change detected
2026-05-12 15:30:43,469 [INFO] 1 change detected
2026-05-12 15:30:43,873 [INFO] 1 change detected
2026-05-12 15:30:44,276 [INFO] 1 change detected
2026-05-12 15:30:44,682 [INFO] 1 change detected
2026-05-12 15:30:45,087 [INFO] 1 change detected
2026-05-12 15:30:45,497 [INFO] 1 change detected
2026-05-12 15:30:45,902 [INFO] 1 change detected
2026-05-12 15:30:46,256 [INFO] 1 change detected
2026-05-12 15:30:46,664 [INFO] 1 change detected
2026-05-12 15:30:47,071 [INFO] 1 change detected
2026-05-12 15:30:47,477 [INFO] 1 change detected
2026-05-12 15:30:47,881 [INFO] 1 change detected
2026-05-12 15:30:48,286 [INFO] 1 change detected
2026-05-12 15:30:48,691 [INFO] 1 change detected
2026-05-12 15:30:49,096 [INFO] 1 change detected
2026-05-12 15:30:49,501 [INFO] 1 change detected
2026-05-12 15:30:49,906 [INFO] 1 change detected
2026-05-12 15:30:50,311 [INFO] 1 change detected
2026-05-12 15:30:50,716 [INFO] 1 change detected
2026-05-12 15:30:51,124 [INFO] 1 change detected
2026-05-12 15:30:51,529 [INFO] 1 change detected
2026-05-12 15:30:51,933 [INFO] 1 change detected
2026-05-12 15:30:52,338 [INFO] 1 change detected
2026-05-12 15:30:52,746 [INFO] 1 change detected
2026-05-12 15:30:53,150 [INFO] 1 change detected
2026-05-12 15:30:53,557 [INFO] 1 change detected
2026-05-12 15:30:53,961 [INFO] 1 change detected
2026-05-12 15:30:54,367 [INFO] 1 change detected
2026-05-12 15:30:54,772 [INFO] 1 change detected
2026-05-12 15:30:55,179 [INFO] 1 change detected
2026-05-12 15:30:55,587 [INFO] 1 change detected
2026-05-12 15:30:55,993 [INFO] 1 change detected
2026-05-12 15:30:56,398 [INFO] 1 change detected
2026-05-12 15:30:56,803 [INFO] 1 change detected
2026-05-12 15:30:57,209 [INFO] 1 change detected
2026-05-12 15:30:57,614 [INFO] 1 change detected
2026-05-12 15:30:58,020 [INFO] 1 change detected
2026-05-12 15:30:58,425 [INFO] 1 change detected
2026-05-12 15:30:58,828 [INFO] 1 change detected
2026-05-12 15:30:59,234 [INFO] 1 change detected
2026-05-12 15:30:59,588 [INFO] 1 change detected
2026-05-12 15:30:59,999 [INFO] 1 change detected
2026-05-12 15:31:00,404 [INFO] 1 change detected
2026-05-12 15:31:00,815 [INFO] 1 change detected
2026-05-12 15:31:01,171 [INFO] 1 change detected
2026-05-12 15:31:01,579 [INFO] 1 change detected
2026-05-12 15:31:01,984 [INFO] 1 change detected
2026-05-12 15:31:02,392 [INFO] 1 change detected
2026-05-12 15:31:02,796 [INFO] 1 change detected
2026-05-12 15:31:03,200 [INFO] 1 change detected
2026-05-12 15:31:03,606 [INFO] 1 change detected
2026-05-12 15:31:04,012 [INFO] 1 change detected
2026-05-12 15:31:04,416 [INFO] 1 change detected
2026-05-12 15:31:04,822 [INFO] 1 change detected
2026-05-12 15:31:05,227 [INFO] 1 change detected
2026-05-12 15:31:05,632 [INFO] 1 change detected
2026-05-12 15:31:06,038 [INFO] 1 change detected
2026-05-12 15:31:06,446 [INFO] 1 change detected
2026-05-12 15:31:06,850 [INFO] 1 change detected
2026-05-12 15:31:07,254 [INFO] 1 change detected
2026-05-12 15:31:07,659 [INFO] 1 change detected
2026-05-12 15:31:08,066 [INFO] 1 change detected
2026-05-12 15:31:08,422 [INFO] 1 change detected
2026-05-12 15:31:08,832 [INFO] 1 change detected
2026-05-12 15:31:09,238 [INFO] 1 change detected
2026-05-12 15:31:09,641 [INFO] 1 change detected
2026-05-12 15:31:10,047 [INFO] 1 change detected
2026-05-12 15:31:10,453 [INFO] 1 change detected
2026-05-12 15:31:10,855 [INFO] 1 change detected
2026-05-12 15:31:11,263 [INFO] 1 change detected
2026-05-12 15:31:11,668 [INFO] 1 change detected
2026-05-12 15:31:12,071 [INFO] 1 change detected
2026-05-12 15:31:12,479 [INFO] 1 change detected
2026-05-12 15:31:12,885 [INFO] 1 change detected
2026-05-12 15:31:13,292 [INFO] 1 change detected
2026-05-12 15:31:13,652 [INFO] 1 change detected
2026-05-12 15:31:14,062 [INFO] 1 change detected
2026-05-12 15:31:14,465 [INFO] 1 change detected
2026-05-12 15:31:14,870 [INFO] 1 change detected
2026-05-12 15:31:15,280 [INFO] 1 change detected
2026-05-12 15:31:15,636 [INFO] 1 change detected
2026-05-12 15:31:16,047 [INFO] 1 change detected
2026-05-12 15:31:16,453 [INFO] 1 change detected
2026-05-12 15:31:16,856 [INFO] 1 change detected
2026-05-12 15:31:17,262 [INFO] 1 change detected
2026-05-12 15:31:17,670 [INFO] 1 change detected
2026-05-12 15:31:18,076 [INFO] 1 change detected
2026-05-12 15:31:18,479 [INFO] 1 change detected
2026-05-12 15:31:18,885 [INFO] 1 change detected
2026-05-12 15:31:19,292 [INFO] 1 change detected
2026-05-12 15:31:19,697 [INFO] 1 change detected
2026-05-12 15:31:20,103 [INFO] 1 change detected
2026-05-12 15:31:20,507 [INFO] 1 change detected
2026-05-12 15:31:20,912 [INFO] 1 change detected
2026-05-12 15:31:21,317 [INFO] 1 change detected
2026-05-12 15:31:21,721 [INFO] 1 change detected
2026-05-12 15:31:22,128 [INFO] 1 change detected
2026-05-12 15:31:22,535 [INFO] 1 change detected
2026-05-12 15:31:22,941 [INFO] 1 change detected
2026-05-12 15:31:23,345 [INFO] 1 change detected
2026-05-12 15:31:23,754 [INFO] 1 change detected
2026-05-12 15:31:24,112 [INFO] 1 change detected
2026-05-12 15:31:24,520 [INFO] 1 change detected
2026-05-12 15:31:24,925 [INFO] 1 change detected
2026-05-12 15:31:25,331 [INFO] 1 change detected
2026-05-12 15:31:25,734 [INFO] 1 change detected
2026-05-12 15:31:26,140 [INFO] 1 change detected
2026-05-12 15:31:26,544 [INFO] 1 change detected
2026-05-12 15:31:26,950 [INFO] 1 change detected
2026-05-12 15:31:27,352 [INFO] 1 change detected
2026-05-12 15:31:27,759 [INFO] 1 change detected
2026-05-12 15:31:28,162 [INFO] 1 change detected
2026-05-12 15:31:28,569 [INFO] 1 change detected
2026-05-12 15:31:28,975 [INFO] 1 change detected
2026-05-12 15:31:29,380 [INFO] 1 change detected
2026-05-12 15:31:29,785 [INFO] 1 change detected
2026-05-12 15:31:30,187 [INFO] 1 change detected
2026-05-12 15:31:30,593 [INFO] 1 change detected
2026-05-12 15:31:30,999 [INFO] 1 change detected
2026-05-12 15:31:31,404 [INFO] 1 change detected
2026-05-12 15:31:31,810 [INFO] 1 change detected
2026-05-12 15:31:32,215 [INFO] 1 change detected
2026-05-12 15:31:32,622 [INFO] 1 change detected
2026-05-12 15:31:33,028 [INFO] 1 change detected
2026-05-12 15:31:33,432 [INFO] 1 change detected
2026-05-12 15:31:33,836 [INFO] 1 change detected
2026-05-12 15:31:34,192 [INFO] 1 change detected
2026-05-12 15:31:34,602 [INFO] 1 change detected
2026-05-12 15:31:35,010 [INFO] 1 change detected
2026-05-12 15:31:35,415 [INFO] 1 change detected
2026-05-12 15:31:35,823 [INFO] 1 change detected
2026-05-12 15:31:36,226 [INFO] 1 change detected
2026-05-12 15:31:36,635 [INFO] 1 change detected
2026-05-12 15:31:36,994 [INFO] 1 change detected
2026-05-12 15:31:37,402 [INFO] 1 change detected
2026-05-12 15:31:37,809 [INFO] 1 change detected
2026-05-12 15:31:38,217 [INFO] 1 change detected
2026-05-12 15:31:38,621 [INFO] 1 change detected
2026-05-12 15:31:39,024 [INFO] 1 change detected
2026-05-12 15:31:39,430 [INFO] 1 change detected
2026-05-12 15:31:39,835 [INFO] 1 change detected
2026-05-12 15:31:40,237 [INFO] 1 change detected
2026-05-12 15:31:40,642 [INFO] 1 change detected
2026-05-12 15:31:41,047 [INFO] 1 change detected
2026-05-12 15:31:41,453 [INFO] 1 change detected
2026-05-12 15:31:41,857 [INFO] 1 change detected
2026-05-12 15:31:42,264 [INFO] 1 change detected
2026-05-12 15:31:42,672 [INFO] 1 change detected
2026-05-12 15:31:43,079 [INFO] 1 change detected
2026-05-12 15:31:43,484 [INFO] 1 change detected
2026-05-12 15:31:43,889 [INFO] 1 change detected
2026-05-12 15:31:44,296 [INFO] 1 change detected
2026-05-12 15:31:44,702 [INFO] 1 change detected
2026-05-12 15:31:45,106 [INFO] 1 change detected
2026-05-12 15:31:45,510 [INFO] 1 change detected
2026-05-12 15:31:45,914 [INFO] 1 change detected
2026-05-12 15:31:46,320 [INFO] 1 change detected
2026-05-12 15:31:46,678 [INFO] 1 change detected
2026-05-12 15:31:47,087 [INFO] 1 change detected
2026-05-12 15:31:47,492 [INFO] 1 change detected
2026-05-12 15:31:47,897 [INFO] 1 change detected
2026-05-12 15:31:48,305 [INFO] 1 change detected
2026-05-12 15:31:48,712 [INFO] 1 change detected
2026-05-12 15:31:49,069 [INFO] 1 change detected
2026-05-12 15:31:49,477 [INFO] 1 change detected
2026-05-12 15:31:49,882 [INFO] 1 change detected
2026-05-12 15:31:50,286 [INFO] 1 change detected
2026-05-12 15:31:50,688 [INFO] 1 change detected
2026-05-12 15:31:51,094 [INFO] 1 change detected
2026-05-12 15:31:51,499 [INFO] 1 change detected
2026-05-12 15:31:51,905 [INFO] 1 change detected
2026-05-12 15:31:52,307 [INFO] 1 change detected
2026-05-12 15:31:52,714 [INFO] 1 change detected
2026-05-12 15:31:53,119 [INFO] 1 change detected
2026-05-12 15:31:53,526 [INFO] 1 change detected
2026-05-12 15:31:53,930 [INFO] 1 change detected
2026-05-12 15:31:54,338 [INFO] 1 change detected
2026-05-12 15:31:54,747 [INFO] 1 change detected
2026-05-12 15:31:55,103 [INFO] 1 change detected
2026-05-12 15:31:55,516 [INFO] 1 change detected
2026-05-12 15:31:55,972 [INFO] 1 change detected
2026-05-12 15:31:56,325 [INFO] 1 change detected
2026-05-12 15:31:56,730 [INFO] 1 change detected
2026-05-12 15:31:57,135 [INFO] 1 change detected
2026-05-12 15:31:57,538 [INFO] 1 change detected
2026-05-12 15:31:57,944 [INFO] 1 change detected
2026-05-12 15:31:58,349 [INFO] 1 change detected
2026-05-12 15:31:58,754 [INFO] 1 change detected
2026-05-12 15:31:59,158 [INFO] 1 change detected
2026-05-12 15:31:59,564 [INFO] 1 change detected
2026-05-12 15:31:59,969 [INFO] 1 change detected
2026-05-12 15:32:00,375 [INFO] 1 change detected
2026-05-12 15:32:00,780 [INFO] 1 change detected
2026-05-12 15:32:01,186 [INFO] 1 change detected
2026-05-12 15:32:01,588 [INFO] 1 change detected
2026-05-12 15:32:01,992 [INFO] 1 change detected
2026-05-12 15:32:02,397 [INFO] 1 change detected
2026-05-12 15:32:02,801 [INFO] 1 change detected
2026-05-12 15:32:03,205 [INFO] 1 change detected
2026-05-12 15:32:03,614 [INFO] 1 change detected
2026-05-12 15:32:04,019 [INFO] 1 change detected
2026-05-12 15:32:04,374 [INFO] 1 change detected
2026-05-12 15:32:04,782 [INFO] 1 change detected
2026-05-12 15:32:05,188 [INFO] 1 change detected
2026-05-12 15:32:05,594 [INFO] 1 change detected
2026-05-12 15:32:05,999 [INFO] 1 change detected
2026-05-12 15:32:06,405 [INFO] 1 change detected
2026-05-12 15:32:06,814 [INFO] 1 change detected
2026-05-12 15:32:07,218 [INFO] 1 change detected
2026-05-12 15:32:07,623 [INFO] 1 change detected
2026-05-12 15:32:08,028 [INFO] 1 change detected
2026-05-12 15:32:08,435 [INFO] 1 change detected
2026-05-12 15:32:08,839 [INFO] 1 change detected
2026-05-12 15:32:09,243 [INFO] 1 change detected
2026-05-12 15:32:09,647 [INFO] 1 change detected
2026-05-12 15:32:10,055 [INFO] 1 change detected
2026-05-12 15:32:10,460 [INFO] 1 change detected
2026-05-12 15:32:10,866 [INFO] 1 change detected
2026-05-12 15:32:11,270 [INFO] 1 change detected
2026-05-12 15:32:11,675 [INFO] 1 change detected
2026-05-12 15:32:12,079 [INFO] 1 change detected
2026-05-12 15:32:12,485 [INFO] 1 change detected
2026-05-12 15:32:12,892 [INFO] 1 change detected
2026-05-12 15:32:13,298 [INFO] 1 change detected
2026-05-12 15:32:13,705 [INFO] 1 change detected
2026-05-12 15:32:14,108 [INFO] 1 change detected
2026-05-12 15:32:14,515 [INFO] 1 change detected
2026-05-12 15:32:14,920 [INFO] 1 change detected
2026-05-12 15:32:15,324 [INFO] 1 change detected
2026-05-12 15:32:15,728 [INFO] 1 change detected
2026-05-12 15:32:16,133 [INFO] 1 change detected
2026-05-12 15:32:16,539 [INFO] 1 change detected
2026-05-12 15:32:16,946 [INFO] 1 change detected
2026-05-12 15:32:17,354 [INFO] 1 change detected
2026-05-12 15:32:17,759 [INFO] 1 change detected
2026-05-12 15:32:18,166 [INFO] 1 change detected
2026-05-12 15:32:18,572 [INFO] 1 change detected
2026-05-12 15:32:18,976 [INFO] 1 change detected
2026-05-12 15:32:19,381 [INFO] 1 change detected
2026-05-12 15:32:19,787 [INFO] 1 change detected
2026-05-12 15:32:20,192 [INFO] 1 change detected
2026-05-12 15:32:20,595 [INFO] 1 change detected
2026-05-12 15:32:21,001 [INFO] 1 change detected
2026-05-12 15:32:21,409 [INFO] 1 change detected
2026-05-12 15:32:21,813 [INFO] 1 change detected
2026-05-12 15:32:22,219 [INFO] 1 change detected
2026-05-12 15:32:22,625 [INFO] 1 change detected
2026-05-12 15:32:23,029 [INFO] 1 change detected
2026-05-12 15:32:23,435 [INFO] 1 change detected
2026-05-12 15:32:23,840 [INFO] 1 change detected
2026-05-12 15:32:24,247 [INFO] 1 change detected
2026-05-12 15:32:24,652 [INFO] 1 change detected
2026-05-12 15:32:25,059 [INFO] 1 change detected
2026-05-12 15:32:25,464 [INFO] 1 change detected
2026-05-12 15:32:25,869 [INFO] 1 change detected
2026-05-12 15:32:26,224 [INFO] 1 change detected
2026-05-12 15:32:26,632 [INFO] 1 change detected
2026-05-12 15:32:27,038 [INFO] 1 change detected
2026-05-12 15:32:27,443 [INFO] 1 change detected
2026-05-12 15:32:27,852 [INFO] 1 change detected
2026-05-12 15:32:28,261 [INFO] 1 change detected
2026-05-12 15:32:28,668 [INFO] 1 change detected
2026-05-12 15:32:29,021 [INFO] 1 change detected
2026-05-12 15:32:29,433 [INFO] 1 change detected
2026-05-12 15:32:29,838 [INFO] 1 change detected
2026-05-12 15:32:30,244 [INFO] 1 change detected
2026-05-12 15:32:30,649 [INFO] 1 change detected
2026-05-12 15:32:31,053 [INFO] 1 change detected
2026-05-12 15:32:31,460 [INFO] 1 change detected
2026-05-12 15:32:31,864 [INFO] 1 change detected
2026-05-12 15:32:32,268 [INFO] 1 change detected
2026-05-12 15:32:32,675 [INFO] 1 change detected
2026-05-12 15:32:33,079 [INFO] 1 change detected
2026-05-12 15:32:33,483 [INFO] 1 change detected
2026-05-12 15:32:33,890 [INFO] 1 change detected
2026-05-12 15:32:34,293 [INFO] 1 change detected
2026-05-12 15:32:34,699 [INFO] 1 change detected
2026-05-12 15:32:35,105 [INFO] 1 change detected
2026-05-12 15:32:35,511 [INFO] 1 change detected
2026-05-12 15:32:35,916 [INFO] 1 change detected
2026-05-12 15:32:36,320 [INFO] 1 change detected
2026-05-12 15:32:36,725 [INFO] 1 change detected
2026-05-12 15:32:37,130 [INFO] 1 change detected
2026-05-12 15:32:37,536 [INFO] 1 change detected
2026-05-12 15:32:37,944 [INFO] 1 change detected
2026-05-12 15:32:38,354 [INFO] 1 change detected
2026-05-12 15:32:38,758 [INFO] 1 change detected
2026-05-12 15:32:39,163 [INFO] 1 change detected
2026-05-12 15:32:39,568 [INFO] 1 change detected
2026-05-12 15:32:39,926 [INFO] 1 change detected
2026-05-12 15:32:40,334 [INFO] 1 change detected
2026-05-12 15:32:40,741 [INFO] 1 change detected
2026-05-12 15:32:41,148 [INFO] 1 change detected
2026-05-12 15:32:41,553 [INFO] 1 change detected
2026-05-12 15:32:41,958 [INFO] 1 change detected
2026-05-12 15:32:42,363 [INFO] 1 change detected
2026-05-12 15:32:42,769 [INFO] 1 change detected
2026-05-12 15:32:43,173 [INFO] 1 change detected
2026-05-12 15:32:43,579 [INFO] 1 change detected
2026-05-12 15:32:43,983 [INFO] 1 change detected
2026-05-12 15:32:44,386 [INFO] 1 change detected
2026-05-12 15:32:44,788 [INFO] 1 change detected
2026-05-12 15:32:45,193 [INFO] 1 change detected
2026-05-12 15:32:45,549 [INFO] 1 change detected
2026-05-12 15:32:45,957 [INFO] 1 change detected
2026-05-12 15:32:46,414 [INFO] 1 change detected
2026-05-12 15:32:46,780 [INFO] 1 change detected
2026-05-12 15:32:47,189 [INFO] 1 change detected
2026-05-12 15:32:47,595 [INFO] 1 change detected
2026-05-12 15:32:47,999 [INFO] 1 change detected
2026-05-12 15:32:48,404 [INFO] 1 change detected
2026-05-12 15:32:48,812 [INFO] 1 change detected
2026-05-12 15:32:49,217 [INFO] 1 change detected
2026-05-12 15:32:49,624 [INFO] 1 change detected
2026-05-12 15:32:50,027 [INFO] 1 change detected
2026-05-12 15:32:50,432 [INFO] 1 change detected
2026-05-12 15:32:50,840 [INFO] 1 change detected
2026-05-12 15:32:51,197 [INFO] 1 change detected
2026-05-12 15:32:51,605 [INFO] 1 change detected
2026-05-12 15:32:52,008 [INFO] 1 change detected
2026-05-12 15:32:52,414 [INFO] 1 change detected
2026-05-12 15:32:52,820 [INFO] 1 change detected
2026-05-12 15:32:53,226 [INFO] 1 change detected
2026-05-12 15:32:53,632 [INFO] 1 change detected
2026-05-12 15:32:54,037 [INFO] 1 change detected
2026-05-12 15:32:54,442 [INFO] 1 change detected
2026-05-12 15:32:54,854 [INFO] 1 change detected
2026-05-12 15:32:55,260 [INFO] 1 change detected
2026-05-12 15:32:55,664 [INFO] 1 change detected
2026-05-12 15:32:56,066 [INFO] 1 change detected
2026-05-12 15:32:56,473 [INFO] 1 change detected
2026-05-12 15:32:56,830 [INFO] 1 change detected
2026-05-12 15:32:57,240 [INFO] 1 change detected
2026-05-12 15:32:57,648 [INFO] 1 change detected
2026-05-12 15:32:58,054 [INFO] 1 change detected
2026-05-12 15:32:58,460 [INFO] 1 change detected
2026-05-12 15:32:58,866 [INFO] 1 change detected
2026-05-12 15:32:59,271 [INFO] 1 change detected
2026-05-12 15:32:59,676 [INFO] 1 change detected
2026-05-12 15:33:00,079 [INFO] 1 change detected
2026-05-12 15:33:00,486 [INFO] 1 change detected
2026-05-12 15:33:00,891 [INFO] 1 change detected
2026-05-12 15:33:01,296 [INFO] 1 change detected
2026-05-12 15:33:01,702 [INFO] 1 change detected
2026-05-12 15:33:02,109 [INFO] 1 change detected
2026-05-12 15:33:02,514 [INFO] 1 change detected
2026-05-12 15:33:02,921 [INFO] 1 change detected
2026-05-12 15:33:03,325 [INFO] 1 change detected
2026-05-12 15:33:03,732 [INFO] 1 change detected
2026-05-12 15:33:04,137 [INFO] 1 change detected
2026-05-12 15:33:04,545 [INFO] 1 change detected
2026-05-12 15:33:04,903 [INFO] 1 change detected
2026-05-12 15:33:05,311 [INFO] 1 change detected
2026-05-12 15:33:05,716 [INFO] 1 change detected
2026-05-12 15:33:06,121 [INFO] 1 change detected
2026-05-12 15:33:06,526 [INFO] 1 change detected
2026-05-12 15:33:06,932 [INFO] 1 change detected
2026-05-12 15:33:07,336 [INFO] 1 change detected
2026-05-12 15:33:07,742 [INFO] 1 change detected
2026-05-12 15:33:08,149 [INFO] 1 change detected
2026-05-12 15:33:08,554 [INFO] 1 change detected
2026-05-12 15:33:08,960 [INFO] 1 change detected
2026-05-12 15:33:09,325 [INFO] 1 change detected
2026-05-12 15:33:09,736 [INFO] 1 change detected
2026-05-12 15:33:10,140 [INFO] 1 change detected
2026-05-12 15:33:10,549 [INFO] 1 change detected
2026-05-12 15:33:10,955 [INFO] 1 change detected
2026-05-12 15:33:11,360 [INFO] 1 change detected
2026-05-12 15:33:11,715 [INFO] 1 change detected
2026-05-12 15:33:12,126 [INFO] 1 change detected
2026-05-12 15:33:12,532 [INFO] 1 change detected
2026-05-12 15:33:12,937 [INFO] 1 change detected
2026-05-12 15:33:13,343 [INFO] 1 change detected
2026-05-12 15:33:13,750 [INFO] 1 change detected
2026-05-12 15:33:14,156 [INFO] 1 change detected
2026-05-12 15:33:14,559 [INFO] 1 change detected
2026-05-12 15:33:14,968 [INFO] 1 change detected
2026-05-12 15:33:15,370 [INFO] 1 change detected
2026-05-12 15:33:15,775 [INFO] 1 change detected
2026-05-12 15:33:16,183 [INFO] 1 change detected
2026-05-12 15:33:16,590 [INFO] 1 change detected
2026-05-12 15:33:16,995 [INFO] 1 change detected
2026-05-12 15:33:17,400 [INFO] 1 change detected
2026-05-12 15:33:17,804 [INFO] 1 change detected
2026-05-12 15:33:18,209 [INFO] 1 change detected
2026-05-12 15:33:18,616 [INFO] 1 change detected
2026-05-12 15:33:19,022 [INFO] 1 change detected
2026-05-12 15:33:19,427 [INFO] 1 change detected
2026-05-12 15:33:19,832 [INFO] 1 change detected
2026-05-12 15:33:20,188 [INFO] 1 change detected
2026-05-12 15:33:20,597 [INFO] 1 change detected
2026-05-12 15:33:21,004 [INFO] 1 change detected
2026-05-12 15:33:21,408 [INFO] 1 change detected
2026-05-12 15:33:21,812 [INFO] 1 change detected
2026-05-12 15:33:22,220 [INFO] 1 change detected
2026-05-12 15:33:22,630 [INFO] 1 change detected
2026-05-12 15:33:23,033 [INFO] 1 change detected
2026-05-12 15:33:23,437 [INFO] 1 change detected
2026-05-12 15:33:23,842 [INFO] 1 change detected
2026-05-12 15:33:24,249 [INFO] 1 change detected
2026-05-12 15:33:24,652 [INFO] 1 change detected
2026-05-12 15:33:25,057 [INFO] 1 change detected
2026-05-12 15:33:25,465 [INFO] 1 change detected
2026-05-12 15:33:25,870 [INFO] 1 change detected
2026-05-12 15:33:26,274 [INFO] 1 change detected
2026-05-12 15:33:26,679 [INFO] 1 change detected
2026-05-12 15:33:27,086 [INFO] 1 change detected
2026-05-12 15:33:27,494 [INFO] 1 change detected
2026-05-12 15:33:27,901 [INFO] 1 change detected
2026-05-12 15:33:28,257 [INFO] 1 change detected
2026-05-12 15:33:28,669 [INFO] 1 change detected
2026-05-12 15:33:29,076 [INFO] 1 change detected
2026-05-12 15:33:29,481 [INFO] 1 change detected
2026-05-12 15:33:29,887 [INFO] 1 change detected
2026-05-12 15:33:30,292 [INFO] 1 change detected
2026-05-12 15:33:30,696 [INFO] 1 change detected
2026-05-12 15:33:31,104 [INFO] 1 change detected
2026-05-12 15:33:31,510 [INFO] 1 change detected
2026-05-12 15:33:31,918 [INFO] 1 change detected
2026-05-12 15:33:32,320 [INFO] 1 change detected
2026-05-12 15:33:32,724 [INFO] 1 change detected
2026-05-12 15:33:33,130 [INFO] 1 change detected
2026-05-12 15:33:33,535 [INFO] 1 change detected
2026-05-12 15:33:33,938 [INFO] 1 change detected
2026-05-12 15:33:34,344 [INFO] 1 change detected
2026-05-12 15:33:34,751 [INFO] 1 change detected
2026-05-12 15:33:35,157 [INFO] 1 change detected
2026-05-12 15:33:35,562 [INFO] 1 change detected
2026-05-12 15:33:35,970 [INFO] 1 change detected
2026-05-12 15:33:36,375 [INFO] 1 change detected
2026-05-12 15:33:36,780 [INFO] 1 change detected
2026-05-12 15:33:37,186 [INFO] 1 change detected
2026-05-12 15:33:37,588 [INFO] 1 change detected
2026-05-12 15:33:37,994 [INFO] 1 change detected
2026-05-12 15:33:38,402 [INFO] 1 change detected
2026-05-12 15:33:38,810 [INFO] 1 change detected
2026-05-12 15:33:39,214 [INFO] 1 change detected
2026-05-12 15:33:39,620 [INFO] 1 change detected
2026-05-12 15:33:40,027 [INFO] 1 change detected
2026-05-12 15:33:40,432 [INFO] 1 change detected
2026-05-12 15:33:40,837 [INFO] 1 change detected
2026-05-12 15:33:41,242 [INFO] 1 change detected
2026-05-12 15:33:41,599 [INFO] 1 change detected
2026-05-12 15:33:42,008 [INFO] 1 change detected
2026-05-12 15:33:42,413 [INFO] 1 change detected
2026-05-12 15:33:42,818 [INFO] 1 change detected
2026-05-12 15:33:43,224 [INFO] 1 change detected
2026-05-12 15:33:43,630 [INFO] 1 change detected
2026-05-12 15:33:44,036 [INFO] 1 change detected
2026-05-12 15:33:44,438 [INFO] 1 change detected
2026-05-12 15:33:44,843 [INFO] 1 change detected
2026-05-12 15:33:45,248 [INFO] 1 change detected
2026-05-12 15:33:45,653 [INFO] 1 change detected
2026-05-12 15:33:46,061 [INFO] 1 change detected
2026-05-12 15:33:46,466 [INFO] 1 change detected
2026-05-12 15:33:46,870 [INFO] 1 change detected
2026-05-12 15:33:47,228 [INFO] 1 change detected
2026-05-12 15:33:47,638 [INFO] 1 change detected
2026-05-12 15:33:48,042 [INFO] 1 change detected
2026-05-12 15:33:48,449 [INFO] 1 change detected
2026-05-12 15:33:48,854 [INFO] 1 change detected
2026-05-12 15:33:49,258 [INFO] 1 change detected
2026-05-12 15:33:49,664 [INFO] 1 change detected
2026-05-12 15:33:50,070 [INFO] 1 change detected
2026-05-12 15:33:50,476 [INFO] 1 change detected
2026-05-12 15:33:50,882 [INFO] 1 change detected
2026-05-12 15:33:51,288 [INFO] 1 change detected
2026-05-12 15:33:51,693 [INFO] 1 change detected
2026-05-12 15:33:52,098 [INFO] 1 change detected
2026-05-12 15:33:52,505 [INFO] 1 change detected
2026-05-12 15:33:52,910 [INFO] 1 change detected
2026-05-12 15:33:53,268 [INFO] 1 change detected
2026-05-12 15:33:53,676 [INFO] 1 change detected
2026-05-12 15:33:54,082 [INFO] 1 change detected
2026-05-12 15:33:54,488 [INFO] 1 change detected
2026-05-12 15:33:54,897 [INFO] 1 change detected
2026-05-12 15:33:55,303 [INFO] 1 change detected
2026-05-12 15:33:55,709 [INFO] 1 change detected
2026-05-12 15:33:56,115 [INFO] 1 change detected
2026-05-12 15:33:56,521 [INFO] 1 change detected
2026-05-12 15:33:56,927 [INFO] 1 change detected
2026-05-12 15:33:57,330 [INFO] 1 change detected
2026-05-12 15:33:57,736 [INFO] 1 change detected
2026-05-12 15:33:58,141 [INFO] 1 change detected
2026-05-12 15:33:58,550 [INFO] 1 change detected
2026-05-12 15:33:58,955 [INFO] 1 change detected
2026-05-12 15:33:59,359 [INFO] 1 change detected
2026-05-12 15:33:59,725 [INFO] 1 change detected
2026-05-12 15:34:00,135 [INFO] 1 change detected
2026-05-12 15:34:00,544 [INFO] 1 change detected
2026-05-12 15:34:00,953 [INFO] 1 change detected
2026-05-12 15:34:01,360 [INFO] 1 change detected
2026-05-12 15:34:01,764 [INFO] 1 change detected
2026-05-12 15:34:02,171 [INFO] 1 change detected
2026-05-12 15:34:02,577 [INFO] 1 change detected
2026-05-12 15:34:02,981 [INFO] 1 change detected
2026-05-12 15:34:03,386 [INFO] 1 change detected
2026-05-12 15:34:03,793 [INFO] 1 change detected
2026-05-12 15:34:04,198 [INFO] 1 change detected
2026-05-12 15:34:04,605 [INFO] 1 change detected
2026-05-12 15:34:05,010 [INFO] 1 change detected
2026-05-12 15:34:05,367 [INFO] 1 change detected
2026-05-12 15:34:05,776 [INFO] 1 change detected
2026-05-12 15:34:06,182 [INFO] 1 change detected
2026-05-12 15:34:06,587 [INFO] 1 change detected
2026-05-12 15:34:06,995 [INFO] 1 change detected
2026-05-12 15:34:07,398 [INFO] 1 change detected
2026-05-12 15:34:07,804 [INFO] 1 change detected
2026-05-12 15:34:08,211 [INFO] 1 change detected
2026-05-12 15:34:08,620 [INFO] 1 change detected
2026-05-12 15:34:09,027 [INFO] 1 change detected
2026-05-12 15:34:09,433 [INFO] 1 change detected
2026-05-12 15:34:09,839 [INFO] 1 change detected
2026-05-12 15:34:10,246 [INFO] 1 change detected
2026-05-12 15:34:10,649 [INFO] 1 change detected
2026-05-12 15:34:11,053 [INFO] 1 change detected
2026-05-12 15:34:11,412 [INFO] 1 change detected
2026-05-12 15:34:11,821 [INFO] 1 change detected
2026-05-12 15:34:12,227 [INFO] 1 change detected
2026-05-12 15:34:12,633 [INFO] 1 change detected
2026-05-12 15:34:13,041 [INFO] 1 change detected
2026-05-12 15:34:13,447 [INFO] 1 change detected
2026-05-12 15:34:13,852 [INFO] 1 change detected
2026-05-12 15:34:14,256 [INFO] 1 change detected
2026-05-12 15:34:14,661 [INFO] 1 change detected
2026-05-12 15:34:15,067 [INFO] 1 change detected
2026-05-12 15:34:15,473 [INFO] 1 change detected
2026-05-12 15:34:15,881 [INFO] 1 change detected
2026-05-12 15:34:16,298 [INFO] 1 change detected
2026-05-12 15:34:16,700 [INFO] 1 change detected
2026-05-12 15:34:17,107 [INFO] 1 change detected
2026-05-12 15:34:17,510 [INFO] 1 change detected
2026-05-12 15:34:17,915 [INFO] 1 change detected
2026-05-12 15:34:18,319 [INFO] 1 change detected
2026-05-12 15:34:18,675 [INFO] 1 change detected
2026-05-12 15:34:19,087 [INFO] 1 change detected
2026-05-12 15:34:19,493 [INFO] 1 change detected
2026-05-12 15:34:19,901 [INFO] 1 change detected
2026-05-12 15:34:20,259 [INFO] 1 change detected
2026-05-12 15:34:20,667 [INFO] 1 change detected
2026-05-12 15:34:21,071 [INFO] 1 change detected
2026-05-12 15:34:21,476 [INFO] 1 change detected
2026-05-12 15:34:21,882 [INFO] 1 change detected
2026-05-12 15:34:22,287 [INFO] 1 change detected
2026-05-12 15:34:22,694 [INFO] 1 change detected
2026-05-12 15:34:23,098 [INFO] 1 change detected
2026-05-12 15:34:23,503 [INFO] 1 change detected
2026-05-12 15:34:23,909 [INFO] 1 change detected
2026-05-12 15:34:24,314 [INFO] 1 change detected
2026-05-12 15:34:24,679 [INFO] 1 change detected
2026-05-12 15:34:25,087 [INFO] 1 change detected
2026-05-12 15:34:25,491 [INFO] 1 change detected
2026-05-12 15:34:25,898 [INFO] 1 change detected
2026-05-12 15:34:26,305 [INFO] 1 change detected
2026-05-12 15:34:26,711 [INFO] 1 change detected
2026-05-12 15:34:27,118 [INFO] 1 change detected
2026-05-12 15:34:27,524 [INFO] 1 change detected
2026-05-12 15:34:27,931 [INFO] 1 change detected
2026-05-12 15:34:28,337 [INFO] 1 change detected
2026-05-12 15:34:28,738 [INFO] 1 change detected
2026-05-12 15:34:29,143 [INFO] 1 change detected
2026-05-12 15:34:29,551 [INFO] 1 change detected
2026-05-12 15:34:29,955 [INFO] 1 change detected
2026-05-12 15:34:30,360 [INFO] 1 change detected
2026-05-12 15:34:30,766 [INFO] 1 change detected
2026-05-12 15:34:31,171 [INFO] 1 change detected
2026-05-12 15:34:31,577 [INFO] 1 change detected
2026-05-12 15:34:31,981 [INFO] 1 change detected
2026-05-12 15:34:32,388 [INFO] 1 change detected
2026-05-12 15:34:32,792 [INFO] 1 change detected
2026-05-12 15:34:33,198 [INFO] 1 change detected
2026-05-12 15:34:33,602 [INFO] 1 change detected
2026-05-12 15:34:34,009 [INFO] 1 change detected
2026-05-12 15:34:34,415 [INFO] 1 change detected
2026-05-12 15:34:34,824 [INFO] 1 change detected
2026-05-12 15:34:35,227 [INFO] 1 change detected
2026-05-12 15:34:35,631 [INFO] 1 change detected
2026-05-12 15:34:36,036 [INFO] 1 change detected
2026-05-12 15:34:36,442 [INFO] 1 change detected
2026-05-12 15:34:36,848 [INFO] 1 change detected
2026-05-12 15:34:37,215 [INFO] 1 change detected
2026-05-12 15:34:37,623 [INFO] 1 change detected
2026-05-12 15:34:38,030 [INFO] 1 change detected
2026-05-12 15:34:38,433 [INFO] 1 change detected
2026-05-12 15:34:38,840 [INFO] 1 change detected
2026-05-12 15:34:39,247 [INFO] 1 change detected
2026-05-12 15:34:39,653 [INFO] 1 change detected
2026-05-12 15:34:40,057 [INFO] 1 change detected
2026-05-12 15:34:40,463 [INFO] 1 change detected
2026-05-12 15:34:40,869 [INFO] 1 change detected
2026-05-12 15:34:41,274 [INFO] 1 change detected
2026-05-12 15:34:41,679 [INFO] 1 change detected
2026-05-12 15:34:42,087 [INFO] 1 change detected
2026-05-12 15:34:42,495 [INFO] 1 change detected
2026-05-12 15:34:42,902 [INFO] 1 change detected
2026-05-12 15:34:43,305 [INFO] 1 change detected
2026-05-12 15:34:43,663 [INFO] 1 change detected
2026-05-12 15:34:44,072 [INFO] 1 change detected
2026-05-12 15:34:44,475 [INFO] 1 change detected
2026-05-12 15:34:44,883 [INFO] 1 change detected
2026-05-12 15:34:45,289 [INFO] 1 change detected
2026-05-12 15:34:45,695 [INFO] 1 change detected
2026-05-12 15:34:46,099 [INFO] 1 change detected
2026-05-12 15:34:46,506 [INFO] 1 change detected
2026-05-12 15:34:46,909 [INFO] 1 change detected
2026-05-12 15:34:47,314 [INFO] 1 change detected
2026-05-12 15:34:47,673 [INFO] 1 change detected
2026-05-12 15:34:48,080 [INFO] 1 change detected
2026-05-12 15:34:48,485 [INFO] 1 change detected
2026-05-12 15:34:48,892 [INFO] 1 change detected
2026-05-12 15:34:49,294 [INFO] 1 change detected
2026-05-12 15:34:49,753 [INFO] 1 change detected
2026-05-12 15:34:50,119 [INFO] 1 change detected
2026-05-12 15:34:50,526 [INFO] 1 change detected
2026-05-12 15:34:50,931 [INFO] 1 change detected
2026-05-12 15:34:51,339 [INFO] 1 change detected
2026-05-12 15:34:51,746 [INFO] 1 change detected
2026-05-12 15:34:52,151 [INFO] 1 change detected
2026-05-12 15:34:52,552 [INFO] 1 change detected
2026-05-12 15:34:52,955 [INFO] 1 change detected
2026-05-12 15:34:53,358 [INFO] 1 change detected
2026-05-12 15:34:53,765 [INFO] 1 change detected
2026-05-12 15:34:54,170 [INFO] 1 change detected
2026-05-12 15:34:54,577 [INFO] 1 change detected
2026-05-12 15:34:54,981 [INFO] 1 change detected
2026-05-12 15:34:55,387 [INFO] 1 change detected
2026-05-12 15:34:55,793 [INFO] 1 change detected
2026-05-12 15:34:56,198 [INFO] 1 change detected
2026-05-12 15:34:56,603 [INFO] 1 change detected
2026-05-12 15:34:57,009 [INFO] 1 change detected
2026-05-12 15:34:57,414 [INFO] 1 change detected
2026-05-12 15:34:57,819 [INFO] 1 change detected
2026-05-12 15:34:58,224 [INFO] 1 change detected
2026-05-12 15:34:58,631 [INFO] 1 change detected
2026-05-12 15:34:58,988 [INFO] 1 change detected
2026-05-12 15:34:59,403 [INFO] 1 change detected
2026-05-12 15:34:59,809 [INFO] 1 change detected
2026-05-12 15:35:00,216 [INFO] 1 change detected
2026-05-12 15:35:00,624 [INFO] 1 change detected
2026-05-12 15:35:01,031 [INFO] 1 change detected
2026-05-12 15:35:01,387 [INFO] 1 change detected
2026-05-12 15:35:01,797 [INFO] 1 change detected
2026-05-12 15:35:02,204 [INFO] 1 change detected
2026-05-12 15:35:02,611 [INFO] 1 change detected
2026-05-12 15:35:03,016 [INFO] 1 change detected
2026-05-12 15:35:03,419 [INFO] 1 change detected
2026-05-12 15:35:03,822 [INFO] 1 change detected
2026-05-12 15:35:04,227 [INFO] 1 change detected
2026-05-12 15:35:04,632 [INFO] 1 change detected
2026-05-12 15:35:05,037 [INFO] 1 change detected
2026-05-12 15:35:05,443 [INFO] 1 change detected
2026-05-12 15:35:05,847 [INFO] 1 change detected
2026-05-12 15:35:06,251 [INFO] 1 change detected
2026-05-12 15:35:06,656 [INFO] 1 change detected
2026-05-12 15:35:07,060 [INFO] 1 change detected
2026-05-12 15:35:07,465 [INFO] 1 change detected
2026-05-12 15:35:07,871 [INFO] 1 change detected
2026-05-12 15:35:08,228 [INFO] 1 change detected
2026-05-12 15:35:08,635 [INFO] 1 change detected
2026-05-12 15:35:09,041 [INFO] 1 change detected
2026-05-12 15:35:09,447 [INFO] 1 change detected
2026-05-12 15:35:09,849 [INFO] 1 change detected
2026-05-12 15:35:10,256 [INFO] 1 change detected
2026-05-12 15:35:10,663 [INFO] 1 change detected
2026-05-12 15:35:11,069 [INFO] 1 change detected
2026-05-12 15:35:11,474 [INFO] 1 change detected
2026-05-12 15:35:11,878 [INFO] 1 change detected
2026-05-12 15:35:12,285 [INFO] 1 change detected
2026-05-12 15:35:12,687 [INFO] 1 change detected
2026-05-12 15:35:13,044 [INFO] 1 change detected
2026-05-12 15:35:13,454 [INFO] 1 change detected
2026-05-12 15:35:13,869 [INFO] 1 change detected
2026-05-12 15:35:14,275 [INFO] 1 change detected
2026-05-12 15:35:14,679 [INFO] 1 change detected
2026-05-12 15:35:15,085 [INFO] 1 change detected
2026-05-12 15:35:15,488 [INFO] 1 change detected
2026-05-12 15:35:15,894 [INFO] 1 change detected
2026-05-12 15:35:16,258 [INFO] 1 change detected
2026-05-12 15:35:16,668 [INFO] 1 change detected
2026-05-12 15:35:17,075 [INFO] 1 change detected
2026-05-12 15:35:17,487 [INFO] 1 change detected
2026-05-12 15:35:17,900 [INFO] 1 change detected
2026-05-12 15:35:18,305 [INFO] 1 change detected
2026-05-12 15:35:18,709 [INFO] 1 change detected
2026-05-12 15:35:19,114 [INFO] 1 change detected
2026-05-12 15:35:19,520 [INFO] 1 change detected
2026-05-12 15:35:19,927 [INFO] 1 change detected
2026-05-12 15:35:20,333 [INFO] 1 change detected
2026-05-12 15:35:20,741 [INFO] 1 change detected
2026-05-12 15:35:21,145 [INFO] 1 change detected
2026-05-12 15:35:21,548 [INFO] 1 change detected
2026-05-12 15:35:21,951 [INFO] 1 change detected
2026-05-12 15:35:22,357 [INFO] 1 change detected
2026-05-12 15:35:22,762 [INFO] 1 change detected
2026-05-12 15:35:23,120 [INFO] 1 change detected
2026-05-12 15:35:23,532 [INFO] 1 change detected
2026-05-12 15:35:23,937 [INFO] 1 change detected
2026-05-12 15:35:24,342 [INFO] 1 change detected
2026-05-12 15:35:24,747 [INFO] 1 change detected
2026-05-12 15:35:25,153 [INFO] 1 change detected
2026-05-12 15:35:25,561 [INFO] 1 change detected
2026-05-12 15:35:25,966 [INFO] 1 change detected
2026-05-12 15:35:26,371 [INFO] 1 change detected
2026-05-12 15:35:26,775 [INFO] 1 change detected
2026-05-12 15:35:27,182 [INFO] 1 change detected
2026-05-12 15:35:27,584 [INFO] 1 change detected
2026-05-12 15:35:27,937 [INFO] 1 change detected
2026-05-12 15:35:28,296 [INFO] 1 change detected
2026-05-12 15:35:28,654 [INFO] 1 change detected
2026-05-12 15:35:29,010 [INFO] 1 change detected
2026-05-12 15:35:29,366 [INFO] 1 change detected
2026-05-12 15:35:29,725 [INFO] 1 change detected
2026-05-12 15:35:30,081 [INFO] 1 change detected
2026-05-12 15:35:30,440 [INFO] 1 change detected
2026-05-12 15:35:30,800 [INFO] 1 change detected
2026-05-12 15:35:31,157 [INFO] 1 change detected
2026-05-12 15:35:31,566 [INFO] 1 change detected
2026-05-12 15:35:31,970 [INFO] 1 change detected
2026-05-12 15:35:32,378 [INFO] 1 change detected
2026-05-12 15:35:32,781 [INFO] 1 change detected
2026-05-12 15:35:33,184 [INFO] 1 change detected
2026-05-12 15:35:33,593 [INFO] 1 change detected
2026-05-12 15:35:33,996 [INFO] 1 change detected
2026-05-12 15:35:34,402 [INFO] 1 change detected
2026-05-12 15:35:34,806 [INFO] 1 change detected
2026-05-12 15:35:35,209 [INFO] 1 change detected
2026-05-12 15:35:35,616 [INFO] 1 change detected
2026-05-12 15:35:36,024 [INFO] 1 change detected
2026-05-12 15:35:36,385 [INFO] 1 change detected
2026-05-12 15:35:36,792 [INFO] 1 change detected
2026-05-12 15:35:37,198 [INFO] 1 change detected
2026-05-12 15:35:37,604 [INFO] 1 change detected
2026-05-12 15:35:38,013 [INFO] 1 change detected
2026-05-12 15:35:38,417 [INFO] 1 change detected
2026-05-12 15:35:38,823 [INFO] 1 change detected
2026-05-12 15:35:39,227 [INFO] 1 change detected
2026-05-12 15:35:39,633 [INFO] 1 change detected
2026-05-12 15:35:40,037 [INFO] 1 change detected
2026-05-12 15:35:40,440 [INFO] 1 change detected
2026-05-12 15:35:40,845 [INFO] 1 change detected
2026-05-12 15:35:41,248 [INFO] 1 change detected
2026-05-12 15:35:41,651 [INFO] 1 change detected
2026-05-12 15:35:42,056 [INFO] 1 change detected
2026-05-12 15:35:42,412 [INFO] 1 change detected
2026-05-12 15:35:42,820 [INFO] 1 change detected
2026-05-12 15:35:43,231 [INFO] 1 change detected
2026-05-12 15:35:43,639 [INFO] 1 change detected
2026-05-12 15:35:44,040 [INFO] 1 change detected
2026-05-12 15:35:44,441 [INFO] 1 change detected
2026-05-12 15:35:44,848 [INFO] 1 change detected
2026-05-12 15:35:45,213 [INFO] 1 change detected
2026-05-12 15:35:45,622 [INFO] 1 change detected
2026-05-12 15:35:46,027 [INFO] 1 change detected
2026-05-12 15:35:46,434 [INFO] 1 change detected
2026-05-12 15:35:46,801 [INFO] 1 change detected
2026-05-12 15:35:47,211 [INFO] 1 change detected
2026-05-12 15:35:47,616 [INFO] 1 change detected
2026-05-12 15:35:48,020 [INFO] 1 change detected
2026-05-12 15:35:48,427 [INFO] 1 change detected
2026-05-12 15:35:48,831 [INFO] 1 change detected
2026-05-12 15:35:49,234 [INFO] 1 change detected
2026-05-12 15:35:49,638 [INFO] 1 change detected
2026-05-12 15:35:50,040 [INFO] 1 change detected
2026-05-12 15:35:50,445 [INFO] 1 change detected
2026-05-12 15:35:50,852 [INFO] 1 change detected
2026-05-12 15:35:51,259 [INFO] 1 change detected
2026-05-12 15:35:51,665 [INFO] 1 change detected
2026-05-12 15:35:52,071 [INFO] 1 change detected
2026-05-12 15:35:52,428 [INFO] 1 change detected
2026-05-12 15:35:52,837 [INFO] 1 change detected
2026-05-12 15:35:53,243 [INFO] 1 change detected
2026-05-12 15:35:53,649 [INFO] 1 change detected
2026-05-12 15:35:54,054 [INFO] 1 change detected
2026-05-12 15:35:54,459 [INFO] 1 change detected
2026-05-12 15:35:54,864 [INFO] 1 change detected
2026-05-12 15:35:55,269 [INFO] 1 change detected
2026-05-12 15:35:55,676 [INFO] 1 change detected
2026-05-12 15:35:56,083 [INFO] 1 change detected
2026-05-12 15:35:56,486 [INFO] 1 change detected
2026-05-12 15:35:56,890 [INFO] 1 change detected
2026-05-12 15:35:57,296 [INFO] 1 change detected
2026-05-12 15:35:57,698 [INFO] 1 change detected
2026-05-12 15:35:58,106 [INFO] 1 change detected
2026-05-12 15:35:58,512 [INFO] 1 change detected
2026-05-12 15:35:58,868 [INFO] 1 change detected
2026-05-12 15:35:59,276 [INFO] 1 change detected
2026-05-12 15:35:59,678 [INFO] 1 change detected
2026-05-12 15:36:00,084 [INFO] 1 change detected
2026-05-12 15:36:00,489 [INFO] 1 change detected
2026-05-12 15:36:00,895 [INFO] 1 change detected
2026-05-12 15:36:01,299 [INFO] 1 change detected
2026-05-12 15:36:01,705 [INFO] 1 change detected
2026-05-12 15:36:02,108 [INFO] 1 change detected
2026-05-12 15:36:02,514 [INFO] 1 change detected
2026-05-12 15:36:02,920 [INFO] 1 change detected
2026-05-12 15:36:03,336 [INFO] 1 change detected
2026-05-12 15:36:03,739 [INFO] 1 change detected
2026-05-12 15:36:04,144 [INFO] 1 change detected
2026-05-12 15:36:04,550 [INFO] 1 change detected
2026-05-12 15:36:04,954 [INFO] 1 change detected
2026-05-12 15:36:05,311 [INFO] 1 change detected
2026-05-12 15:36:05,718 [INFO] 1 change detected
2026-05-12 15:36:06,124 [INFO] 1 change detected
2026-05-12 15:36:06,531 [INFO] 1 change detected
2026-05-12 15:36:06,935 [INFO] 1 change detected
2026-05-12 15:36:07,338 [INFO] 1 change detected
2026-05-12 15:36:07,744 [INFO] 1 change detected
2026-05-12 15:36:08,147 [INFO] 1 change detected
2026-05-12 15:36:08,553 [INFO] 1 change detected
2026-05-12 15:36:08,956 [INFO] 1 change detected
2026-05-12 15:36:09,363 [INFO] 1 change detected
2026-05-12 15:36:09,766 [INFO] 1 change detected
2026-05-12 15:36:10,174 [INFO] 1 change detected
2026-05-12 15:36:10,578 [INFO] 1 change detected
2026-05-12 15:36:10,985 [INFO] 1 change detected
2026-05-12 15:36:11,389 [INFO] 1 change detected
2026-05-12 15:36:11,794 [INFO] 1 change detected
2026-05-12 15:36:12,198 [INFO] 1 change detected
2026-05-12 15:36:12,604 [INFO] 1 change detected
2026-05-12 15:36:13,013 [INFO] 1 change detected
2026-05-12 15:36:13,421 [INFO] 1 change detected
2026-05-12 15:36:13,826 [INFO] 1 change detected
2026-05-12 15:36:14,232 [INFO] 1 change detected
2026-05-12 15:36:14,637 [INFO] 1 change detected
2026-05-12 15:36:15,043 [INFO] 1 change detected
2026-05-12 15:36:15,448 [INFO] 1 change detected
2026-05-12 15:36:15,854 [INFO] 1 change detected
2026-05-12 15:36:16,260 [INFO] 1 change detected
2026-05-12 15:36:16,665 [INFO] 1 change detected
2026-05-12 15:36:17,021 [INFO] 1 change detected
2026-05-12 15:36:17,431 [INFO] 1 change detected
2026-05-12 15:36:17,834 [INFO] 1 change detected
2026-05-12 15:36:18,236 [INFO] 1 change detected
2026-05-12 15:36:18,640 [INFO] 1 change detected
2026-05-12 15:36:19,046 [INFO] 1 change detected
2026-05-12 15:36:19,452 [INFO] 1 change detected
2026-05-12 15:36:19,861 [INFO] 1 change detected
2026-05-12 15:36:20,265 [INFO] 1 change detected
2026-05-12 15:36:20,671 [INFO] 1 change detected
2026-05-12 15:36:21,078 [INFO] 1 change detected
2026-05-12 15:36:21,483 [INFO] 1 change detected
2026-05-12 15:36:21,887 [INFO] 1 change detected
2026-05-12 15:36:22,292 [INFO] 1 change detected
2026-05-12 15:36:22,695 [INFO] 1 change detected
2026-05-12 15:36:23,100 [INFO] 1 change detected
2026-05-12 15:36:23,508 [INFO] 1 change detected
2026-05-12 15:36:23,915 [INFO] 1 change detected
2026-05-12 15:36:24,320 [INFO] 1 change detected
2026-05-12 15:36:24,725 [INFO] 1 change detected
2026-05-12 15:36:25,128 [INFO] 1 change detected
2026-05-12 15:36:25,485 [INFO] 1 change detected
2026-05-12 15:36:25,895 [INFO] 1 change detected
2026-05-12 15:36:26,301 [INFO] 1 change detected
2026-05-12 15:36:26,707 [INFO] 1 change detected
2026-05-12 15:36:27,111 [INFO] 1 change detected
2026-05-12 15:36:27,515 [INFO] 1 change detected
2026-05-12 15:36:27,922 [INFO] 1 change detected
2026-05-12 15:36:28,328 [INFO] 1 change detected
2026-05-12 15:36:28,732 [INFO] 1 change detected
2026-05-12 15:36:29,136 [INFO] 1 change detected
2026-05-12 15:36:29,540 [INFO] 1 change detected
2026-05-12 15:36:29,948 [INFO] 1 change detected
2026-05-12 15:36:30,352 [INFO] 1 change detected
2026-05-12 15:36:30,756 [INFO] 1 change detected
2026-05-12 15:36:31,162 [INFO] 1 change detected
2026-05-12 15:36:31,566 [INFO] 1 change detected
2026-05-12 15:36:31,983 [INFO] 1 change detected
2026-05-12 15:36:32,389 [INFO] 1 change detected
2026-05-12 15:36:32,794 [INFO] 1 change detected
2026-05-12 15:36:33,199 [INFO] 1 change detected
2026-05-12 15:36:33,605 [INFO] 1 change detected
2026-05-12 15:36:34,010 [INFO] 1 change detected
2026-05-12 15:36:34,415 [INFO] 1 change detected
2026-05-12 15:36:34,821 [INFO] 1 change detected
2026-05-12 15:36:35,223 [INFO] 1 change detected
2026-05-12 15:36:35,634 [INFO] 1 change detected
2026-05-12 15:36:36,036 [INFO] 1 change detected
2026-05-12 15:36:36,438 [INFO] 1 change detected
2026-05-12 15:36:36,844 [INFO] 1 change detected
2026-05-12 15:36:37,248 [INFO] 1 change detected
2026-05-12 15:36:37,651 [INFO] 1 change detected
2026-05-12 15:36:38,054 [INFO] 1 change detected
2026-05-12 15:36:38,459 [INFO] 1 change detected
2026-05-12 15:36:38,862 [INFO] 1 change detected
2026-05-12 15:36:39,270 [INFO] 1 change detected
2026-05-12 15:36:39,676 [INFO] 1 change detected
2026-05-12 15:36:40,034 [INFO] 1 change detected
2026-05-12 15:36:40,442 [INFO] 1 change detected
2026-05-12 15:36:40,852 [INFO] 1 change detected
2026-05-12 15:36:41,255 [INFO] 1 change detected
2026-05-12 15:36:41,657 [INFO] 1 change detected
2026-05-12 15:36:42,066 [INFO] 1 change detected
2026-05-12 15:36:42,471 [INFO] 1 change detected
2026-05-12 15:36:42,827 [INFO] 1 change detected
2026-05-12 15:36:43,238 [INFO] 1 change detected
2026-05-12 15:36:43,645 [INFO] 1 change detected
2026-05-12 15:36:44,051 [INFO] 1 change detected
2026-05-12 15:36:44,456 [INFO] 1 change detected
2026-05-12 15:36:44,864 [INFO] 1 change detected
2026-05-12 15:36:45,266 [INFO] 1 change detected
2026-05-12 15:36:45,670 [INFO] 1 change detected
2026-05-12 15:36:46,075 [INFO] 1 change detected
2026-05-12 15:36:46,480 [INFO] 1 change detected
2026-05-12 15:36:46,887 [INFO] 1 change detected
2026-05-12 15:36:47,289 [INFO] 1 change detected
2026-05-12 15:36:47,694 [INFO] 1 change detected
2026-05-12 15:36:48,099 [INFO] 1 change detected
2026-05-12 15:36:48,504 [INFO] 1 change detected
2026-05-12 15:36:48,907 [INFO] 1 change detected
2026-05-12 15:36:49,313 [INFO] 1 change detected
2026-05-12 15:36:49,715 [INFO] 1 change detected
2026-05-12 15:36:50,122 [INFO] 1 change detected
2026-05-12 15:36:50,528 [INFO] 1 change detected
2026-05-12 15:36:50,933 [INFO] 1 change detected
2026-05-12 15:36:51,336 [INFO] 1 change detected
2026-05-12 15:36:51,694 [INFO] 1 change detected
2026-05-12 15:36:52,104 [INFO] 1 change detected
2026-05-12 15:36:52,508 [INFO] 1 change detected
2026-05-12 15:36:52,914 [INFO] 1 change detected
2026-05-12 15:36:53,322 [INFO] 1 change detected
2026-05-12 15:36:53,727 [INFO] 1 change detected
2026-05-12 15:36:54,131 [INFO] 1 change detected
2026-05-12 15:36:54,536 [INFO] 1 change detected
2026-05-12 15:36:54,940 [INFO] 1 change detected
2026-05-12 15:36:55,347 [INFO] 1 change detected
2026-05-12 15:36:55,753 [INFO] 1 change detected
2026-05-12 15:36:56,158 [INFO] 1 change detected
2026-05-12 15:36:56,565 [INFO] 1 change detected
2026-05-12 15:36:56,975 [INFO] 1 change detected
2026-05-12 15:36:57,381 [INFO] 1 change detected
2026-05-12 15:36:57,787 [INFO] 1 change detected
2026-05-12 15:36:58,192 [INFO] 1 change detected
2026-05-12 15:36:58,595 [INFO] 1 change detected
2026-05-12 15:36:59,000 [INFO] 1 change detected
2026-05-12 15:36:59,406 [INFO] 1 change detected
2026-05-12 15:36:59,764 [INFO] 1 change detected
2026-05-12 15:37:00,173 [INFO] 1 change detected
2026-05-12 15:37:00,579 [INFO] 1 change detected
2026-05-12 15:37:00,983 [INFO] 1 change detected
2026-05-12 15:37:01,388 [INFO] 1 change detected
2026-05-12 15:37:01,793 [INFO] 1 change detected
2026-05-12 15:37:02,210 [INFO] 1 change detected
2026-05-12 15:37:02,616 [INFO] 1 change detected
2026-05-12 15:37:02,972 [INFO] 1 change detected
2026-05-12 15:37:03,381 [INFO] 1 change detected
2026-05-12 15:37:03,786 [INFO] 1 change detected
2026-05-12 15:37:04,191 [INFO] 1 change detected
2026-05-12 15:37:04,599 [INFO] 1 change detected
2026-05-12 15:37:05,003 [INFO] 1 change detected
2026-05-12 15:37:05,411 [INFO] 1 change detected
2026-05-12 15:37:05,817 [INFO] 1 change detected
2026-05-12 15:37:06,222 [INFO] 1 change detected
2026-05-12 15:37:06,627 [INFO] 1 change detected
2026-05-12 15:37:06,983 [INFO] 1 change detected
2026-05-12 15:37:07,389 [INFO] 1 change detected
2026-05-12 15:37:07,795 [INFO] 1 change detected
2026-05-12 15:37:08,205 [INFO] 1 change detected
2026-05-12 15:37:08,609 [INFO] 1 change detected
2026-05-12 15:37:09,015 [INFO] 1 change detected
2026-05-12 15:37:09,371 [INFO] 1 change detected
2026-05-12 15:37:09,782 [INFO] 1 change detected
2026-05-12 15:37:10,186 [INFO] 1 change detected
2026-05-12 15:37:10,590 [INFO] 1 change detected
2026-05-12 15:37:10,994 [INFO] 1 change detected
2026-05-12 15:37:11,401 [INFO] 1 change detected
2026-05-12 15:37:11,806 [INFO] 1 change detected
2026-05-12 15:37:12,212 [INFO] 1 change detected
2026-05-12 15:37:12,617 [INFO] 1 change detected
2026-05-12 15:37:12,973 [INFO] 1 change detected
2026-05-12 15:37:13,378 [INFO] 1 change detected
2026-05-12 15:37:13,785 [INFO] 1 change detected
2026-05-12 15:37:14,192 [INFO] 1 change detected
2026-05-12 15:37:14,599 [INFO] 1 change detected
2026-05-12 15:37:15,002 [INFO] 1 change detected
2026-05-12 15:37:15,409 [INFO] 1 change detected
2026-05-12 15:37:15,816 [INFO] 1 change detected
2026-05-12 15:37:16,220 [INFO] 1 change detected
2026-05-12 15:37:16,626 [INFO] 1 change detected
2026-05-12 15:37:17,031 [INFO] 1 change detected
2026-05-12 15:37:17,437 [INFO] 1 change detected
2026-05-12 15:37:17,843 [INFO] 1 change detected
2026-05-12 15:37:18,247 [INFO] 1 change detected
2026-05-12 15:37:18,612 [INFO] 1 change detected
2026-05-12 15:37:19,020 [INFO] 1 change detected
2026-05-12 15:37:19,424 [INFO] 1 change detected
2026-05-12 15:37:19,832 [INFO] 1 change detected
2026-05-12 15:37:20,242 [INFO] 1 change detected
2026-05-12 15:37:20,650 [INFO] 1 change detected
2026-05-12 15:37:21,053 [INFO] 1 change detected
2026-05-12 15:37:21,460 [INFO] 1 change detected
2026-05-12 15:37:21,862 [INFO] 1 change detected
2026-05-12 15:37:22,268 [INFO] 1 change detected
2026-05-12 15:37:22,673 [INFO] 1 change detected
2026-05-12 15:37:23,078 [INFO] 1 change detected
2026-05-12 15:37:23,482 [INFO] 1 change detected
2026-05-12 15:37:23,886 [INFO] 1 change detected
2026-05-12 15:37:24,290 [INFO] 1 change detected
2026-05-12 15:37:24,694 [INFO] 1 change detected
2026-05-12 15:37:25,098 [INFO] 1 change detected
2026-05-12 15:37:25,503 [INFO] 1 change detected
2026-05-12 15:37:25,861 [INFO] 1 change detected
2026-05-12 15:37:26,272 [INFO] 1 change detected
2026-05-12 15:37:26,676 [INFO] 1 change detected
2026-05-12 15:37:27,079 [INFO] 1 change detected
2026-05-12 15:37:27,483 [INFO] 1 change detected
2026-05-12 15:37:27,885 [INFO] 1 change detected
2026-05-12 15:37:28,299 [INFO] 1 change detected
2026-05-12 15:37:28,703 [INFO] 1 change detected
2026-05-12 15:37:29,108 [INFO] 1 change detected
2026-05-12 15:37:29,512 [INFO] 1 change detected
2026-05-12 15:37:29,866 [INFO] 1 change detected
2026-05-12 15:37:30,277 [INFO] 1 change detected
2026-05-12 15:37:30,683 [INFO] 1 change detected
2026-05-12 15:37:31,088 [INFO] 1 change detected
2026-05-12 15:37:31,493 [INFO] 1 change detected
2026-05-12 15:37:31,898 [INFO] 1 change detected
2026-05-12 15:37:32,303 [INFO] 1 change detected
2026-05-12 15:37:32,710 [INFO] 1 change detected
2026-05-12 15:37:33,113 [INFO] 1 change detected
2026-05-12 15:37:33,521 [INFO] 1 change detected
2026-05-12 15:37:33,876 [INFO] 1 change detected
2026-05-12 15:37:34,287 [INFO] 1 change detected
2026-05-12 15:37:34,693 [INFO] 1 change detected
2026-05-12 15:37:35,097 [INFO] 1 change detected
2026-05-12 15:37:35,502 [INFO] 1 change detected
2026-05-12 15:37:35,906 [INFO] 1 change detected
2026-05-12 15:37:36,311 [INFO] 1 change detected
2026-05-12 15:37:36,764 [INFO] 1 change detected
2026-05-12 15:37:37,118 [INFO] 1 change detected
2026-05-12 15:37:37,528 [INFO] 1 change detected
2026-05-12 15:37:37,938 [INFO] 1 change detected
2026-05-12 15:37:38,340 [INFO] 1 change detected
2026-05-12 15:37:38,744 [INFO] 1 change detected
2026-05-12 15:37:39,148 [INFO] 1 change detected
2026-05-12 15:37:39,552 [INFO] 1 change detected
2026-05-12 15:37:39,957 [INFO] 1 change detected
2026-05-12 15:37:40,362 [INFO] 1 change detected
2026-05-12 15:37:40,765 [INFO] 1 change detected
2026-05-12 15:37:41,169 [INFO] 1 change detected
2026-05-12 15:37:41,574 [INFO] 1 change detected
2026-05-12 15:37:41,981 [INFO] 1 change detected
2026-05-12 15:37:42,389 [INFO] 1 change detected
2026-05-12 15:37:42,793 [INFO] 1 change detected
2026-05-12 15:37:43,154 [INFO] 1 change detected
2026-05-12 15:37:43,564 [INFO] 1 change detected
2026-05-12 15:37:43,979 [INFO] 1 change detected
2026-05-12 15:37:44,335 [INFO] 1 change detected
2026-05-12 15:37:44,747 [INFO] 1 change detected
2026-05-12 15:37:45,153 [INFO] 1 change detected
2026-05-12 15:37:45,561 [INFO] 1 change detected
2026-05-12 15:37:45,964 [INFO] 1 change detected
2026-05-12 15:37:46,369 [INFO] 1 change detected
2026-05-12 15:37:46,773 [INFO] 1 change detected
2026-05-12 15:37:47,181 [INFO] 1 change detected
2026-05-12 15:37:47,588 [INFO] 1 change detected
2026-05-12 15:37:47,943 [INFO] 1 change detected
2026-05-12 15:37:48,352 [INFO] 1 change detected
2026-05-12 15:37:48,758 [INFO] 1 change detected
2026-05-12 15:37:49,166 [INFO] 1 change detected
2026-05-12 15:37:49,571 [INFO] 1 change detected
2026-05-12 15:37:49,977 [INFO] 1 change detected
2026-05-12 15:37:50,380 [INFO] 1 change detected
2026-05-12 15:37:50,786 [INFO] 1 change detected
2026-05-12 15:37:51,191 [INFO] 1 change detected
2026-05-12 15:37:51,599 [INFO] 1 change detected
2026-05-12 15:37:52,006 [INFO] 1 change detected
2026-05-12 15:37:52,410 [INFO] 1 change detected
2026-05-12 15:37:52,817 [INFO] 1 change detected
2026-05-12 15:37:53,224 [INFO] 1 change detected
2026-05-12 15:37:53,628 [INFO] 1 change detected
2026-05-12 15:37:54,035 [INFO] 1 change detected
2026-05-12 15:37:54,440 [INFO] 1 change detected
2026-05-12 15:37:54,845 [INFO] 1 change detected
2026-05-12 15:37:55,247 [INFO] 1 change detected
2026-05-12 15:37:55,652 [INFO] 1 change detected
2026-05-12 15:37:56,056 [INFO] 1 change detected
2026-05-12 15:37:56,413 [INFO] 1 change detected
2026-05-12 15:37:56,822 [INFO] 1 change detected
2026-05-12 15:37:57,225 [INFO] 1 change detected
2026-05-12 15:37:57,628 [INFO] 1 change detected
2026-05-12 15:37:58,035 [INFO] 1 change detected
2026-05-12 15:37:58,441 [INFO] 1 change detected
2026-05-12 15:37:58,845 [INFO] 1 change detected
2026-05-12 15:37:59,249 [INFO] 1 change detected
2026-05-12 15:37:59,652 [INFO] 1 change detected
2026-05-12 15:38:00,059 [INFO] 1 change detected
2026-05-12 15:38:00,466 [INFO] 1 change detected
2026-05-12 15:38:00,825 [INFO] 1 change detected
2026-05-12 15:38:01,237 [INFO] 1 change detected
2026-05-12 15:38:01,644 [INFO] 1 change detected
2026-05-12 15:38:02,050 [INFO] 1 change detected
2026-05-12 15:38:02,457 [INFO] 1 change detected
2026-05-12 15:38:02,859 [INFO] 1 change detected
2026-05-12 15:38:03,268 [INFO] 1 change detected
2026-05-12 15:38:03,675 [INFO] 1 change detected
2026-05-12 15:38:04,078 [INFO] 1 change detected
2026-05-12 15:38:04,437 [INFO] 1 change detected
2026-05-12 15:38:04,847 [INFO] 1 change detected
2026-05-12 15:38:05,263 [INFO] 1 change detected
2026-05-12 15:38:05,666 [INFO] 1 change detected
2026-05-12 15:38:06,071 [INFO] 1 change detected
2026-05-12 15:38:06,479 [INFO] 1 change detected
2026-05-12 15:38:06,884 [INFO] 1 change detected
2026-05-12 15:38:07,290 [INFO] 1 change detected
2026-05-12 15:38:07,696 [INFO] 1 change detected
2026-05-12 15:38:08,103 [INFO] 1 change detected
2026-05-12 15:38:08,506 [INFO] 1 change detected
2026-05-12 15:38:08,911 [INFO] 1 change detected
2026-05-12 15:38:09,313 [INFO] 1 change detected
2026-05-12 15:38:09,720 [INFO] 1 change detected
2026-05-12 15:38:10,125 [INFO] 1 change detected
2026-05-12 15:38:10,529 [INFO] 1 change detected
2026-05-12 15:38:10,935 [INFO] 1 change detected
2026-05-12 15:38:11,340 [INFO] 1 change detected
2026-05-12 15:38:11,699 [INFO] 1 change detected
2026-05-12 15:38:12,106 [INFO] 1 change detected
2026-05-12 15:38:12,512 [INFO] 1 change detected
2026-05-12 15:38:12,919 [INFO] 1 change detected
2026-05-12 15:38:13,324 [INFO] 1 change detected
2026-05-12 15:38:13,729 [INFO] 1 change detected
2026-05-12 15:38:14,135 [INFO] 1 change detected
2026-05-12 15:38:14,539 [INFO] 1 change detected
2026-05-12 15:38:14,943 [INFO] 1 change detected
2026-05-12 15:38:15,300 [INFO] 1 change detected
2026-05-12 15:38:15,710 [INFO] 1 change detected
2026-05-12 15:38:16,116 [INFO] 1 change detected
2026-05-12 15:38:16,517 [INFO] 1 change detected
2026-05-12 15:38:16,925 [INFO] 1 change detected
2026-05-12 15:38:17,329 [INFO] 1 change detected
2026-05-12 15:38:17,734 [INFO] 1 change detected
2026-05-12 15:38:18,139 [INFO] 1 change detected
2026-05-12 15:38:18,547 [INFO] 1 change detected
2026-05-12 15:38:18,955 [INFO] 1 change detected
2026-05-12 15:38:19,359 [INFO] 1 change detected
2026-05-12 15:38:19,764 [INFO] 1 change detected
2026-05-12 15:38:20,168 [INFO] 1 change detected
2026-05-12 15:38:20,574 [INFO] 1 change detected
2026-05-12 15:38:20,978 [INFO] 1 change detected
2026-05-12 15:38:21,333 [INFO] 1 change detected
2026-05-12 15:38:21,742 [INFO] 1 change detected
2026-05-12 15:38:22,151 [INFO] 1 change detected
2026-05-12 15:38:22,557 [INFO] 1 change detected
2026-05-12 15:38:22,960 [INFO] 1 change detected
2026-05-12 15:38:23,367 [INFO] 1 change detected
2026-05-12 15:38:23,775 [INFO] 1 change detected
2026-05-12 15:38:24,178 [INFO] 1 change detected
2026-05-12 15:38:24,582 [INFO] 1 change detected
2026-05-12 15:38:24,984 [INFO] 1 change detected
2026-05-12 15:38:25,391 [INFO] 1 change detected
2026-05-12 15:38:25,795 [INFO] 1 change detected
2026-05-12 15:38:26,201 [INFO] 1 change detected
2026-05-12 15:38:26,605 [INFO] 1 change detected
2026-05-12 15:38:27,011 [INFO] 1 change detected
2026-05-12 15:38:27,416 [INFO] 1 change detected
2026-05-12 15:38:27,823 [INFO] 1 change detected
2026-05-12 15:38:28,229 [INFO] 1 change detected
2026-05-12 15:38:28,582 [INFO] 1 change detected
2026-05-12 15:38:28,993 [INFO] 1 change detected
2026-05-12 15:38:29,398 [INFO] 1 change detected
2026-05-12 15:38:29,801 [INFO] 1 change detected
2026-05-12 15:38:30,210 [INFO] 1 change detected
2026-05-12 15:38:30,618 [INFO] 1 change detected
2026-05-12 15:38:31,023 [INFO] 1 change detected
2026-05-12 15:38:31,429 [INFO] 1 change detected
2026-05-12 15:38:31,784 [INFO] 1 change detected
2026-05-12 15:38:32,194 [INFO] 1 change detected
2026-05-12 15:38:32,602 [INFO] 1 change detected
2026-05-12 15:38:33,007 [INFO] 1 change detected
2026-05-12 15:38:33,412 [INFO] 1 change detected
2026-05-12 15:38:33,817 [INFO] 1 change detected
2026-05-12 15:38:34,222 [INFO] 1 change detected
2026-05-12 15:38:34,626 [INFO] 1 change detected
2026-05-12 15:38:35,029 [INFO] 1 change detected
2026-05-12 15:38:35,436 [INFO] 1 change detected
2026-05-12 15:38:35,843 [INFO] 1 change detected
2026-05-12 15:38:36,249 [INFO] 1 change detected
2026-05-12 15:38:36,654 [INFO] 1 change detected
2026-05-12 15:38:37,057 [INFO] 1 change detected
2026-05-12 15:38:37,464 [INFO] 1 change detected
2026-05-12 15:38:37,872 [INFO] 1 change detected
2026-05-12 15:38:38,274 [INFO] 1 change detected
2026-05-12 15:38:38,678 [INFO] 1 change detected
2026-05-12 15:38:39,087 [INFO] 1 change detected
2026-05-12 15:38:39,491 [INFO] 1 change detected
2026-05-12 15:38:39,895 [INFO] 1 change detected
2026-05-12 15:38:40,296 [INFO] 1 change detected
2026-05-12 15:38:40,699 [INFO] 1 change detected
2026-05-12 15:38:41,104 [INFO] 1 change detected
2026-05-12 15:38:41,509 [INFO] 1 change detected
2026-05-12 15:38:41,913 [INFO] 1 change detected
2026-05-12 15:38:42,320 [INFO] 1 change detected
2026-05-12 15:38:42,723 [INFO] 1 change detected
2026-05-12 15:38:43,129 [INFO] 1 change detected
2026-05-12 15:38:43,533 [INFO] 1 change detected
2026-05-12 15:38:43,940 [INFO] 1 change detected
2026-05-12 15:38:44,343 [INFO] 1 change detected
2026-05-12 15:38:44,747 [INFO] 1 change detected
2026-05-12 15:38:45,151 [INFO] 1 change detected
2026-05-12 15:38:45,558 [INFO] 1 change detected
2026-05-12 15:38:45,963 [INFO] 1 change detected
2026-05-12 15:38:46,368 [INFO] 1 change detected
2026-05-12 15:38:46,771 [INFO] 1 change detected
2026-05-12 15:38:47,177 [INFO] 1 change detected
2026-05-12 15:38:47,580 [INFO] 1 change detected
2026-05-12 15:38:47,986 [INFO] 1 change detected
2026-05-12 15:38:48,392 [INFO] 1 change detected
2026-05-12 15:38:48,798 [INFO] 1 change detected
2026-05-12 15:38:49,205 [INFO] 1 change detected
2026-05-12 15:38:49,609 [INFO] 1 change detected
2026-05-12 15:38:49,965 [INFO] 1 change detected
2026-05-12 15:38:50,378 [INFO] 1 change detected
2026-05-12 15:38:50,783 [INFO] 1 change detected
2026-05-12 15:38:51,192 [INFO] 1 change detected
2026-05-12 15:38:51,595 [INFO] 1 change detected
2026-05-12 15:38:51,998 [INFO] 1 change detected
2026-05-12 15:38:52,406 [INFO] 1 change detected
2026-05-12 15:38:52,812 [INFO] 1 change detected
2026-05-12 15:38:53,216 [INFO] 1 change detected
2026-05-12 15:38:53,572 [INFO] 1 change detected
2026-05-12 15:38:53,981 [INFO] 1 change detected
2026-05-12 15:38:54,388 [INFO] 1 change detected
2026-05-12 15:38:54,793 [INFO] 1 change detected
2026-05-12 15:38:55,200 [INFO] 1 change detected
2026-05-12 15:38:55,604 [INFO] 1 change detected
2026-05-12 15:38:56,007 [INFO] 1 change detected
2026-05-12 15:38:56,411 [INFO] 1 change detected
2026-05-12 15:38:56,818 [INFO] 1 change detected
2026-05-12 15:38:57,226 [INFO] 1 change detected
2026-05-12 15:38:57,630 [INFO] 1 change detected
2026-05-12 15:38:58,036 [INFO] 1 change detected
2026-05-12 15:38:58,440 [INFO] 1 change detected
2026-05-12 15:38:58,845 [INFO] 1 change detected
2026-05-12 15:38:59,251 [INFO] 1 change detected
2026-05-12 15:38:59,658 [INFO] 1 change detected
2026-05-12 15:39:00,021 [INFO] 1 change detected
2026-05-12 15:39:00,431 [INFO] 1 change detected
2026-05-12 15:39:00,838 [INFO] 1 change detected
2026-05-12 15:39:01,243 [INFO] 1 change detected
2026-05-12 15:39:01,649 [INFO] 1 change detected
2026-05-12 15:39:02,055 [INFO] 1 change detected
2026-05-12 15:39:02,461 [INFO] 1 change detected
2026-05-12 15:39:02,865 [INFO] 1 change detected
2026-05-12 15:39:03,274 [INFO] 1 change detected
2026-05-12 15:39:03,678 [INFO] 1 change detected
2026-05-12 15:39:04,081 [INFO] 1 change detected
2026-05-12 15:39:04,487 [INFO] 1 change detected
2026-05-12 15:39:04,891 [INFO] 1 change detected
2026-05-12 15:39:05,299 [INFO] 1 change detected
2026-05-12 15:39:05,704 [INFO] 1 change detected
2026-05-12 15:39:06,108 [INFO] 1 change detected
2026-05-12 15:39:06,515 [INFO] 1 change detected
2026-05-12 15:39:06,919 [INFO] 1 change detected
2026-05-12 15:39:07,273 [INFO] 1 change detected
2026-05-12 15:39:07,680 [INFO] 1 change detected
2026-05-12 15:39:08,083 [INFO] 1 change detected
2026-05-12 15:39:08,499 [INFO] 1 change detected
2026-05-12 15:39:08,905 [INFO] 1 change detected
2026-05-12 15:39:09,310 [INFO] 1 change detected
2026-05-12 15:39:09,714 [INFO] 1 change detected
2026-05-12 15:39:10,121 [INFO] 1 change detected
2026-05-12 15:39:10,527 [INFO] 1 change detected
2026-05-12 15:39:10,936 [INFO] 1 change detected
2026-05-12 15:39:11,338 [INFO] 1 change detected
2026-05-12 15:39:11,743 [INFO] 1 change detected
2026-05-12 15:39:12,147 [INFO] 1 change detected
2026-05-12 15:39:12,551 [INFO] 1 change detected
2026-05-12 15:39:12,956 [INFO] 1 change detected
2026-05-12 15:39:13,310 [INFO] 1 change detected
2026-05-12 15:39:13,718 [INFO] 1 change detected
2026-05-12 15:39:14,126 [INFO] 1 change detected
2026-05-12 15:39:14,535 [INFO] 1 change detected
2026-05-12 15:39:14,941 [INFO] 1 change detected
2026-05-12 15:39:15,343 [INFO] 1 change detected
2026-05-12 15:39:15,749 [INFO] 1 change detected
2026-05-12 15:39:16,154 [INFO] 1 change detected
2026-05-12 15:39:16,556 [INFO] 1 change detected
2026-05-12 15:39:16,960 [INFO] 1 change detected
2026-05-12 15:39:17,318 [INFO] 1 change detected
2026-05-12 15:39:17,727 [INFO] 1 change detected
2026-05-12 15:39:18,132 [INFO] 1 change detected
2026-05-12 15:39:18,537 [INFO] 1 change detected
2026-05-12 15:39:18,991 [INFO] 1 change detected
2026-05-12 15:39:19,342 [INFO] 1 change detected
2026-05-12 15:39:19,753 [INFO] 1 change detected
2026-05-12 15:39:20,161 [INFO] 1 change detected
2026-05-12 15:39:20,567 [INFO] 1 change detected
2026-05-12 15:39:20,974 [INFO] 1 change detected
2026-05-12 15:39:21,377 [INFO] 1 change detected
2026-05-12 15:39:21,781 [INFO] 1 change detected
2026-05-12 15:39:22,185 [INFO] 1 change detected
2026-05-12 15:39:22,589 [INFO] 1 change detected
2026-05-12 15:39:22,993 [INFO] 1 change detected
2026-05-12 15:39:23,399 [INFO] 1 change detected
2026-05-12 15:39:23,806 [INFO] 1 change detected
2026-05-12 15:39:24,211 [INFO] 1 change detected
2026-05-12 15:39:24,617 [INFO] 1 change detected
2026-05-12 15:39:25,020 [INFO] 1 change detected
2026-05-12 15:39:25,426 [INFO] 1 change detected
2026-05-12 15:39:25,792 [INFO] 1 change detected
2026-05-12 15:39:26,199 [INFO] 1 change detected
2026-05-12 15:39:26,606 [INFO] 1 change detected
2026-05-12 15:39:27,013 [INFO] 1 change detected
2026-05-12 15:39:27,417 [INFO] 1 change detected
2026-05-12 15:39:27,822 [INFO] 1 change detected
2026-05-12 15:39:28,224 [INFO] 1 change detected
2026-05-12 15:39:28,630 [INFO] 1 change detected
2026-05-12 15:39:29,038 [INFO] 1 change detected
2026-05-12 15:39:29,443 [INFO] 1 change detected
2026-05-12 15:39:29,847 [INFO] 1 change detected
2026-05-12 15:39:30,253 [INFO] 1 change detected
2026-05-12 15:39:30,660 [INFO] 1 change detected
2026-05-12 15:39:31,013 [INFO] 1 change detected
2026-05-12 15:39:31,423 [INFO] 1 change detected
2026-05-12 15:39:31,827 [INFO] 1 change detected
2026-05-12 15:39:32,230 [INFO] 1 change detected
2026-05-12 15:39:32,636 [INFO] 1 change detected
2026-05-12 15:39:32,991 [INFO] 1 change detected
2026-05-12 15:39:33,401 [INFO] 1 change detected
2026-05-12 15:39:33,808 [INFO] 1 change detected
2026-05-12 15:39:34,213 [INFO] 1 change detected
2026-05-12 15:39:34,619 [INFO] 1 change detected
2026-05-12 15:39:34,977 [INFO] 1 change detected
2026-05-12 15:39:35,385 [INFO] 1 change detected
2026-05-12 15:39:35,790 [INFO] 1 change detected
2026-05-12 15:39:36,194 [INFO] 1 change detected
2026-05-12 15:39:36,599 [INFO] 1 change detected
2026-05-12 15:39:37,003 [INFO] 1 change detected
2026-05-12 15:39:37,409 [INFO] 1 change detected
2026-05-12 15:39:37,814 [INFO] 1 change detected
2026-05-12 15:39:38,217 [INFO] 1 change detected
2026-05-12 15:39:38,623 [INFO] 1 change detected
2026-05-12 15:39:39,028 [INFO] 1 change detected
2026-05-12 15:39:39,433 [INFO] 1 change detected
2026-05-12 15:39:39,839 [INFO] 1 change detected
2026-05-12 15:39:40,244 [INFO] 1 change detected
2026-05-12 15:39:40,647 [INFO] 1 change detected
2026-05-12 15:39:41,050 [INFO] 1 change detected
2026-05-12 15:39:41,453 [INFO] 1 change detected
2026-05-12 15:39:41,857 [INFO] 1 change detected
2026-05-12 15:39:42,260 [INFO] 1 change detected
2026-05-12 15:39:42,617 [INFO] 1 change detected
2026-05-12 15:39:43,027 [INFO] 1 change detected
2026-05-12 15:39:43,431 [INFO] 1 change detected
2026-05-12 15:39:43,838 [INFO] 1 change detected
2026-05-12 15:39:44,241 [INFO] 1 change detected
2026-05-12 15:39:44,648 [INFO] 1 change detected
2026-05-12 15:39:45,054 [INFO] 1 change detected
2026-05-12 15:39:45,461 [INFO] 1 change detected
2026-05-12 15:39:45,864 [INFO] 1 change detected
2026-05-12 15:39:46,271 [INFO] 1 change detected
2026-05-12 15:39:46,674 [INFO] 1 change detected
2026-05-12 15:39:47,083 [INFO] 1 change detected
2026-05-12 15:39:47,485 [INFO] 1 change detected
2026-05-12 15:39:47,890 [INFO] 1 change detected
2026-05-12 15:39:48,241 [INFO] 1 change detected
2026-05-12 15:39:48,649 [INFO] 1 change detected
2026-05-12 15:39:49,053 [INFO] 1 change detected
2026-05-12 15:39:49,455 [INFO] 1 change detected
2026-05-12 15:39:49,856 [INFO] 1 change detected
2026-05-12 15:39:50,260 [INFO] 1 change detected
2026-05-12 15:39:50,666 [INFO] 1 change detected
2026-05-12 15:39:51,068 [INFO] 1 change detected
2026-05-12 15:39:51,471 [INFO] 1 change detected
2026-05-12 15:39:51,877 [INFO] 1 change detected
2026-05-12 15:39:52,280 [INFO] 1 change detected
2026-05-12 15:39:52,687 [INFO] 1 change detected
2026-05-12 15:39:53,093 [INFO] 1 change detected
2026-05-12 15:39:53,500 [INFO] 1 change detected
2026-05-12 15:39:53,905 [INFO] 1 change detected
2026-05-12 15:39:54,309 [INFO] 1 change detected
2026-05-12 15:39:54,715 [INFO] 1 change detected
2026-05-12 15:39:55,121 [INFO] 1 change detected
2026-05-12 15:39:55,525 [INFO] 1 change detected
2026-05-12 15:39:55,930 [INFO] 1 change detected
2026-05-12 15:39:56,337 [INFO] 1 change detected
2026-05-12 15:39:56,743 [INFO] 1 change detected
2026-05-12 15:39:57,148 [INFO] 1 change detected
2026-05-12 15:39:57,504 [INFO] 1 change detected
2026-05-12 15:39:57,912 [INFO] 1 change detected
2026-05-12 15:39:58,314 [INFO] 1 change detected
2026-05-12 15:39:58,722 [INFO] 1 change detected
2026-05-12 15:39:59,126 [INFO] 1 change detected
2026-05-12 15:39:59,531 [INFO] 1 change detected
2026-05-12 15:39:59,935 [INFO] 1 change detected
2026-05-12 15:40:00,340 [INFO] 1 change detected
2026-05-12 15:40:00,743 [INFO] 1 change detected
2026-05-12 15:40:01,147 [INFO] 1 change detected
2026-05-12 15:40:01,551 [INFO] 1 change detected
2026-05-12 15:40:01,954 [INFO] 1 change detected
2026-05-12 15:40:02,361 [INFO] 1 change detected
2026-05-12 15:40:02,764 [INFO] 1 change detected
2026-05-12 15:40:03,169 [INFO] 1 change detected
2026-05-12 15:40:03,576 [INFO] 1 change detected
2026-05-12 15:40:03,979 [INFO] 1 change detected
2026-05-12 15:40:04,383 [INFO] 1 change detected
2026-05-12 15:40:04,792 [INFO] 1 change detected
2026-05-12 15:40:05,196 [INFO] 1 change detected
2026-05-12 15:40:05,600 [INFO] 1 change detected
2026-05-12 15:40:06,005 [INFO] 1 change detected
2026-05-12 15:40:06,411 [INFO] 1 change detected
2026-05-12 15:40:06,816 [INFO] 1 change detected
2026-05-12 15:40:07,222 [INFO] 1 change detected
2026-05-12 15:40:07,628 [INFO] 1 change detected
2026-05-12 15:40:08,032 [INFO] 1 change detected
2026-05-12 15:40:08,397 [INFO] 1 change detected
2026-05-12 15:40:08,807 [INFO] 1 change detected
2026-05-12 15:40:09,215 [INFO] 1 change detected
2026-05-12 15:40:09,620 [INFO] 1 change detected
2026-05-12 15:40:10,024 [INFO] 1 change detected
2026-05-12 15:40:10,389 [INFO] 1 change detected
2026-05-12 15:40:10,800 [INFO] 1 change detected
2026-05-12 15:40:11,203 [INFO] 1 change detected
2026-05-12 15:40:11,609 [INFO] 1 change detected
2026-05-12 15:40:12,012 [INFO] 1 change detected
2026-05-12 15:40:12,416 [INFO] 1 change detected
2026-05-12 15:40:12,819 [INFO] 1 change detected
2026-05-12 15:40:13,235 [INFO] 1 change detected
2026-05-12 15:40:13,591 [INFO] 1 change detected
2026-05-12 15:40:14,001 [INFO] 1 change detected
2026-05-12 15:40:14,404 [INFO] 1 change detected
2026-05-12 15:40:14,812 [INFO] 1 change detected
2026-05-12 15:40:15,214 [INFO] 1 change detected
2026-05-12 15:40:15,619 [INFO] 1 change detected
2026-05-12 15:40:16,024 [INFO] 1 change detected
2026-05-12 15:40:16,430 [INFO] 1 change detected
2026-05-12 15:40:16,833 [INFO] 1 change detected
2026-05-12 15:40:17,250 [INFO] 1 change detected
2026-05-12 15:40:17,653 [INFO] 1 change detected
2026-05-12 15:40:18,057 [INFO] 1 change detected
2026-05-12 15:40:18,461 [INFO] 1 change detected
2026-05-12 15:40:18,864 [INFO] 1 change detected
2026-05-12 15:40:19,267 [INFO] 1 change detected
2026-05-12 15:40:19,669 [INFO] 1 change detected
2026-05-12 15:40:20,073 [INFO] 1 change detected
2026-05-12 15:40:20,476 [INFO] 1 change detected
2026-05-12 15:40:20,884 [INFO] 1 change detected
2026-05-12 15:40:21,292 [INFO] 1 change detected
2026-05-12 15:40:21,698 [INFO] 1 change detected
2026-05-12 15:40:22,105 [INFO] 1 change detected
2026-05-12 15:40:22,510 [INFO] 1 change detected
2026-05-12 15:40:22,913 [INFO] 1 change detected
2026-05-12 15:40:23,319 [INFO] 1 change detected
2026-05-12 15:40:23,722 [INFO] 1 change detected
2026-05-12 15:40:24,077 [INFO] 1 change detected
2026-05-12 15:40:24,489 [INFO] 1 change detected
2026-05-12 15:40:24,893 [INFO] 1 change detected
2026-05-12 15:40:25,299 [INFO] 1 change detected
2026-05-12 15:40:25,702 [INFO] 1 change detected
2026-05-12 15:40:26,059 [INFO] 1 change detected
2026-05-12 15:40:26,471 [INFO] 1 change detected
2026-05-12 15:40:26,874 [INFO] 1 change detected
2026-05-12 15:40:27,281 [INFO] 1 change detected
2026-05-12 15:40:27,685 [INFO] 1 change detected
2026-05-12 15:40:28,087 [INFO] 1 change detected
2026-05-12 15:40:28,490 [INFO] 1 change detected
2026-05-12 15:40:28,893 [INFO] 1 change detected
2026-05-12 15:40:29,301 [INFO] 1 change detected
2026-05-12 15:40:29,705 [INFO] 1 change detected
2026-05-12 15:40:30,109 [INFO] 1 change detected
2026-05-12 15:40:30,511 [INFO] 1 change detected
2026-05-12 15:40:30,917 [INFO] 1 change detected
2026-05-12 15:40:31,325 [INFO] 1 change detected
2026-05-12 15:40:31,727 [INFO] 1 change detected
2026-05-12 15:40:32,133 [INFO] 1 change detected
2026-05-12 15:40:32,538 [INFO] 1 change detected
2026-05-12 15:40:32,893 [INFO] 1 change detected
2026-05-12 15:40:33,308 [INFO] 1 change detected
2026-05-12 15:40:33,715 [INFO] 1 change detected
2026-05-12 15:40:34,119 [INFO] 1 change detected
2026-05-12 15:40:34,526 [INFO] 1 change detected
2026-05-12 15:40:34,934 [INFO] 1 change detected
2026-05-12 15:40:35,338 [INFO] 1 change detected
2026-05-12 15:40:35,744 [INFO] 1 change detected
2026-05-12 15:40:36,101 [INFO] 1 change detected
2026-05-12 15:40:36,510 [INFO] 1 change detected
2026-05-12 15:40:36,915 [INFO] 1 change detected
2026-05-12 15:40:37,320 [INFO] 1 change detected
2026-05-12 15:40:37,725 [INFO] 1 change detected
2026-05-12 15:40:38,132 [INFO] 1 change detected
2026-05-12 15:40:38,539 [INFO] 1 change detected
2026-05-12 15:40:38,943 [INFO] 1 change detected
2026-05-12 15:40:39,347 [INFO] 1 change detected
2026-05-12 15:40:39,702 [INFO] 1 change detected
2026-05-12 15:40:40,111 [INFO] 1 change detected
2026-05-12 15:40:40,517 [INFO] 1 change detected
2026-05-12 15:40:40,920 [INFO] 1 change detected
2026-05-12 15:40:41,327 [INFO] 1 change detected
2026-05-12 15:40:41,736 [INFO] 1 change detected
2026-05-12 15:40:42,142 [INFO] 1 change detected
2026-05-12 15:40:42,549 [INFO] 1 change detected
2026-05-12 15:40:42,902 [INFO] 1 change detected
2026-05-12 15:40:43,314 [INFO] 1 change detected
2026-05-12 15:40:43,716 [INFO] 1 change detected
2026-05-12 15:40:44,119 [INFO] 1 change detected
2026-05-12 15:40:44,528 [INFO] 1 change detected
2026-05-12 15:40:44,938 [INFO] 1 change detected
2026-05-12 15:40:45,344 [INFO] 1 change detected
2026-05-12 15:40:45,748 [INFO] 1 change detected
2026-05-12 15:40:46,150 [INFO] 1 change detected
2026-05-12 15:40:46,566 [INFO] 1 change detected
2026-05-12 15:40:46,968 [INFO] 1 change detected
2026-05-12 15:40:47,371 [INFO] 1 change detected
2026-05-12 15:40:47,774 [INFO] 1 change detected
2026-05-12 15:40:48,180 [INFO] 1 change detected
2026-05-12 15:40:48,582 [INFO] 1 change detected
2026-05-12 15:40:48,987 [INFO] 1 change detected
2026-05-12 15:40:49,391 [INFO] 1 change detected
2026-05-12 15:40:49,795 [INFO] 1 change detected
2026-05-12 15:40:50,200 [INFO] 1 change detected
2026-05-12 15:40:50,606 [INFO] 1 change detected
2026-05-12 15:40:50,967 [INFO] 1 change detected
2026-05-12 15:40:51,378 [INFO] 1 change detected
2026-05-12 15:40:51,779 [INFO] 1 change detected
2026-05-12 15:40:52,188 [INFO] 1 change detected
2026-05-12 15:40:52,591 [INFO] 1 change detected
2026-05-12 15:40:52,996 [INFO] 1 change detected
2026-05-12 15:40:53,400 [INFO] 1 change detected
2026-05-12 15:40:53,805 [INFO] 1 change detected
2026-05-12 15:40:54,211 [INFO] 1 change detected
2026-05-12 15:40:54,615 [INFO] 1 change detected
2026-05-12 15:40:55,020 [INFO] 1 change detected
2026-05-12 15:40:55,427 [INFO] 1 change detected
2026-05-12 15:40:55,830 [INFO] 1 change detected
2026-05-12 15:40:56,236 [INFO] 1 change detected
2026-05-12 15:40:56,641 [INFO] 1 change detected
2026-05-12 15:40:57,047 [INFO] 1 change detected
2026-05-12 15:40:57,449 [INFO] 1 change detected
2026-05-12 15:40:57,857 [INFO] 1 change detected
2026-05-12 15:40:58,262 [INFO] 1 change detected
2026-05-12 15:40:58,667 [INFO] 1 change detected
2026-05-12 15:40:59,071 [INFO] 1 change detected
2026-05-12 15:40:59,435 [INFO] 1 change detected
2026-05-12 15:40:59,845 [INFO] 1 change detected
2026-05-12 15:41:00,250 [INFO] 1 change detected
2026-05-12 15:41:00,656 [INFO] 1 change detected
2026-05-12 15:41:01,061 [INFO] 1 change detected
2026-05-12 15:41:01,465 [INFO] 1 change detected
2026-05-12 15:41:01,871 [INFO] 1 change detected
2026-05-12 15:41:02,274 [INFO] 1 change detected
2026-05-12 15:41:02,676 [INFO] 1 change detected
2026-05-12 15:41:03,082 [INFO] 1 change detected
2026-05-12 15:41:03,486 [INFO] 1 change detected
2026-05-12 15:41:03,891 [INFO] 1 change detected
2026-05-12 15:41:04,297 [INFO] 1 change detected
2026-05-12 15:41:04,663 [INFO] 1 change detected
2026-05-12 15:41:05,071 [INFO] 1 change detected
2026-05-12 15:41:05,477 [INFO] 1 change detected
2026-05-12 15:41:05,881 [INFO] 1 change detected
2026-05-12 15:41:06,285 [INFO] 1 change detected
2026-05-12 15:41:06,688 [INFO] 1 change detected
2026-05-12 15:41:07,096 [INFO] 1 change detected
2026-05-12 15:41:07,500 [INFO] 1 change detected
2026-05-12 15:41:07,902 [INFO] 1 change detected
2026-05-12 15:41:08,309 [INFO] 1 change detected
2026-05-12 15:41:08,715 [INFO] 1 change detected
2026-05-12 15:41:09,118 [INFO] 1 change detected
2026-05-12 15:41:09,521 [INFO] 1 change detected
2026-05-12 15:41:09,924 [INFO] 1 change detected
2026-05-12 15:41:10,279 [INFO] 1 change detected
2026-05-12 15:41:10,691 [INFO] 1 change detected
2026-05-12 15:41:11,095 [INFO] 1 change detected
2026-05-12 15:41:11,499 [INFO] 1 change detected
2026-05-12 15:41:11,904 [INFO] 1 change detected
2026-05-12 15:41:12,311 [INFO] 1 change detected
2026-05-12 15:41:12,714 [INFO] 1 change detected
2026-05-12 15:41:13,119 [INFO] 1 change detected
2026-05-12 15:41:13,524 [INFO] 1 change detected
2026-05-12 15:41:13,929 [INFO] 1 change detected
2026-05-12 15:41:14,286 [INFO] 1 change detected
2026-05-12 15:41:14,691 [INFO] 1 change detected
2026-05-12 15:41:15,097 [INFO] 1 change detected
2026-05-12 15:41:15,500 [INFO] 1 change detected
2026-05-12 15:41:15,902 [INFO] 1 change detected
2026-05-12 15:41:16,310 [INFO] 1 change detected
2026-05-12 15:41:16,713 [INFO] 1 change detected
2026-05-12 15:41:17,117 [INFO] 1 change detected
2026-05-12 15:41:17,518 [INFO] 1 change detected
2026-05-12 15:41:17,925 [INFO] 1 change detected
2026-05-12 15:41:18,329 [INFO] 1 change detected
2026-05-12 15:41:18,733 [INFO] 1 change detected
2026-05-12 15:41:19,141 [INFO] 1 change detected
2026-05-12 15:41:19,544 [INFO] 1 change detected
2026-05-12 15:41:19,949 [INFO] 1 change detected
2026-05-12 15:41:20,357 [INFO] 1 change detected
2026-05-12 15:41:20,764 [INFO] 1 change detected
2026-05-12 15:41:21,171 [INFO] 1 change detected
2026-05-12 15:41:21,577 [INFO] 1 change detected
2026-05-12 15:41:21,982 [INFO] 1 change detected
2026-05-12 15:41:22,386 [INFO] 1 change detected
2026-05-12 15:41:22,792 [INFO] 1 change detected
2026-05-12 15:41:23,197 [INFO] 1 change detected
2026-05-12 15:41:23,601 [INFO] 1 change detected
2026-05-12 15:41:24,008 [INFO] 1 change detected
2026-05-12 15:41:24,412 [INFO] 1 change detected
2026-05-12 15:41:24,818 [INFO] 1 change detected
2026-05-12 15:41:25,225 [INFO] 1 change detected
2026-05-12 15:41:25,630 [INFO] 1 change detected
2026-05-12 15:41:26,033 [INFO] 1 change detected
2026-05-12 15:41:26,391 [INFO] 1 change detected
2026-05-12 15:41:26,799 [INFO] 1 change detected
2026-05-12 15:41:27,204 [INFO] 1 change detected
2026-05-12 15:41:27,612 [INFO] 1 change detected
2026-05-12 15:41:28,018 [INFO] 1 change detected
2026-05-12 15:41:28,422 [INFO] 1 change detected
2026-05-12 15:41:28,825 [INFO] 1 change detected
2026-05-12 15:41:29,230 [INFO] 1 change detected
2026-05-12 15:41:29,633 [INFO] 1 change detected
2026-05-12 15:41:30,041 [INFO] 1 change detected
2026-05-12 15:41:30,446 [INFO] 1 change detected
2026-05-12 15:41:30,850 [INFO] 1 change detected
2026-05-12 15:41:31,256 [INFO] 1 change detected
2026-05-12 15:41:31,662 [INFO] 1 change detected
2026-05-12 15:41:32,064 [INFO] 1 change detected
2026-05-12 15:41:32,468 [INFO] 1 change detected
2026-05-12 15:41:32,872 [INFO] 1 change detected
2026-05-12 15:41:33,277 [INFO] 1 change detected
2026-05-12 15:41:33,684 [INFO] 1 change detected
2026-05-12 15:41:34,090 [INFO] 1 change detected
2026-05-12 15:41:34,499 [INFO] 1 change detected
2026-05-12 15:41:34,904 [INFO] 1 change detected
2026-05-12 15:41:35,310 [INFO] 1 change detected
2026-05-12 15:41:35,717 [INFO] 1 change detected
2026-05-12 15:41:36,121 [INFO] 1 change detected
2026-05-12 15:41:36,476 [INFO] 1 change detected
2026-05-12 15:41:36,885 [INFO] 1 change detected
2026-05-12 15:41:37,290 [INFO] 1 change detected
2026-05-12 15:41:37,698 [INFO] 1 change detected
2026-05-12 15:41:38,100 [INFO] 1 change detected
2026-05-12 15:41:38,503 [INFO] 1 change detected
2026-05-12 15:41:38,909 [INFO] 1 change detected
2026-05-12 15:41:39,315 [INFO] 1 change detected
2026-05-12 15:41:39,719 [INFO] 1 change detected
2026-05-12 15:41:40,126 [INFO] 1 change detected
2026-05-12 15:41:40,531 [INFO] 1 change detected
2026-05-12 15:41:40,935 [INFO] 1 change detected
2026-05-12 15:41:41,340 [INFO] 1 change detected
2026-05-12 15:41:41,746 [INFO] 1 change detected
2026-05-12 15:41:42,152 [INFO] 1 change detected
2026-05-12 15:41:42,559 [INFO] 1 change detected
2026-05-12 15:41:42,964 [INFO] 1 change detected
2026-05-12 15:41:43,368 [INFO] 1 change detected
2026-05-12 15:41:43,773 [INFO] 1 change detected
2026-05-12 15:41:44,180 [INFO] 1 change detected
2026-05-12 15:41:44,585 [INFO] 1 change detected
2026-05-12 15:41:44,989 [INFO] 1 change detected
2026-05-12 15:41:45,393 [INFO] 1 change detected
2026-05-12 15:41:45,748 [INFO] 1 change detected
2026-05-12 15:41:46,158 [INFO] 1 change detected
2026-05-12 15:41:46,565 [INFO] 1 change detected
2026-05-12 15:41:46,969 [INFO] 1 change detected
2026-05-12 15:41:47,370 [INFO] 1 change detected
2026-05-12 15:41:47,779 [INFO] 1 change detected
2026-05-12 15:41:48,187 [INFO] 1 change detected
2026-05-12 15:41:48,546 [INFO] 1 change detected
2026-05-12 15:41:48,954 [INFO] 1 change detected
2026-05-12 15:41:49,357 [INFO] 1 change detected
2026-05-12 15:41:49,762 [INFO] 1 change detected
2026-05-12 15:41:50,166 [INFO] 1 change detected
2026-05-12 15:41:50,575 [INFO] 1 change detected
2026-05-12 15:41:50,979 [INFO] 1 change detected
2026-05-12 15:41:51,384 [INFO] 1 change detected
2026-05-12 15:41:51,789 [INFO] 1 change detected
2026-05-12 15:41:52,192 [INFO] 1 change detected
2026-05-12 15:41:52,596 [INFO] 1 change detected
2026-05-12 15:41:53,001 [INFO] 1 change detected
2026-05-12 15:41:53,407 [INFO] 1 change detected
2026-05-12 15:41:53,809 [INFO] 1 change detected
2026-05-12 15:41:54,214 [INFO] 1 change detected
2026-05-12 15:41:54,616 [INFO] 1 change detected
2026-05-12 15:41:55,020 [INFO] 1 change detected
2026-05-12 15:41:55,424 [INFO] 1 change detected
2026-05-12 15:41:55,831 [INFO] 1 change detected
2026-05-12 15:41:56,236 [INFO] 1 change detected
2026-05-12 15:41:56,641 [INFO] 1 change detected
2026-05-12 15:41:57,045 [INFO] 1 change detected
2026-05-12 15:41:57,449 [INFO] 1 change detected
2026-05-12 15:41:57,804 [INFO] 1 change detected
2026-05-12 15:41:58,211 [INFO] 1 change detected
2026-05-12 15:41:58,616 [INFO] 1 change detected
2026-05-12 15:41:59,018 [INFO] 1 change detected
2026-05-12 15:41:59,424 [INFO] 1 change detected
2026-05-12 15:41:59,825 [INFO] 1 change detected
2026-05-12 15:42:00,230 [INFO] 1 change detected
2026-05-12 15:42:00,635 [INFO] 1 change detected
2026-05-12 15:42:01,040 [INFO] 1 change detected
2026-05-12 15:42:01,444 [INFO] 1 change detected
2026-05-12 15:42:01,846 [INFO] 1 change detected
2026-05-12 15:42:02,247 [INFO] 1 change detected
2026-05-12 15:42:02,655 [INFO] 1 change detected
2026-05-12 15:42:03,060 [INFO] 1 change detected
2026-05-12 15:42:03,467 [INFO] 1 change detected
2026-05-12 15:42:03,875 [INFO] 1 change detected
2026-05-12 15:42:04,281 [INFO] 1 change detected
2026-05-12 15:42:04,685 [INFO] 1 change detected
2026-05-12 15:42:05,090 [INFO] 1 change detected
2026-05-12 15:42:05,496 [INFO] 1 change detected
2026-05-12 15:42:05,852 [INFO] 1 change detected
2026-05-12 15:42:06,261 [INFO] 1 change detected
2026-05-12 15:42:06,664 [INFO] 1 change detected
2026-05-12 15:42:07,069 [INFO] 1 change detected
2026-05-12 15:42:07,474 [INFO] 1 change detected
2026-05-12 15:42:07,879 [INFO] 1 change detected
2026-05-12 15:42:08,283 [INFO] 1 change detected
2026-05-12 15:42:08,688 [INFO] 1 change detected
2026-05-12 15:42:09,091 [INFO] 1 change detected
2026-05-12 15:42:09,494 [INFO] 1 change detected
2026-05-12 15:42:09,897 [INFO] 1 change detected
2026-05-12 15:42:10,303 [INFO] 1 change detected
2026-05-12 15:42:10,706 [INFO] 1 change detected
2026-05-12 15:42:11,113 [INFO] 1 change detected
2026-05-12 15:42:11,518 [INFO] 1 change detected
2026-05-12 15:42:11,920 [INFO] 1 change detected
2026-05-12 15:42:12,327 [INFO] 1 change detected
2026-05-12 15:42:12,730 [INFO] 1 change detected
2026-05-12 15:42:13,137 [INFO] 1 change detected
2026-05-12 15:42:13,492 [INFO] 1 change detected
2026-05-12 15:42:13,899 [INFO] 1 change detected
2026-05-12 15:42:14,303 [INFO] 1 change detected
2026-05-12 15:42:14,708 [INFO] 1 change detected
2026-05-12 15:42:15,115 [INFO] 1 change detected
2026-05-12 15:42:15,522 [INFO] 1 change detected
2026-05-12 15:42:15,927 [INFO] 1 change detected
2026-05-12 15:42:16,335 [INFO] 1 change detected
2026-05-12 15:42:16,737 [INFO] 1 change detected
2026-05-12 15:42:17,143 [INFO] 1 change detected
2026-05-12 15:42:17,551 [INFO] 1 change detected
2026-05-12 15:42:17,956 [INFO] 1 change detected
2026-05-12 15:42:18,363 [INFO] 1 change detected
2026-05-12 15:42:18,729 [INFO] 1 change detected
2026-05-12 15:42:19,137 [INFO] 1 change detected
2026-05-12 15:42:19,547 [INFO] 1 change detected
2026-05-12 15:42:19,958 [INFO] 1 change detected
2026-05-12 15:42:20,361 [INFO] 1 change detected
2026-05-12 15:42:20,768 [INFO] 1 change detected
2026-05-12 15:42:21,174 [INFO] 1 change detected
2026-05-12 15:42:21,580 [INFO] 1 change detected
2026-05-12 15:42:21,985 [INFO] 1 change detected
2026-05-12 15:42:22,391 [INFO] 1 change detected
2026-05-12 15:42:22,795 [INFO] 1 change detected
2026-05-12 15:42:23,202 [INFO] 1 change detected
2026-05-12 15:42:23,608 [INFO] 1 change detected
2026-05-12 15:42:23,964 [INFO] 1 change detected
2026-05-12 15:42:24,373 [INFO] 1 change detected
2026-05-12 15:42:24,777 [INFO] 1 change detected
2026-05-12 15:42:25,184 [INFO] 1 change detected
2026-05-12 15:42:25,591 [INFO] 1 change detected
2026-05-12 15:42:26,000 [INFO] 1 change detected
2026-05-12 15:42:26,403 [INFO] 1 change detected
2026-05-12 15:42:26,810 [INFO] 1 change detected
2026-05-12 15:42:27,214 [INFO] 1 change detected
2026-05-12 15:42:27,618 [INFO] 1 change detected
2026-05-12 15:42:28,025 [INFO] 1 change detected
2026-05-12 15:42:28,431 [INFO] 1 change detected
2026-05-12 15:42:28,835 [INFO] 1 change detected
2026-05-12 15:42:29,195 [INFO] 1 change detected
2026-05-12 15:42:29,600 [INFO] 1 change detected
2026-05-12 15:42:30,003 [INFO] 1 change detected
2026-05-12 15:42:30,406 [INFO] 1 change detected
2026-05-12 15:42:30,811 [INFO] 1 change detected
2026-05-12 15:42:31,219 [INFO] 1 change detected
2026-05-12 15:42:31,624 [INFO] 1 change detected
2026-05-12 15:42:32,031 [INFO] 1 change detected
2026-05-12 15:42:32,436 [INFO] 1 change detected
2026-05-12 15:42:32,840 [INFO] 1 change detected
2026-05-12 15:42:33,256 [INFO] 1 change detected
2026-05-12 15:42:33,664 [INFO] 1 change detected
2026-05-12 15:42:34,070 [INFO] 1 change detected
2026-05-12 15:42:34,474 [INFO] 1 change detected
2026-05-12 15:42:34,880 [INFO] 1 change detected
2026-05-12 15:42:35,235 [INFO] 1 change detected
2026-05-12 15:42:35,643 [INFO] 1 change detected
2026-05-12 15:42:36,047 [INFO] 1 change detected
2026-05-12 15:42:36,453 [INFO] 1 change detected
2026-05-12 15:42:36,857 [INFO] 1 change detected
2026-05-12 15:42:37,263 [INFO] 1 change detected
2026-05-12 15:42:37,665 [INFO] 1 change detected
2026-05-12 15:42:38,070 [INFO] 1 change detected
2026-05-12 15:42:38,479 [INFO] 1 change detected
2026-05-12 15:42:38,881 [INFO] 1 change detected
2026-05-12 15:42:39,286 [INFO] 1 change detected
2026-05-12 15:42:39,691 [INFO] 1 change detected
2026-05-12 15:42:40,097 [INFO] 1 change detected
2026-05-12 15:42:40,501 [INFO] 1 change detected
2026-05-12 15:42:40,904 [INFO] 1 change detected
2026-05-12 15:42:41,310 [INFO] 1 change detected
2026-05-12 15:42:41,665 [INFO] 1 change detected
2026-05-12 15:42:42,074 [INFO] 1 change detected
2026-05-12 15:42:42,477 [INFO] 1 change detected
2026-05-12 15:42:42,880 [INFO] 1 change detected
2026-05-12 15:42:43,287 [INFO] 1 change detected
2026-05-12 15:42:43,694 [INFO] 1 change detected
2026-05-12 15:42:44,099 [INFO] 1 change detected
2026-05-12 15:42:44,503 [INFO] 1 change detected
2026-05-12 15:42:44,909 [INFO] 1 change detected
2026-05-12 15:42:45,312 [INFO] 1 change detected
2026-05-12 15:42:45,719 [INFO] 1 change detected
2026-05-12 15:42:46,124 [INFO] 1 change detected
2026-05-12 15:42:46,531 [INFO] 1 change detected
2026-05-12 15:42:46,936 [INFO] 1 change detected
2026-05-12 15:42:47,340 [INFO] 1 change detected
2026-05-12 15:42:47,745 [INFO] 1 change detected
2026-05-12 15:42:48,101 [INFO] 1 change detected
2026-05-12 15:42:48,511 [INFO] 1 change detected
2026-05-12 15:42:48,914 [INFO] 1 change detected
2026-05-12 15:42:49,323 [INFO] 1 change detected
2026-05-12 15:42:49,728 [INFO] 1 change detected
2026-05-12 15:42:50,135 [INFO] 1 change detected
2026-05-12 15:42:50,536 [INFO] 1 change detected
2026-05-12 15:42:50,942 [INFO] 1 change detected
2026-05-12 15:42:51,347 [INFO] 1 change detected
2026-05-12 15:42:51,753 [INFO] 1 change detected
2026-05-12 15:42:52,157 [INFO] 1 change detected
2026-05-12 15:42:52,562 [INFO] 1 change detected
2026-05-12 15:42:52,966 [INFO] 1 change detected
2026-05-12 15:42:53,372 [INFO] 1 change detected
2026-05-12 15:42:53,788 [INFO] 1 change detected
2026-05-12 15:42:54,145 [INFO] 1 change detected
2026-05-12 15:42:54,553 [INFO] 1 change detected
2026-05-12 15:42:54,962 [INFO] 1 change detected
2026-05-12 15:42:55,365 [INFO] 1 change detected
2026-05-12 15:42:55,769 [INFO] 1 change detected
2026-05-12 15:42:56,175 [INFO] 1 change detected
2026-05-12 15:42:56,581 [INFO] 1 change detected
2026-05-12 15:42:56,988 [INFO] 1 change detected
2026-05-12 15:42:57,396 [INFO] 1 change detected
2026-05-12 15:42:57,802 [INFO] 1 change detected
2026-05-12 15:42:58,159 [INFO] 1 change detected
2026-05-12 15:42:58,569 [INFO] 1 change detected
2026-05-12 15:42:58,973 [INFO] 1 change detected
2026-05-12 15:42:59,377 [INFO] 1 change detected
2026-05-12 15:42:59,780 [INFO] 1 change detected
2026-05-12 15:43:00,187 [INFO] 1 change detected
2026-05-12 15:43:00,593 [INFO] 1 change detected
2026-05-12 15:43:00,998 [INFO] 1 change detected
2026-05-12 15:43:01,403 [INFO] 1 change detected
2026-05-12 15:43:01,810 [INFO] 1 change detected
2026-05-12 15:43:02,215 [INFO] 1 change detected
2026-05-12 15:43:02,620 [INFO] 1 change detected
2026-05-12 15:43:03,022 [INFO] 1 change detected
2026-05-12 15:43:03,377 [INFO] 1 change detected
2026-05-12 15:43:03,786 [INFO] 1 change detected
2026-05-12 15:43:04,192 [INFO] 1 change detected
2026-05-12 15:43:04,596 [INFO] 1 change detected
2026-05-12 15:43:05,004 [INFO] 1 change detected
2026-05-12 15:43:05,408 [INFO] 1 change detected
2026-05-12 15:43:05,812 [INFO] 1 change detected
2026-05-12 15:43:06,229 [INFO] 1 change detected
2026-05-12 15:43:06,632 [INFO] 1 change detected
2026-05-12 15:43:07,036 [INFO] 1 change detected
2026-05-12 15:43:07,442 [INFO] 1 change detected
2026-05-12 15:43:07,844 [INFO] 1 change detected
2026-05-12 15:43:08,247 [INFO] 1 change detected
2026-05-12 15:43:08,653 [INFO] 1 change detected
2026-05-12 15:43:09,055 [INFO] 1 change detected
2026-05-12 15:43:09,459 [INFO] 1 change detected
2026-05-12 15:43:09,817 [INFO] 1 change detected
2026-05-12 15:43:10,274 [INFO] 1 change detected
2026-05-12 15:43:10,637 [INFO] 1 change detected
2026-05-12 15:43:11,044 [INFO] 1 change detected
2026-05-12 15:43:11,448 [INFO] 1 change detected
2026-05-12 15:43:11,852 [INFO] 1 change detected
2026-05-12 15:43:12,257 [INFO] 1 change detected
2026-05-12 15:43:12,661 [INFO] 1 change detected
2026-05-12 15:43:13,066 [INFO] 1 change detected
2026-05-12 15:43:13,472 [INFO] 1 change detected
2026-05-12 15:43:13,877 [INFO] 1 change detected
2026-05-12 15:43:14,280 [INFO] 1 change detected
2026-05-12 15:43:14,686 [INFO] 1 change detected
2026-05-12 15:43:15,093 [INFO] 1 change detected
2026-05-12 15:43:15,497 [INFO] 1 change detected
2026-05-12 15:43:15,900 [INFO] 1 change detected
2026-05-12 15:43:16,308 [INFO] 1 change detected
2026-05-12 15:43:16,713 [INFO] 1 change detected
2026-05-12 15:43:17,118 [INFO] 1 change detected
2026-05-12 15:43:17,524 [INFO] 1 change detected
2026-05-12 15:43:17,882 [INFO] 1 change detected
2026-05-12 15:43:18,291 [INFO] 1 change detected
2026-05-12 15:43:18,697 [INFO] 1 change detected
2026-05-12 15:43:19,102 [INFO] 1 change detected
2026-05-12 15:43:19,504 [INFO] 1 change detected
2026-05-12 15:43:19,910 [INFO] 1 change detected
2026-05-12 15:43:20,314 [INFO] 1 change detected
2026-05-12 15:43:20,719 [INFO] 1 change detected
2026-05-12 15:43:21,126 [INFO] 1 change detected
2026-05-12 15:43:21,534 [INFO] 1 change detected
2026-05-12 15:43:21,940 [INFO] 1 change detected
2026-05-12 15:43:22,345 [INFO] 1 change detected
2026-05-12 15:43:22,752 [INFO] 1 change detected
2026-05-12 15:43:23,108 [INFO] 1 change detected
2026-05-12 15:43:23,517 [INFO] 1 change detected
2026-05-12 15:43:23,920 [INFO] 1 change detected
2026-05-12 15:43:24,328 [INFO] 1 change detected
2026-05-12 15:43:24,684 [INFO] 1 change detected
2026-05-12 15:43:25,042 [INFO] 1 change detected
2026-05-12 15:43:25,453 [INFO] 1 change detected
2026-05-12 15:43:25,858 [INFO] 1 change detected
2026-05-12 15:43:26,263 [INFO] 1 change detected
2026-05-12 15:43:26,622 [INFO] 1 change detected
2026-05-12 15:43:26,980 [INFO] 1 change detected
2026-05-12 15:43:27,387 [INFO] 1 change detected
2026-05-12 15:43:27,795 [INFO] 1 change detected
2026-05-12 15:43:28,198 [INFO] 1 change detected
2026-05-12 15:43:28,602 [INFO] 1 change detected
2026-05-12 15:43:29,007 [INFO] 1 change detected
2026-05-12 15:43:29,414 [INFO] 1 change detected
2026-05-12 15:43:29,818 [INFO] 1 change detected
2026-05-12 15:43:30,224 [INFO] 1 change detected
2026-05-12 15:43:30,632 [INFO] 1 change detected
2026-05-12 15:43:31,036 [INFO] 1 change detected
2026-05-12 15:43:31,440 [INFO] 1 change detected
2026-05-12 15:43:31,857 [INFO] 1 change detected
2026-05-12 15:43:32,215 [INFO] 1 change detected
2026-05-12 15:43:32,625 [INFO] 1 change detected
2026-05-12 15:43:33,034 [INFO] 1 change detected
2026-05-12 15:43:33,436 [INFO] 1 change detected
2026-05-12 15:43:33,842 [INFO] 1 change detected
2026-05-12 15:43:34,247 [INFO] 1 change detected
2026-05-12 15:43:34,651 [INFO] 1 change detected
2026-05-12 15:43:35,056 [INFO] 1 change detected
2026-05-12 15:43:35,459 [INFO] 1 change detected
2026-05-12 15:43:35,864 [INFO] 1 change detected
2026-05-12 15:43:36,271 [INFO] 1 change detected
2026-05-12 15:43:36,675 [INFO] 1 change detected
2026-05-12 15:43:37,080 [INFO] 1 change detected
2026-05-12 15:43:37,485 [INFO] 1 change detected
2026-05-12 15:43:37,894 [INFO] 1 change detected
2026-05-12 15:43:38,301 [INFO] 1 change detected
2026-05-12 15:43:38,707 [INFO] 1 change detected
2026-05-12 15:43:39,113 [INFO] 1 change detected
2026-05-12 15:43:39,517 [INFO] 1 change detected
2026-05-12 15:43:39,925 [INFO] 1 change detected
2026-05-12 15:43:40,281 [INFO] 1 change detected
2026-05-12 15:43:40,690 [INFO] 1 change detected
2026-05-12 15:43:41,095 [INFO] 1 change detected
2026-05-12 15:43:41,502 [INFO] 1 change detected
2026-05-12 15:43:41,908 [INFO] 1 change detected
2026-05-12 15:43:42,315 [INFO] 1 change detected
2026-05-12 15:43:42,721 [INFO] 1 change detected
2026-05-12 15:43:43,126 [INFO] 1 change detected
2026-05-12 15:43:43,530 [INFO] 1 change detected
2026-05-12 15:43:43,934 [INFO] 1 change detected
2026-05-12 15:43:44,341 [INFO] 1 change detected
2026-05-12 15:43:44,747 [INFO] 1 change detected
2026-05-12 15:43:45,153 [INFO] 1 change detected
2026-05-12 15:43:45,555 [INFO] 1 change detected
2026-05-12 15:43:45,962 [INFO] 1 change detected
2026-05-12 15:43:46,365 [INFO] 1 change detected
2026-05-12 15:43:46,773 [INFO] 1 change detected
2026-05-12 15:43:47,176 [INFO] 1 change detected
2026-05-12 15:43:47,583 [INFO] 1 change detected
2026-05-12 15:43:47,989 [INFO] 1 change detected
2026-05-12 15:43:48,393 [INFO] 1 change detected
2026-05-12 15:43:48,748 [INFO] 1 change detected
2026-05-12 15:43:49,157 [INFO] 1 change detected
2026-05-12 15:43:49,562 [INFO] 1 change detected
2026-05-12 15:43:49,967 [INFO] 1 change detected
2026-05-12 15:43:50,371 [INFO] 1 change detected
2026-05-12 15:43:50,774 [INFO] 1 change detected
2026-05-12 15:43:51,178 [INFO] 1 change detected
2026-05-12 15:43:51,585 [INFO] 1 change detected
2026-05-12 15:43:51,990 [INFO] 1 change detected
2026-05-12 15:43:52,398 [INFO] 1 change detected
2026-05-12 15:43:52,804 [INFO] 1 change detected
2026-05-12 15:43:53,211 [INFO] 1 change detected
2026-05-12 15:43:53,614 [INFO] 1 change detected
2026-05-12 15:43:54,019 [INFO] 1 change detected
2026-05-12 15:43:54,426 [INFO] 1 change detected
2026-05-12 15:43:54,883 [INFO] 1 change detected
2026-05-12 15:43:55,235 [INFO] 1 change detected
2026-05-12 15:43:55,645 [INFO] 1 change detected
2026-05-12 15:43:56,052 [INFO] 1 change detected
2026-05-12 15:43:56,459 [INFO] 1 change detected
2026-05-12 15:43:56,864 [INFO] 1 change detected
2026-05-12 15:43:57,270 [INFO] 1 change detected
2026-05-12 15:43:57,675 [INFO] 1 change detected
2026-05-12 15:43:58,083 [INFO] 1 change detected
2026-05-12 15:43:58,491 [INFO] 1 change detected
2026-05-12 15:43:58,897 [INFO] 1 change detected
2026-05-12 15:43:59,309 [INFO] 1 change detected
2026-05-12 15:43:59,713 [INFO] 1 change detected
2026-05-12 15:44:00,118 [INFO] 1 change detected
2026-05-12 15:44:00,522 [INFO] 1 change detected
2026-05-12 15:44:00,926 [INFO] 1 change detected
2026-05-12 15:44:01,329 [INFO] 1 change detected
2026-05-12 15:44:01,735 [INFO] 1 change detected
2026-05-12 15:44:02,140 [INFO] 1 change detected
2026-05-12 15:44:02,543 [INFO] 1 change detected
2026-05-12 15:44:02,952 [INFO] 1 change detected
2026-05-12 15:44:03,357 [INFO] 1 change detected
2026-05-12 15:44:03,764 [INFO] 1 change detected
2026-05-12 15:44:04,167 [INFO] 1 change detected
2026-05-12 15:44:04,521 [INFO] 1 change detected
2026-05-12 15:44:04,930 [INFO] 1 change detected
2026-05-12 15:44:05,337 [INFO] 1 change detected
2026-05-12 15:44:05,743 [INFO] 1 change detected
2026-05-12 15:44:06,148 [INFO] 1 change detected
2026-05-12 15:44:06,552 [INFO] 1 change detected
2026-05-12 15:44:06,956 [INFO] 1 change detected
2026-05-12 15:44:07,363 [INFO] 1 change detected
2026-05-12 15:44:07,769 [INFO] 1 change detected
2026-05-12 15:44:08,179 [INFO] 1 change detected
2026-05-12 15:44:08,585 [INFO] 1 change detected
2026-05-12 15:44:08,990 [INFO] 1 change detected
2026-05-12 15:44:09,397 [INFO] 1 change detected
2026-05-12 15:44:09,803 [INFO] 1 change detected
2026-05-12 15:44:10,208 [INFO] 1 change detected
2026-05-12 15:44:10,611 [INFO] 1 change detected
2026-05-12 15:44:11,018 [INFO] 1 change detected
2026-05-12 15:44:11,376 [INFO] 1 change detected
2026-05-12 15:44:11,786 [INFO] 1 change detected
2026-05-12 15:44:12,193 [INFO] 1 change detected
2026-05-12 15:44:12,602 [INFO] 1 change detected
2026-05-12 15:44:13,006 [INFO] 1 change detected
2026-05-12 15:44:13,411 [INFO] 1 change detected
2026-05-12 15:44:13,819 [INFO] 1 change detected
2026-05-12 15:44:14,223 [INFO] 1 change detected
2026-05-12 15:44:14,628 [INFO] 1 change detected
2026-05-12 15:44:15,032 [INFO] 1 change detected
2026-05-12 15:44:15,391 [INFO] 1 change detected
2026-05-12 15:44:15,798 [INFO] 1 change detected
2026-05-12 15:44:16,208 [INFO] 1 change detected
2026-05-12 15:44:16,613 [INFO] 1 change detected
2026-05-12 15:44:17,017 [INFO] 1 change detected
2026-05-12 15:44:17,421 [INFO] 1 change detected
2026-05-12 15:44:17,826 [INFO] 1 change detected
2026-05-12 15:44:18,235 [INFO] 1 change detected
2026-05-12 15:44:18,638 [INFO] 1 change detected
2026-05-12 15:44:19,045 [INFO] 1 change detected
2026-05-12 15:44:19,450 [INFO] 1 change detected
2026-05-12 15:44:19,855 [INFO] 1 change detected
2026-05-12 15:44:20,264 [INFO] 1 change detected
2026-05-12 15:44:20,671 [INFO] 1 change detected
2026-05-12 15:44:21,075 [INFO] 1 change detected
2026-05-12 15:44:21,430 [INFO] 1 change detected
2026-05-12 15:44:21,840 [INFO] 1 change detected
2026-05-12 15:44:22,244 [INFO] 1 change detected
2026-05-12 15:44:22,651 [INFO] 1 change detected
2026-05-12 15:44:23,055 [INFO] 1 change detected
2026-05-12 15:44:23,463 [INFO] 1 change detected
2026-05-12 15:44:23,868 [INFO] 1 change detected
2026-05-12 15:44:24,273 [INFO] 1 change detected
2026-05-12 15:44:24,676 [INFO] 1 change detected
2026-05-12 15:44:25,081 [INFO] 1 change detected
2026-05-12 15:44:25,486 [INFO] 1 change detected
2026-05-12 15:44:25,892 [INFO] 1 change detected
2026-05-12 15:44:26,296 [INFO] 1 change detected
2026-05-12 15:44:26,702 [INFO] 1 change detected
2026-05-12 15:44:27,107 [INFO] 1 change detected
2026-05-12 15:44:27,513 [INFO] 1 change detected
2026-05-12 15:44:27,918 [INFO] 1 change detected
2026-05-12 15:44:28,324 [INFO] 1 change detected
2026-05-12 15:44:28,731 [INFO] 1 change detected
2026-05-12 15:44:29,136 [INFO] 1 change detected
2026-05-12 15:44:29,542 [INFO] 1 change detected
2026-05-12 15:44:29,948 [INFO] 1 change detected
2026-05-12 15:44:30,353 [INFO] 1 change detected
2026-05-12 15:44:30,757 [INFO] 1 change detected
2026-05-12 15:44:31,164 [INFO] 1 change detected
2026-05-12 15:44:31,568 [INFO] 1 change detected
2026-05-12 15:44:31,974 [INFO] 1 change detected
2026-05-12 15:44:32,376 [INFO] 1 change detected
2026-05-12 15:44:32,784 [INFO] 1 change detected
2026-05-12 15:44:33,189 [INFO] 1 change detected
2026-05-12 15:44:33,594 [INFO] 1 change detected
2026-05-12 15:44:34,000 [INFO] 1 change detected
2026-05-12 15:44:34,404 [INFO] 1 change detected
2026-05-12 15:44:34,809 [INFO] 1 change detected
2026-05-12 15:44:35,215 [INFO] 1 change detected
2026-05-12 15:44:35,623 [INFO] 1 change detected
2026-05-12 15:44:36,026 [INFO] 1 change detected
2026-05-12 15:44:36,432 [INFO] 1 change detected
2026-05-12 15:44:36,836 [INFO] 1 change detected
2026-05-12 15:44:37,243 [INFO] 1 change detected
2026-05-12 15:44:37,649 [INFO] 1 change detected
2026-05-12 15:44:38,057 [INFO] 1 change detected
2026-05-12 15:44:38,413 [INFO] 1 change detected
2026-05-12 15:44:38,820 [INFO] 1 change detected
2026-05-12 15:44:39,225 [INFO] 1 change detected
2026-05-12 15:44:39,629 [INFO] 1 change detected
2026-05-12 15:44:40,033 [INFO] 1 change detected
2026-05-12 15:44:40,438 [INFO] 1 change detected
2026-05-12 15:44:40,845 [INFO] 1 change detected
2026-05-12 15:44:41,251 [INFO] 1 change detected
2026-05-12 15:44:41,658 [INFO] 1 change detected
2026-05-12 15:44:42,061 [INFO] 1 change detected
2026-05-12 15:44:42,465 [INFO] 1 change detected
2026-05-12 15:44:42,870 [INFO] 1 change detected
2026-05-12 15:44:43,279 [INFO] 1 change detected
2026-05-12 15:44:43,685 [INFO] 1 change detected
2026-05-12 15:44:44,090 [INFO] 1 change detected
2026-05-12 15:44:44,496 [INFO] 1 change detected
2026-05-12 15:44:44,904 [INFO] 1 change detected
2026-05-12 15:44:45,260 [INFO] 1 change detected
2026-05-12 15:44:45,670 [INFO] 1 change detected
2026-05-12 15:44:46,075 [INFO] 1 change detected
2026-05-12 15:44:46,481 [INFO] 1 change detected
2026-05-12 15:44:46,884 [INFO] 1 change detected
2026-05-12 15:44:47,288 [INFO] 1 change detected
2026-05-12 15:44:47,693 [INFO] 1 change detected
2026-05-12 15:44:48,050 [INFO] 1 change detected
2026-05-12 15:44:48,459 [INFO] 1 change detected
2026-05-12 15:44:48,868 [INFO] 1 change detected
2026-05-12 15:44:49,272 [INFO] 1 change detected
2026-05-12 15:44:49,677 [INFO] 1 change detected
2026-05-12 15:44:50,084 [INFO] 1 change detected
2026-05-12 15:44:50,490 [INFO] 1 change detected
2026-05-12 15:44:50,893 [INFO] 1 change detected
2026-05-12 15:44:51,297 [INFO] 1 change detected
2026-05-12 15:44:51,703 [INFO] 1 change detected
2026-05-12 15:44:52,109 [INFO] 1 change detected
2026-05-12 15:44:52,466 [INFO] 1 change detected
2026-05-12 15:44:52,872 [INFO] 1 change detected
2026-05-12 15:44:53,281 [INFO] 1 change detected
2026-05-12 15:44:53,686 [INFO] 1 change detected
2026-05-12 15:44:54,092 [INFO] 1 change detected
2026-05-12 15:44:54,499 [INFO] 1 change detected
2026-05-12 15:44:54,904 [INFO] 1 change detected
2026-05-12 15:44:55,309 [INFO] 1 change detected
2026-05-12 15:44:55,713 [INFO] 1 change detected
2026-05-12 15:44:56,117 [INFO] 1 change detected
2026-05-12 15:44:56,524 [INFO] 1 change detected
2026-05-12 15:44:56,931 [INFO] 1 change detected
2026-05-12 15:44:57,336 [INFO] 1 change detected
2026-05-12 15:44:57,743 [INFO] 1 change detected
2026-05-12 15:44:58,149 [INFO] 1 change detected
2026-05-12 15:44:58,552 [INFO] 1 change detected
2026-05-12 15:44:58,912 [INFO] 1 change detected
2026-05-12 15:44:59,320 [INFO] 1 change detected
2026-05-12 15:44:59,776 [INFO] 1 change detected
2026-05-12 15:45:00,128 [INFO] 1 change detected
2026-05-12 15:45:00,536 [INFO] 1 change detected
2026-05-12 15:45:00,944 [INFO] 1 change detected
2026-05-12 15:45:01,352 [INFO] 1 change detected
2026-05-12 15:45:01,758 [INFO] 1 change detected
2026-05-12 15:45:02,164 [INFO] 1 change detected
2026-05-12 15:45:02,569 [INFO] 1 change detected
2026-05-12 15:45:02,975 [INFO] 1 change detected
2026-05-12 15:45:03,381 [INFO] 1 change detected
2026-05-12 15:45:03,786 [INFO] 1 change detected
2026-05-12 15:45:04,143 [INFO] 1 change detected
2026-05-12 15:45:04,554 [INFO] 1 change detected
2026-05-12 15:45:04,960 [INFO] 1 change detected
2026-05-12 15:45:05,366 [INFO] 1 change detected
2026-05-12 15:45:05,771 [INFO] 1 change detected
2026-05-12 15:45:06,176 [INFO] 1 change detected
2026-05-12 15:45:06,582 [INFO] 1 change detected
2026-05-12 15:45:06,988 [INFO] 1 change detected
2026-05-12 15:45:07,395 [INFO] 1 change detected
2026-05-12 15:45:07,752 [INFO] 1 change detected
2026-05-12 15:45:08,160 [INFO] 1 change detected
2026-05-12 15:45:08,565 [INFO] 1 change detected
2026-05-12 15:45:08,973 [INFO] 1 change detected
2026-05-12 15:45:09,378 [INFO] 1 change detected
2026-05-12 15:45:09,781 [INFO] 1 change detected
2026-05-12 15:45:10,184 [INFO] 1 change detected
2026-05-12 15:45:10,589 [INFO] 1 change detected
2026-05-12 15:45:10,995 [INFO] 1 change detected
2026-05-12 15:45:11,400 [INFO] 1 change detected
2026-05-12 15:45:11,805 [INFO] 1 change detected
2026-05-12 15:45:12,213 [INFO] 1 change detected
2026-05-12 15:45:12,569 [INFO] 1 change detected
2026-05-12 15:45:12,978 [INFO] 1 change detected
2026-05-12 15:45:13,381 [INFO] 1 change detected
2026-05-12 15:45:13,788 [INFO] 1 change detected
2026-05-12 15:45:14,193 [INFO] 1 change detected
2026-05-12 15:45:14,597 [INFO] 1 change detected
2026-05-12 15:45:15,001 [INFO] 1 change detected
2026-05-12 15:45:15,406 [INFO] 1 change detected
2026-05-12 15:45:15,810 [INFO] 1 change detected
2026-05-12 15:45:16,216 [INFO] 1 change detected
2026-05-12 15:45:16,623 [INFO] 1 change detected
2026-05-12 15:45:17,027 [INFO] 1 change detected
2026-05-12 15:45:17,431 [INFO] 1 change detected
2026-05-12 15:45:17,836 [INFO] 1 change detected
2026-05-12 15:45:18,239 [INFO] 1 change detected
2026-05-12 15:45:18,644 [INFO] 1 change detected
2026-05-12 15:45:19,050 [INFO] 1 change detected
2026-05-12 15:45:19,459 [INFO] 1 change detected
2026-05-12 15:45:19,864 [INFO] 1 change detected
2026-05-12 15:45:20,267 [INFO] 1 change detected
2026-05-12 15:45:20,673 [INFO] 1 change detected
2026-05-12 15:45:21,080 [INFO] 1 change detected
2026-05-12 15:45:21,487 [INFO] 1 change detected
2026-05-12 15:45:21,842 [INFO] 1 change detected
2026-05-12 15:45:22,251 [INFO] 1 change detected
2026-05-12 15:45:22,657 [INFO] 1 change detected
2026-05-12 15:45:23,062 [INFO] 1 change detected
2026-05-12 15:45:23,465 [INFO] 1 change detected
2026-05-12 15:45:23,873 [INFO] 1 change detected
2026-05-12 15:45:24,281 [INFO] 1 change detected
2026-05-12 15:45:24,687 [INFO] 1 change detected
2026-05-12 15:45:25,093 [INFO] 1 change detected
2026-05-12 15:45:25,498 [INFO] 1 change detected
2026-05-12 15:45:25,902 [INFO] 1 change detected
2026-05-12 15:45:26,308 [INFO] 1 change detected
2026-05-12 15:45:26,716 [INFO] 1 change detected
2026-05-12 15:45:27,118 [INFO] 1 change detected
2026-05-12 15:45:27,526 [INFO] 1 change detected
2026-05-12 15:45:27,880 [INFO] 1 change detected
2026-05-12 15:45:28,289 [INFO] 1 change detected
2026-05-12 15:45:28,693 [INFO] 1 change detected
2026-05-12 15:45:29,099 [INFO] 1 change detected
2026-05-12 15:45:29,504 [INFO] 1 change detected
2026-05-12 15:45:29,911 [INFO] 1 change detected
2026-05-12 15:45:30,316 [INFO] 1 change detected
2026-05-12 15:45:30,722 [INFO] 1 change detected
2026-05-12 15:45:31,126 [INFO] 1 change detected
2026-05-12 15:45:31,531 [INFO] 1 change detected
2026-05-12 15:45:31,885 [INFO] 1 change detected
2026-05-12 15:45:32,292 [INFO] 1 change detected
2026-05-12 15:45:32,697 [INFO] 1 change detected
2026-05-12 15:45:33,100 [INFO] 1 change detected
2026-05-12 15:45:33,504 [INFO] 1 change detected
2026-05-12 15:45:33,912 [INFO] 1 change detected
2026-05-12 15:45:34,315 [INFO] 1 change detected
2026-05-12 15:45:34,723 [INFO] 1 change detected
2026-05-12 15:45:35,132 [INFO] 1 change detected
2026-05-12 15:45:35,534 [INFO] 1 change detected
2026-05-12 15:45:35,939 [INFO] 1 change detected
2026-05-12 15:45:36,341 [INFO] 1 change detected
2026-05-12 15:45:36,746 [INFO] 1 change detected
2026-05-12 15:45:37,154 [INFO] 1 change detected
2026-05-12 15:45:37,559 [INFO] 1 change detected
2026-05-12 15:45:37,964 [INFO] 1 change detected
2026-05-12 15:45:38,369 [INFO] 1 change detected
2026-05-12 15:45:38,773 [INFO] 1 change detected
2026-05-12 15:45:39,182 [INFO] 1 change detected
2026-05-12 15:45:39,586 [INFO] 1 change detected
2026-05-12 15:45:39,989 [INFO] 1 change detected
2026-05-12 15:45:40,393 [INFO] 1 change detected
2026-05-12 15:45:40,798 [INFO] 1 change detected
2026-05-12 15:45:41,202 [INFO] 1 change detected
2026-05-12 15:45:41,608 [INFO] 1 change detected
2026-05-12 15:45:42,014 [INFO] 1 change detected
2026-05-12 15:45:42,419 [INFO] 1 change detected
2026-05-12 15:45:42,825 [INFO] 1 change detected
2026-05-12 15:45:43,231 [INFO] 1 change detected
2026-05-12 15:45:43,638 [INFO] 1 change detected
2026-05-12 15:45:44,044 [INFO] 1 change detected
2026-05-12 15:45:44,446 [INFO] 1 change detected
2026-05-12 15:45:44,802 [INFO] 1 change detected
2026-05-12 15:45:45,215 [INFO] 1 change detected
2026-05-12 15:45:45,620 [INFO] 1 change detected
2026-05-12 15:45:46,024 [INFO] 1 change detected
2026-05-12 15:45:46,429 [INFO] 1 change detected
2026-05-12 15:45:46,834 [INFO] 1 change detected
2026-05-12 15:45:47,240 [INFO] 1 change detected
2026-05-12 15:45:47,642 [INFO] 1 change detected
2026-05-12 15:45:48,049 [INFO] 1 change detected
2026-05-12 15:45:48,454 [INFO] 1 change detected
2026-05-12 15:45:48,858 [INFO] 1 change detected
2026-05-12 15:45:49,264 [INFO] 1 change detected
2026-05-12 15:45:49,670 [INFO] 1 change detected
2026-05-12 15:45:50,074 [INFO] 1 change detected
2026-05-12 15:45:50,481 [INFO] 1 change detected
2026-05-12 15:45:50,883 [INFO] 1 change detected
2026-05-12 15:45:51,239 [INFO] 1 change detected
2026-05-12 15:45:51,651 [INFO] 1 change detected
2026-05-12 15:45:52,054 [INFO] 1 change detected
2026-05-12 15:45:52,459 [INFO] 1 change detected
2026-05-12 15:45:52,864 [INFO] 1 change detected
2026-05-12 15:45:53,270 [INFO] 1 change detected
2026-05-12 15:45:53,677 [INFO] 1 change detected
2026-05-12 15:45:54,085 [INFO] 1 change detected
2026-05-12 15:45:54,490 [INFO] 1 change detected
2026-05-12 15:45:54,894 [INFO] 1 change detected
2026-05-12 15:45:55,300 [INFO] 1 change detected
2026-05-12 15:45:55,704 [INFO] 1 change detected
2026-05-12 15:45:56,062 [INFO] 1 change detected
2026-05-12 15:45:56,473 [INFO] 1 change detected
2026-05-12 15:45:56,880 [INFO] 1 change detected
2026-05-12 15:45:57,283 [INFO] 1 change detected
2026-05-12 15:45:57,689 [INFO] 1 change detected
2026-05-12 15:45:58,095 [INFO] 1 change detected
2026-05-12 15:45:58,502 [INFO] 1 change detected
2026-05-12 15:45:58,904 [INFO] 1 change detected
2026-05-12 15:45:59,314 [INFO] 1 change detected
2026-05-12 15:45:59,675 [INFO] 1 change detected
2026-05-12 15:46:00,088 [INFO] 1 change detected
2026-05-12 15:46:00,494 [INFO] 1 change detected
2026-05-12 15:46:00,949 [INFO] 1 change detected
2026-05-12 15:46:01,313 [INFO] 1 change detected
2026-05-12 15:46:01,723 [INFO] 1 change detected
2026-05-12 15:46:02,130 [INFO] 1 change detected
2026-05-12 15:46:02,535 [INFO] 1 change detected
2026-05-12 15:46:02,938 [INFO] 1 change detected
2026-05-12 15:46:03,343 [INFO] 1 change detected
2026-05-12 15:46:03,749 [INFO] 1 change detected
2026-05-12 15:46:04,157 [INFO] 1 change detected
2026-05-12 15:46:04,564 [INFO] 1 change detected
2026-05-12 15:46:04,923 [INFO] 1 change detected
2026-05-12 15:46:05,332 [INFO] 1 change detected
2026-05-12 15:46:05,738 [INFO] 1 change detected
2026-05-12 15:46:06,144 [INFO] 1 change detected
2026-05-12 15:46:06,549 [INFO] 1 change detected
2026-05-12 15:46:06,953 [INFO] 1 change detected
2026-05-12 15:46:07,357 [INFO] 1 change detected
2026-05-12 15:46:07,762 [INFO] 1 change detected
2026-05-12 15:46:08,168 [INFO] 1 change detected
2026-05-12 15:46:08,575 [INFO] 1 change detected
2026-05-12 15:46:08,983 [INFO] 1 change detected
2026-05-12 15:46:09,392 [INFO] 1 change detected
2026-05-12 15:46:09,798 [INFO] 1 change detected
2026-05-12 15:46:10,205 [INFO] 1 change detected
2026-05-12 15:46:10,609 [INFO] 1 change detected
2026-05-12 15:46:11,016 [INFO] 1 change detected
2026-05-12 15:46:11,419 [INFO] 1 change detected
2026-05-12 15:46:11,826 [INFO] 1 change detected
2026-05-12 15:46:12,181 [INFO] 1 change detected
2026-05-12 15:46:12,590 [INFO] 1 change detected
2026-05-12 15:46:12,992 [INFO] 1 change detected
2026-05-12 15:46:13,403 [INFO] 1 change detected
2026-05-12 15:46:13,808 [INFO] 1 change detected
2026-05-12 15:46:14,216 [INFO] 1 change detected
2026-05-12 15:46:14,620 [INFO] 1 change detected
2026-05-12 15:46:15,024 [INFO] 1 change detected
2026-05-12 15:46:15,432 [INFO] 1 change detected
2026-05-12 15:46:15,837 [INFO] 1 change detected
2026-05-12 15:46:16,242 [INFO] 1 change detected
2026-05-12 15:46:16,646 [INFO] 1 change detected
2026-05-12 15:46:17,051 [INFO] 1 change detected
2026-05-12 15:46:17,457 [INFO] 1 change detected
2026-05-12 15:46:17,860 [INFO] 1 change detected
2026-05-12 15:46:18,265 [INFO] 1 change detected
2026-05-12 15:46:18,670 [INFO] 1 change detected
2026-05-12 15:46:19,075 [INFO] 1 change detected
2026-05-12 15:46:19,432 [INFO] 1 change detected
2026-05-12 15:46:19,845 [INFO] 1 change detected
2026-05-12 15:46:20,250 [INFO] 1 change detected
2026-05-12 15:46:20,660 [INFO] 1 change detected
2026-05-12 15:46:21,064 [INFO] 1 change detected
2026-05-12 15:46:21,470 [INFO] 1 change detected
2026-05-12 15:46:21,876 [INFO] 1 change detected
2026-05-12 15:46:22,282 [INFO] 1 change detected
2026-05-12 15:46:22,684 [INFO] 1 change detected
2026-05-12 15:46:23,090 [INFO] 1 change detected
2026-05-12 15:46:23,497 [INFO] 1 change detected
2026-05-12 15:46:23,904 [INFO] 1 change detected
2026-05-12 15:46:24,310 [INFO] 1 change detected
2026-05-12 15:46:24,714 [INFO] 1 change detected
2026-05-12 15:46:25,071 [INFO] 1 change detected
2026-05-12 15:46:25,480 [INFO] 1 change detected
2026-05-12 15:46:25,885 [INFO] 1 change detected
2026-05-12 15:46:26,291 [INFO] 1 change detected
2026-05-12 15:46:26,694 [INFO] 1 change detected
2026-05-12 15:46:27,100 [INFO] 1 change detected
2026-05-12 15:46:27,505 [INFO] 1 change detected
2026-05-12 15:46:27,913 [INFO] 1 change detected
2026-05-12 15:46:28,318 [INFO] 1 change detected
2026-05-12 15:46:28,725 [INFO] 1 change detected
2026-05-12 15:46:29,127 [INFO] 1 change detected
2026-05-12 15:46:29,532 [INFO] 1 change detected
2026-05-12 15:46:29,937 [INFO] 1 change detected
2026-05-12 15:46:30,340 [INFO] 1 change detected
2026-05-12 15:46:30,747 [INFO] 1 change detected
2026-05-12 15:46:31,149 [INFO] 1 change detected
2026-05-12 15:46:31,515 [INFO] 1 change detected
2026-05-12 15:46:31,926 [INFO] 1 change detected
2026-05-12 15:46:32,333 [INFO] 1 change detected
2026-05-12 15:46:32,737 [INFO] 1 change detected
2026-05-12 15:46:33,140 [INFO] 1 change detected
2026-05-12 15:46:33,544 [INFO] 1 change detected
2026-05-12 15:46:33,950 [INFO] 1 change detected
2026-05-12 15:46:34,357 [INFO] 1 change detected
2026-05-12 15:46:34,762 [INFO] 1 change detected
2026-05-12 15:46:35,168 [INFO] 1 change detected
2026-05-12 15:46:35,574 [INFO] 1 change detected
2026-05-12 15:46:35,978 [INFO] 1 change detected
2026-05-12 15:46:36,382 [INFO] 1 change detected
2026-05-12 15:46:36,790 [INFO] 1 change detected
2026-05-12 15:46:37,197 [INFO] 1 change detected
2026-05-12 15:46:37,603 [INFO] 1 change detected
2026-05-12 15:46:38,011 [INFO] 1 change detected
2026-05-12 15:46:38,415 [INFO] 1 change detected
2026-05-12 15:46:38,818 [INFO] 1 change detected
2026-05-12 15:46:39,176 [INFO] 1 change detected
2026-05-12 15:46:39,584 [INFO] 1 change detected
2026-05-12 15:46:39,987 [INFO] 1 change detected
2026-05-12 15:46:40,393 [INFO] 1 change detected
2026-05-12 15:46:40,799 [INFO] 1 change detected
2026-05-12 15:46:41,205 [INFO] 1 change detected
2026-05-12 15:46:41,610 [INFO] 1 change detected
2026-05-12 15:46:42,016 [INFO] 1 change detected
2026-05-12 15:46:42,422 [INFO] 1 change detected
2026-05-12 15:46:42,825 [INFO] 1 change detected
2026-05-12 15:46:43,233 [INFO] 1 change detected
2026-05-12 15:46:43,591 [INFO] 1 change detected
2026-05-12 15:46:44,002 [INFO] 1 change detected
2026-05-12 15:46:44,407 [INFO] 1 change detected
2026-05-12 15:46:44,813 [INFO] 1 change detected
2026-05-12 15:46:45,218 [INFO] 1 change detected
2026-05-12 15:46:45,624 [INFO] 1 change detected
2026-05-12 15:46:46,029 [INFO] 1 change detected
2026-05-12 15:46:46,432 [INFO] 1 change detected
2026-05-12 15:46:46,836 [INFO] 1 change detected
2026-05-12 15:46:47,242 [INFO] 1 change detected
2026-05-12 15:46:47,648 [INFO] 1 change detected
2026-05-12 15:46:48,005 [INFO] 1 change detected
2026-05-12 15:46:48,415 [INFO] 1 change detected
2026-05-12 15:46:48,818 [INFO] 1 change detected
2026-05-12 15:46:49,224 [INFO] 1 change detected
2026-05-12 15:46:49,632 [INFO] 1 change detected
2026-05-12 15:46:50,038 [INFO] 1 change detected
2026-05-12 15:46:50,440 [INFO] 1 change detected
2026-05-12 15:46:50,849 [INFO] 1 change detected
2026-05-12 15:46:51,255 [INFO] 1 change detected
2026-05-12 15:46:51,661 [INFO] 1 change detected
2026-05-12 15:46:52,066 [INFO] 1 change detected
2026-05-12 15:46:52,471 [INFO] 1 change detected
2026-05-12 15:46:52,875 [INFO] 1 change detected
2026-05-12 15:46:53,281 [INFO] 1 change detected
2026-05-12 15:46:53,685 [INFO] 1 change detected
2026-05-12 15:46:54,091 [INFO] 1 change detected
2026-05-12 15:46:54,496 [INFO] 1 change detected
2026-05-12 15:46:54,902 [INFO] 1 change detected
2026-05-12 15:46:55,310 [INFO] 1 change detected
2026-05-12 15:46:55,713 [INFO] 1 change detected
2026-05-12 15:46:56,120 [INFO] 1 change detected
2026-05-12 15:46:56,521 [INFO] 1 change detected
2026-05-12 15:46:56,926 [INFO] 1 change detected
2026-05-12 15:46:57,330 [INFO] 1 change detected
2026-05-12 15:46:57,736 [INFO] 1 change detected
2026-05-12 15:46:58,140 [INFO] 1 change detected
2026-05-12 15:46:58,543 [INFO] 1 change detected
2026-05-12 15:46:58,948 [INFO] 1 change detected
2026-05-12 15:46:59,355 [INFO] 1 change detected
2026-05-12 15:46:59,761 [INFO] 1 change detected
2026-05-12 15:47:00,116 [INFO] 1 change detected
2026-05-12 15:47:00,524 [INFO] 1 change detected
2026-05-12 15:47:00,932 [INFO] 1 change detected
2026-05-12 15:47:01,339 [INFO] 1 change detected
2026-05-12 15:47:01,741 [INFO] 1 change detected
2026-05-12 15:47:02,143 [INFO] 1 change detected
2026-05-12 15:47:02,548 [INFO] 1 change detected
2026-05-12 15:47:02,953 [INFO] 1 change detected
2026-05-12 15:47:03,358 [INFO] 1 change detected
2026-05-12 15:47:03,763 [INFO] 1 change detected
2026-05-12 15:47:04,166 [INFO] 1 change detected
2026-05-12 15:47:04,573 [INFO] 1 change detected
2026-05-12 15:47:04,977 [INFO] 1 change detected
2026-05-12 15:47:05,381 [INFO] 1 change detected
2026-05-12 15:47:05,785 [INFO] 1 change detected
2026-05-12 15:47:06,191 [INFO] 1 change detected
2026-05-12 15:47:06,594 [INFO] 1 change detected
2026-05-12 15:47:07,005 [INFO] 1 change detected
2026-05-12 15:47:07,410 [INFO] 1 change detected
2026-05-12 15:47:07,815 [INFO] 1 change detected
2026-05-12 15:47:08,222 [INFO] 1 change detected
2026-05-12 15:47:08,627 [INFO] 1 change detected
2026-05-12 15:47:09,032 [INFO] 1 change detected
2026-05-12 15:47:09,436 [INFO] 1 change detected
2026-05-12 15:47:09,843 [INFO] 1 change detected
2026-05-12 15:47:10,249 [INFO] 1 change detected
2026-05-12 15:47:10,603 [INFO] 1 change detected
2026-05-12 15:47:11,011 [INFO] 1 change detected
2026-05-12 15:47:11,418 [INFO] 1 change detected
2026-05-12 15:47:11,822 [INFO] 1 change detected
2026-05-12 15:47:12,227 [INFO] 1 change detected
2026-05-12 15:47:12,632 [INFO] 1 change detected
2026-05-12 15:47:13,037 [INFO] 1 change detected
2026-05-12 15:47:13,441 [INFO] 1 change detected
2026-05-12 15:47:13,847 [INFO] 1 change detected
2026-05-12 15:47:14,255 [INFO] 1 change detected
2026-05-12 15:47:14,659 [INFO] 1 change detected
2026-05-12 15:47:15,066 [INFO] 1 change detected
2026-05-12 15:47:15,472 [INFO] 1 change detected
2026-05-12 15:47:15,877 [INFO] 1 change detected
2026-05-12 15:47:16,281 [INFO] 1 change detected
2026-05-12 15:47:16,688 [INFO] 1 change detected
2026-05-12 15:47:17,043 [INFO] 1 change detected
2026-05-12 15:47:17,451 [INFO] 1 change detected
2026-05-12 15:47:17,857 [INFO] 1 change detected
2026-05-12 15:47:18,263 [INFO] 1 change detected
2026-05-12 15:47:18,669 [INFO] 1 change detected
2026-05-12 15:47:19,074 [INFO] 1 change detected
2026-05-12 15:47:19,480 [INFO] 1 change detected
2026-05-12 15:47:19,888 [INFO] 1 change detected
2026-05-12 15:47:20,294 [INFO] 1 change detected
2026-05-12 15:47:20,702 [INFO] 1 change detected
2026-05-12 15:47:21,109 [INFO] 1 change detected
2026-05-12 15:47:21,514 [INFO] 1 change detected
2026-05-12 15:47:21,918 [INFO] 1 change detected
2026-05-12 15:47:22,326 [INFO] 1 change detected
2026-05-12 15:47:22,732 [INFO] 1 change detected
2026-05-12 15:47:23,137 [INFO] 1 change detected
2026-05-12 15:47:23,543 [INFO] 1 change detected
2026-05-12 15:47:23,945 [INFO] 1 change detected
2026-05-12 15:47:24,351 [INFO] 1 change detected
2026-05-12 15:47:24,757 [INFO] 1 change detected
2026-05-12 15:47:25,165 [INFO] 1 change detected
2026-05-12 15:47:25,522 [INFO] 1 change detected
2026-05-12 15:47:25,935 [INFO] 1 change detected
2026-05-12 15:47:26,338 [INFO] 1 change detected
2026-05-12 15:47:26,744 [INFO] 1 change detected
2026-05-12 15:47:27,150 [INFO] 1 change detected
2026-05-12 15:47:27,556 [INFO] 1 change detected
2026-05-12 15:47:27,962 [INFO] 1 change detected
2026-05-12 15:47:28,366 [INFO] 1 change detected
2026-05-12 15:47:28,773 [INFO] 1 change detected
2026-05-12 15:47:29,177 [INFO] 1 change detected
2026-05-12 15:47:29,583 [INFO] 1 change detected
2026-05-12 15:47:29,987 [INFO] 1 change detected
2026-05-12 15:47:30,392 [INFO] 1 change detected
2026-05-12 15:47:30,800 [INFO] 1 change detected
2026-05-12 15:47:31,206 [INFO] 1 change detected
2026-05-12 15:47:31,612 [INFO] 1 change detected
2026-05-12 15:47:32,018 [INFO] 1 change detected
2026-05-12 15:47:32,425 [INFO] 1 change detected
2026-05-12 15:47:32,832 [INFO] 1 change detected
2026-05-12 15:47:33,235 [INFO] 1 change detected
2026-05-12 15:47:33,639 [INFO] 1 change detected
2026-05-12 15:47:34,046 [INFO] 1 change detected
2026-05-12 15:47:34,452 [INFO] 1 change detected
2026-05-12 15:47:34,856 [INFO] 1 change detected
2026-05-12 15:47:35,263 [INFO] 1 change detected
2026-05-12 15:47:35,670 [INFO] 1 change detected
2026-05-12 15:47:36,075 [INFO] 1 change detected
2026-05-12 15:47:36,478 [INFO] 1 change detected
2026-05-12 15:47:36,887 [INFO] 1 change detected
2026-05-12 15:47:37,240 [INFO] 1 change detected
2026-05-12 15:47:37,650 [INFO] 1 change detected
2026-05-12 15:47:38,057 [INFO] 1 change detected
2026-05-12 15:47:38,464 [INFO] 1 change detected
2026-05-12 15:47:38,867 [INFO] 1 change detected
2026-05-12 15:47:39,275 [INFO] 1 change detected
2026-05-12 15:47:39,679 [INFO] 1 change detected
2026-05-12 15:47:40,083 [INFO] 1 change detected
2026-05-12 15:47:40,489 [INFO] 1 change detected
2026-05-12 15:47:40,892 [INFO] 1 change detected
2026-05-12 15:47:41,295 [INFO] 1 change detected
2026-05-12 15:47:41,700 [INFO] 1 change detected
2026-05-12 15:47:42,107 [INFO] 1 change detected
2026-05-12 15:47:42,514 [INFO] 1 change detected
2026-05-12 15:47:42,918 [INFO] 1 change detected
2026-05-12 15:47:43,322 [INFO] 1 change detected
2026-05-12 15:47:43,729 [INFO] 1 change detected
2026-05-12 15:47:44,137 [INFO] 1 change detected
2026-05-12 15:47:44,543 [INFO] 1 change detected
2026-05-12 15:47:44,945 [INFO] 1 change detected
2026-05-12 15:47:45,349 [INFO] 1 change detected
2026-05-12 15:47:45,715 [INFO] 1 change detected
2026-05-12 15:47:46,125 [INFO] 1 change detected
2026-05-12 15:47:46,533 [INFO] 1 change detected
2026-05-12 15:47:46,935 [INFO] 1 change detected
2026-05-12 15:47:47,338 [INFO] 1 change detected
2026-05-12 15:47:47,743 [INFO] 1 change detected
2026-05-12 15:47:48,099 [INFO] 1 change detected
2026-05-12 15:47:48,511 [INFO] 1 change detected
2026-05-12 15:47:48,916 [INFO] 1 change detected
2026-05-12 15:47:49,323 [INFO] 1 change detected
2026-05-12 15:47:49,731 [INFO] 1 change detected
2026-05-12 15:47:50,135 [INFO] 1 change detected
2026-05-12 15:47:50,542 [INFO] 1 change detected
2026-05-12 15:47:50,949 [INFO] 1 change detected
2026-05-12 15:47:51,356 [INFO] 1 change detected
2026-05-12 15:47:51,762 [INFO] 1 change detected
2026-05-12 15:47:52,167 [INFO] 1 change detected
2026-05-12 15:47:52,570 [INFO] 1 change detected
2026-05-12 15:47:52,975 [INFO] 1 change detected
2026-05-12 15:47:53,382 [INFO] 1 change detected
2026-05-12 15:47:53,787 [INFO] 1 change detected
2026-05-12 15:47:54,193 [INFO] 1 change detected
2026-05-12 15:47:54,598 [INFO] 1 change detected
2026-05-12 15:47:55,003 [INFO] 1 change detected
2026-05-12 15:47:55,407 [INFO] 1 change detected
2026-05-12 15:47:55,813 [INFO] 1 change detected
2026-05-12 15:47:56,218 [INFO] 1 change detected
2026-05-12 15:47:56,623 [INFO] 1 change detected
2026-05-12 15:47:57,029 [INFO] 1 change detected
2026-05-12 15:47:57,433 [INFO] 1 change detected
2026-05-12 15:47:57,843 [INFO] 1 change detected
2026-05-12 15:47:58,247 [INFO] 1 change detected
2026-05-12 15:47:58,603 [INFO] 1 change detected
2026-05-12 15:47:59,011 [INFO] 1 change detected
2026-05-12 15:47:59,417 [INFO] 1 change detected
2026-05-12 15:47:59,822 [INFO] 1 change detected
2026-05-12 15:48:00,228 [INFO] 1 change detected
2026-05-12 15:48:00,635 [INFO] 1 change detected
2026-05-12 15:48:01,043 [INFO] 1 change detected
2026-05-12 15:48:01,446 [INFO] 1 change detected
2026-05-12 15:48:01,853 [INFO] 1 change detected
2026-05-12 15:48:02,258 [INFO] 1 change detected
2026-05-12 15:48:02,661 [INFO] 1 change detected
2026-05-12 15:48:03,066 [INFO] 1 change detected
2026-05-12 15:48:03,474 [INFO] 1 change detected
2026-05-12 15:48:03,880 [INFO] 1 change detected
2026-05-12 15:48:04,283 [INFO] 1 change detected
2026-05-12 15:48:04,688 [INFO] 1 change detected
2026-05-12 15:48:05,092 [INFO] 1 change detected
2026-05-12 15:48:05,494 [INFO] 1 change detected
2026-05-12 15:48:05,900 [INFO] 1 change detected
2026-05-12 15:48:06,302 [INFO] 1 change detected
2026-05-12 15:48:06,707 [INFO] 1 change detected
2026-05-12 15:48:07,113 [INFO] 1 change detected
2026-05-12 15:48:07,518 [INFO] 1 change detected
2026-05-12 15:48:07,922 [INFO] 1 change detected
2026-05-12 15:48:08,331 [INFO] 1 change detected
2026-05-12 15:48:08,736 [INFO] 1 change detected
2026-05-12 15:48:09,141 [INFO] 1 change detected
2026-05-12 15:48:09,547 [INFO] 1 change detected
2026-05-12 15:48:09,954 [INFO] 1 change detected
2026-05-12 15:48:10,358 [INFO] 1 change detected
2026-05-12 15:48:10,764 [INFO] 1 change detected
2026-05-12 15:48:11,168 [INFO] 1 change detected
2026-05-12 15:48:11,573 [INFO] 1 change detected
2026-05-12 15:48:11,978 [INFO] 1 change detected
2026-05-12 15:48:12,383 [INFO] 1 change detected
2026-05-12 15:48:12,788 [INFO] 1 change detected
2026-05-12 15:48:13,193 [INFO] 1 change detected
2026-05-12 15:48:13,600 [INFO] 1 change detected
2026-05-12 15:48:14,005 [INFO] 1 change detected
2026-05-12 15:48:14,414 [INFO] 1 change detected
2026-05-12 15:48:14,819 [INFO] 1 change detected
2026-05-12 15:48:15,222 [INFO] 1 change detected
2026-05-12 15:48:15,626 [INFO] 1 change detected
2026-05-12 15:48:15,983 [INFO] 1 change detected
2026-05-12 15:48:16,394 [INFO] 1 change detected
2026-05-12 15:48:16,800 [INFO] 1 change detected
2026-05-12 15:48:17,206 [INFO] 1 change detected
2026-05-12 15:48:17,612 [INFO] 1 change detected
2026-05-12 15:48:18,015 [INFO] 1 change detected
2026-05-12 15:48:18,420 [INFO] 1 change detected
2026-05-12 15:48:18,826 [INFO] 1 change detected
2026-05-12 15:48:19,232 [INFO] 1 change detected
2026-05-12 15:48:19,639 [INFO] 1 change detected
2026-05-12 15:48:20,046 [INFO] 1 change detected
2026-05-12 15:48:20,451 [INFO] 1 change detected
2026-05-12 15:48:20,858 [INFO] 1 change detected
2026-05-12 15:48:21,264 [INFO] 1 change detected
2026-05-12 15:48:21,669 [INFO] 1 change detected
2026-05-12 15:48:22,077 [INFO] 1 change detected
2026-05-12 15:48:22,431 [INFO] 1 change detected
2026-05-12 15:48:22,840 [INFO] 1 change detected
2026-05-12 15:48:23,250 [INFO] 1 change detected
2026-05-12 15:48:23,655 [INFO] 1 change detected
2026-05-12 15:48:24,063 [INFO] 1 change detected
2026-05-12 15:48:24,469 [INFO] 1 change detected
2026-05-12 15:48:24,877 [INFO] 1 change detected
2026-05-12 15:48:25,282 [INFO] 1 change detected
2026-05-12 15:48:25,689 [INFO] 1 change detected
2026-05-12 15:48:26,092 [INFO] 1 change detected
2026-05-12 15:48:26,500 [INFO] 1 change detected
2026-05-12 15:48:26,906 [INFO] 1 change detected
2026-05-12 15:48:27,313 [INFO] 1 change detected
2026-05-12 15:48:27,719 [INFO] 1 change detected
2026-05-12 15:48:28,129 [INFO] 1 change detected
2026-05-12 15:48:28,533 [INFO] 1 change detected
2026-05-12 15:48:28,940 [INFO] 1 change detected
2026-05-12 15:48:29,344 [INFO] 1 change detected
2026-05-12 15:48:29,749 [INFO] 1 change detected
2026-05-12 15:48:30,106 [INFO] 1 change detected
2026-05-12 15:48:30,515 [INFO] 1 change detected
2026-05-12 15:48:30,922 [INFO] 1 change detected
2026-05-12 15:48:31,328 [INFO] 1 change detected
2026-05-12 15:48:31,737 [INFO] 1 change detected
2026-05-12 15:48:32,103 [INFO] 1 change detected
2026-05-12 15:48:32,512 [INFO] 1 change detected
2026-05-12 15:48:32,918 [INFO] 1 change detected
2026-05-12 15:48:33,326 [INFO] 1 change detected
2026-05-12 15:48:33,732 [INFO] 1 change detected
2026-05-12 15:48:34,137 [INFO] 1 change detected
2026-05-12 15:48:34,543 [INFO] 1 change detected
2026-05-12 15:48:34,947 [INFO] 1 change detected
2026-05-12 15:48:35,354 [INFO] 1 change detected
2026-05-12 15:48:35,760 [INFO] 1 change detected
2026-05-12 15:48:36,166 [INFO] 1 change detected
2026-05-12 15:48:36,571 [INFO] 1 change detected
2026-05-12 15:48:36,978 [INFO] 1 change detected
2026-05-12 15:48:37,386 [INFO] 1 change detected
2026-05-12 15:48:37,791 [INFO] 1 change detected
2026-05-12 15:48:38,198 [INFO] 1 change detected
2026-05-12 15:48:38,602 [INFO] 1 change detected
2026-05-12 15:48:39,007 [INFO] 1 change detected
2026-05-12 15:48:39,411 [INFO] 1 change detected
2026-05-12 15:48:39,814 [INFO] 1 change detected
2026-05-12 15:48:40,167 [INFO] 1 change detected
2026-05-12 15:48:40,578 [INFO] 1 change detected
2026-05-12 15:48:40,983 [INFO] 1 change detected
2026-05-12 15:48:41,390 [INFO] 1 change detected
2026-05-12 15:48:41,795 [INFO] 1 change detected
2026-05-12 15:48:42,201 [INFO] 1 change detected
2026-05-12 15:48:42,605 [INFO] 1 change detected
2026-05-12 15:48:43,011 [INFO] 1 change detected
2026-05-12 15:48:43,420 [INFO] 1 change detected
2026-05-12 15:48:43,824 [INFO] 1 change detected
2026-05-12 15:48:44,229 [INFO] 1 change detected
2026-05-12 15:48:44,632 [INFO] 1 change detected
2026-05-12 15:48:45,036 [INFO] 1 change detected
2026-05-12 15:48:45,441 [INFO] 1 change detected
2026-05-12 15:48:45,849 [INFO] 1 change detected
2026-05-12 15:48:46,255 [INFO] 1 change detected
2026-05-12 15:48:46,659 [INFO] 1 change detected
2026-05-12 15:48:47,067 [INFO] 1 change detected
2026-05-12 15:48:47,470 [INFO] 1 change detected
2026-05-12 15:48:47,880 [INFO] 1 change detected
2026-05-12 15:48:48,283 [INFO] 1 change detected
2026-05-12 15:48:48,689 [INFO] 1 change detected
2026-05-12 15:48:49,094 [INFO] 1 change detected
2026-05-12 15:48:49,498 [INFO] 1 change detected
2026-05-12 15:48:49,901 [INFO] 1 change detected
2026-05-12 15:48:50,267 [INFO] 1 change detected
2026-05-12 15:48:50,677 [INFO] 1 change detected
2026-05-12 15:48:51,083 [INFO] 1 change detected
2026-05-12 15:48:51,487 [INFO] 1 change detected
2026-05-12 15:48:51,889 [INFO] 1 change detected
2026-05-12 15:48:52,295 [INFO] 1 change detected
2026-05-12 15:48:52,699 [INFO] 1 change detected
2026-05-12 15:48:53,102 [INFO] 1 change detected
2026-05-12 15:48:53,507 [INFO] 1 change detected
2026-05-12 15:48:53,911 [INFO] 1 change detected
2026-05-12 15:48:54,316 [INFO] 1 change detected
2026-05-12 15:48:54,722 [INFO] 1 change detected
2026-05-12 15:48:55,128 [INFO] 1 change detected
2026-05-12 15:48:55,533 [INFO] 1 change detected
2026-05-12 15:48:55,939 [INFO] 1 change detected
2026-05-12 15:48:56,341 [INFO] 1 change detected
2026-05-12 15:48:56,745 [INFO] 1 change detected
2026-05-12 15:48:57,152 [INFO] 1 change detected
2026-05-12 15:48:57,557 [INFO] 1 change detected
2026-05-12 15:48:57,962 [INFO] 1 change detected
2026-05-12 15:48:58,367 [INFO] 1 change detected
2026-05-12 15:48:58,723 [INFO] 1 change detected
2026-05-12 15:48:59,131 [INFO] 1 change detected
2026-05-12 15:48:59,536 [INFO] 1 change detected
2026-05-12 15:48:59,943 [INFO] 1 change detected
2026-05-12 15:49:00,348 [INFO] 1 change detected
2026-05-12 15:49:00,751 [INFO] 1 change detected
2026-05-12 15:49:01,156 [INFO] 1 change detected
2026-05-12 15:49:01,561 [INFO] 1 change detected
2026-05-12 15:49:01,968 [INFO] 1 change detected
2026-05-12 15:49:02,377 [INFO] 1 change detected
2026-05-12 15:49:02,779 [INFO] 1 change detected
2026-05-12 15:49:03,188 [INFO] 1 change detected
2026-05-12 15:49:03,593 [INFO] 1 change detected
2026-05-12 15:49:03,998 [INFO] 1 change detected
2026-05-12 15:49:04,401 [INFO] 1 change detected
2026-05-12 15:49:04,806 [INFO] 1 change detected
2026-05-12 15:49:05,211 [INFO] 1 change detected
2026-05-12 15:49:05,616 [INFO] 1 change detected
2026-05-12 15:49:06,022 [INFO] 1 change detected
2026-05-12 15:49:06,429 [INFO] 1 change detected
2026-05-12 15:49:06,835 [INFO] 1 change detected
2026-05-12 15:49:07,241 [INFO] 1 change detected
2026-05-12 15:49:07,646 [INFO] 1 change detected
2026-05-12 15:49:08,051 [INFO] 1 change detected
2026-05-12 15:49:08,456 [INFO] 1 change detected
2026-05-12 15:49:08,859 [INFO] 1 change detected
2026-05-12 15:49:09,268 [INFO] 1 change detected
2026-05-12 15:49:09,675 [INFO] 1 change detected
2026-05-12 15:49:10,077 [INFO] 1 change detected
2026-05-12 15:49:10,481 [INFO] 1 change detected
2026-05-12 15:49:10,888 [INFO] 1 change detected
2026-05-12 15:49:11,295 [INFO] 1 change detected
2026-05-12 15:49:11,701 [INFO] 1 change detected
2026-05-12 15:49:12,105 [INFO] 1 change detected
2026-05-12 15:49:12,514 [INFO] 1 change detected
2026-05-12 15:49:12,881 [INFO] 1 change detected
2026-05-12 15:49:13,289 [INFO] 1 change detected
2026-05-12 15:49:13,694 [INFO] 1 change detected
2026-05-12 15:49:14,101 [INFO] 1 change detected
2026-05-12 15:49:14,504 [INFO] 1 change detected
2026-05-12 15:49:14,907 [INFO] 1 change detected
2026-05-12 15:49:15,312 [INFO] 1 change detected
2026-05-12 15:49:15,728 [INFO] 1 change detected
2026-05-12 15:49:16,136 [INFO] 1 change detected
2026-05-12 15:49:16,542 [INFO] 1 change detected
2026-05-12 15:49:16,949 [INFO] 1 change detected
2026-05-12 15:49:17,355 [INFO] 1 change detected
2026-05-12 15:49:17,760 [INFO] 1 change detected
2026-05-12 15:49:18,164 [INFO] 1 change detected
2026-05-12 15:49:18,572 [INFO] 1 change detected
2026-05-12 15:49:18,977 [INFO] 1 change detected
2026-05-12 15:49:19,382 [INFO] 1 change detected
2026-05-12 15:49:19,739 [INFO] 1 change detected
2026-05-12 15:49:20,149 [INFO] 1 change detected
2026-05-12 15:49:20,552 [INFO] 1 change detected
2026-05-12 15:49:20,956 [INFO] 1 change detected
2026-05-12 15:49:21,362 [INFO] 1 change detected
2026-05-12 15:49:21,767 [INFO] 1 change detected
2026-05-12 15:49:22,175 [INFO] 1 change detected
2026-05-12 15:49:22,578 [INFO] 1 change detected
2026-05-12 15:49:22,984 [INFO] 1 change detected
2026-05-12 15:49:23,390 [INFO] 1 change detected
2026-05-12 15:49:23,795 [INFO] 1 change detected
2026-05-12 15:49:24,200 [INFO] 1 change detected
2026-05-12 15:49:24,607 [INFO] 1 change detected
2026-05-12 15:49:25,017 [INFO] 1 change detected
2026-05-12 15:49:25,425 [INFO] 1 change detected
2026-05-12 15:49:25,830 [INFO] 1 change detected
2026-05-12 15:49:26,185 [INFO] 1 change detected
2026-05-12 15:49:26,594 [INFO] 1 change detected
2026-05-12 15:49:27,001 [INFO] 1 change detected
2026-05-12 15:49:27,403 [INFO] 1 change detected
2026-05-12 15:49:27,808 [INFO] 1 change detected
2026-05-12 15:49:28,214 [INFO] 1 change detected
2026-05-12 15:49:28,620 [INFO] 1 change detected
2026-05-12 15:49:29,036 [INFO] 1 change detected
2026-05-12 15:49:29,440 [INFO] 1 change detected
2026-05-12 15:49:29,845 [INFO] 1 change detected
2026-05-12 15:49:30,254 [INFO] 1 change detected
2026-05-12 15:49:30,658 [INFO] 1 change detected
2026-05-12 15:49:31,066 [INFO] 1 change detected
2026-05-12 15:49:31,470 [INFO] 1 change detected
2026-05-12 15:49:31,875 [INFO] 1 change detected
2026-05-12 15:49:32,282 [INFO] 1 change detected
2026-05-12 15:49:32,689 [INFO] 1 change detected
2026-05-12 15:49:33,095 [INFO] 1 change detected
2026-05-12 15:49:33,500 [INFO] 1 change detected
2026-05-12 15:49:33,905 [INFO] 1 change detected
2026-05-12 15:49:34,310 [INFO] 1 change detected
2026-05-12 15:49:34,667 [INFO] 1 change detected
2026-05-12 15:49:35,078 [INFO] 1 change detected
2026-05-12 15:49:35,482 [INFO] 1 change detected
2026-05-12 15:49:35,889 [INFO] 1 change detected
2026-05-12 15:49:36,295 [INFO] 1 change detected
2026-05-12 15:49:36,700 [INFO] 1 change detected
2026-05-12 15:49:37,109 [INFO] 1 change detected
2026-05-12 15:49:37,517 [INFO] 1 change detected
2026-05-12 15:49:37,925 [INFO] 1 change detected
2026-05-12 15:49:38,330 [INFO] 1 change detected
2026-05-12 15:49:38,734 [INFO] 1 change detected
2026-05-12 15:49:39,139 [INFO] 1 change detected
2026-05-12 15:49:39,545 [INFO] 1 change detected
2026-05-12 15:49:39,950 [INFO] 1 change detected
2026-05-12 15:49:40,353 [INFO] 1 change detected
2026-05-12 15:49:40,757 [INFO] 1 change detected
2026-05-12 15:49:41,113 [INFO] 1 change detected
2026-05-12 15:49:41,523 [INFO] 1 change detected
2026-05-12 15:49:41,930 [INFO] 1 change detected
2026-05-12 15:49:42,340 [INFO] 1 change detected
2026-05-12 15:49:42,744 [INFO] 1 change detected
2026-05-12 15:49:43,151 [INFO] 1 change detected
2026-05-12 15:49:43,558 [INFO] 1 change detected
2026-05-12 15:49:44,013 [INFO] 1 change detected
2026-05-12 15:49:44,379 [INFO] 1 change detected
2026-05-12 15:49:44,787 [INFO] 1 change detected
2026-05-12 15:49:45,192 [INFO] 1 change detected
2026-05-12 15:49:45,600 [INFO] 1 change detected
2026-05-12 15:49:46,005 [INFO] 1 change detected
2026-05-12 15:49:46,410 [INFO] 1 change detected
2026-05-12 15:49:46,768 [INFO] 1 change detected
2026-05-12 15:49:47,177 [INFO] 1 change detected
2026-05-12 15:49:47,583 [INFO] 1 change detected
2026-05-12 15:49:47,988 [INFO] 1 change detected
2026-05-12 15:49:48,394 [INFO] 1 change detected
2026-05-12 15:49:48,798 [INFO] 1 change detected
2026-05-12 15:49:49,205 [INFO] 1 change detected
2026-05-12 15:49:49,612 [INFO] 1 change detected
2026-05-12 15:49:50,018 [INFO] 1 change detected
2026-05-12 15:49:50,422 [INFO] 1 change detected
2026-05-12 15:49:50,829 [INFO] 1 change detected
2026-05-12 15:49:51,188 [INFO] 1 change detected
2026-05-12 15:49:51,596 [INFO] 1 change detected
2026-05-12 15:49:52,012 [INFO] 1 change detected
2026-05-12 15:49:52,416 [INFO] 1 change detected
2026-05-12 15:49:52,825 [INFO] 1 change detected
2026-05-12 15:49:53,229 [INFO] 1 change detected
2026-05-12 15:49:53,636 [INFO] 1 change detected
2026-05-12 15:49:54,040 [INFO] 1 change detected
2026-05-12 15:49:54,446 [INFO] 1 change detected
2026-05-12 15:49:54,852 [INFO] 1 change detected
2026-05-12 15:49:55,206 [INFO] 1 change detected
2026-05-12 15:49:55,617 [INFO] 1 change detected
2026-05-12 15:49:56,023 [INFO] 1 change detected
2026-05-12 15:49:56,429 [INFO] 1 change detected
2026-05-12 15:49:56,835 [INFO] 1 change detected
2026-05-12 15:49:57,240 [INFO] 1 change detected
2026-05-12 15:49:57,645 [INFO] 1 change detected
2026-05-12 15:49:58,050 [INFO] 1 change detected
2026-05-12 15:49:58,457 [INFO] 1 change detected
2026-05-12 15:49:58,860 [INFO] 1 change detected
2026-05-12 15:49:59,264 [INFO] 1 change detected
2026-05-12 15:49:59,671 [INFO] 1 change detected
2026-05-12 15:50:00,076 [INFO] 1 change detected
2026-05-12 15:50:00,480 [INFO] 1 change detected
2026-05-12 15:50:00,885 [INFO] 1 change detected
2026-05-12 15:50:01,294 [INFO] 1 change detected
2026-05-12 15:50:01,698 [INFO] 1 change detected
2026-05-12 15:50:02,103 [INFO] 1 change detected
2026-05-12 15:50:02,511 [INFO] 1 change detected
2026-05-12 15:50:02,916 [INFO] 1 change detected
2026-05-12 15:50:03,323 [INFO] 1 change detected
2026-05-12 15:50:03,729 [INFO] 1 change detected
2026-05-12 15:50:04,134 [INFO] 1 change detected
2026-05-12 15:50:04,538 [INFO] 1 change detected
2026-05-12 15:50:04,894 [INFO] 1 change detected
2026-05-12 15:50:05,303 [INFO] 1 change detected
2026-05-12 15:50:05,709 [INFO] 1 change detected
2026-05-12 15:50:06,113 [INFO] 1 change detected
2026-05-12 15:50:06,518 [INFO] 1 change detected
2026-05-12 15:50:06,923 [INFO] 1 change detected
2026-05-12 15:50:07,330 [INFO] 1 change detected
2026-05-12 15:50:07,735 [INFO] 1 change detected
2026-05-12 15:50:08,140 [INFO] 1 change detected
2026-05-12 15:50:08,545 [INFO] 1 change detected
2026-05-12 15:50:08,950 [INFO] 1 change detected
2026-05-12 15:50:09,358 [INFO] 1 change detected
2026-05-12 15:50:09,761 [INFO] 1 change detected
2026-05-12 15:50:10,165 [INFO] 1 change detected
2026-05-12 15:50:10,573 [INFO] 1 change detected
2026-05-12 15:50:10,928 [INFO] 1 change detected
2026-05-12 15:50:11,337 [INFO] 1 change detected
2026-05-12 15:50:11,743 [INFO] 1 change detected
2026-05-12 15:50:12,152 [INFO] 1 change detected
2026-05-12 15:50:12,557 [INFO] 1 change detected
2026-05-12 15:50:12,964 [INFO] 1 change detected
2026-05-12 15:50:13,318 [INFO] 1 change detected
2026-05-12 15:50:13,728 [INFO] 1 change detected
2026-05-12 15:50:14,134 [INFO] 1 change detected
2026-05-12 15:50:14,539 [INFO] 1 change detected
2026-05-12 15:50:14,943 [INFO] 1 change detected
2026-05-12 15:50:15,347 [INFO] 1 change detected
2026-05-12 15:50:15,754 [INFO] 1 change detected
2026-05-12 15:50:16,160 [INFO] 1 change detected
2026-05-12 15:50:16,566 [INFO] 1 change detected
2026-05-12 15:50:16,970 [INFO] 1 change detected
2026-05-12 15:50:17,375 [INFO] 1 change detected
2026-05-12 15:50:17,782 [INFO] 1 change detected
2026-05-12 15:50:18,187 [INFO] 1 change detected
2026-05-12 15:50:18,593 [INFO] 1 change detected
2026-05-12 15:50:18,999 [INFO] 1 change detected
2026-05-12 15:50:19,402 [INFO] 1 change detected
2026-05-12 15:50:19,806 [INFO] 1 change detected
2026-05-12 15:50:20,213 [INFO] 1 change detected
2026-05-12 15:50:20,571 [INFO] 1 change detected
2026-05-12 15:50:20,983 [INFO] 1 change detected
2026-05-12 15:50:21,388 [INFO] 1 change detected
2026-05-12 15:50:21,791 [INFO] 1 change detected
2026-05-12 15:50:22,198 [INFO] 1 change detected
2026-05-12 15:50:22,603 [INFO] 1 change detected
2026-05-12 15:50:22,959 [INFO] 1 change detected
2026-05-12 15:50:23,369 [INFO] 1 change detected
2026-05-12 15:50:23,774 [INFO] 1 change detected
2026-05-12 15:50:24,182 [INFO] 1 change detected
2026-05-12 15:50:24,588 [INFO] 1 change detected
2026-05-12 15:50:24,991 [INFO] 1 change detected
2026-05-12 15:50:25,399 [INFO] 1 change detected
2026-05-12 15:50:25,802 [INFO] 1 change detected
2026-05-12 15:50:26,158 [INFO] 1 change detected
2026-05-12 15:50:26,568 [INFO] 1 change detected
2026-05-12 15:50:26,975 [INFO] 1 change detected
2026-05-12 15:50:27,379 [INFO] 1 change detected
2026-05-12 15:50:27,785 [INFO] 1 change detected
2026-05-12 15:50:28,193 [INFO] 1 change detected
2026-05-12 15:50:28,595 [INFO] 1 change detected
2026-05-12 15:50:29,001 [INFO] 1 change detected
2026-05-12 15:50:29,407 [INFO] 1 change detected
2026-05-12 15:50:29,810 [INFO] 1 change detected
2026-05-12 15:50:30,219 [INFO] 1 change detected
2026-05-12 15:50:30,626 [INFO] 1 change detected
2026-05-12 15:50:31,030 [INFO] 1 change detected
2026-05-12 15:50:31,434 [INFO] 1 change detected
2026-05-12 15:50:31,841 [INFO] 1 change detected
2026-05-12 15:50:32,245 [INFO] 1 change detected
2026-05-12 15:50:32,654 [INFO] 1 change detected
2026-05-12 15:50:33,061 [INFO] 1 change detected
2026-05-12 15:50:33,417 [INFO] 1 change detected
2026-05-12 15:50:33,828 [INFO] 1 change detected
2026-05-12 15:50:34,233 [INFO] 1 change detected
2026-05-12 15:50:34,640 [INFO] 1 change detected
2026-05-12 15:50:35,046 [INFO] 1 change detected
2026-05-12 15:50:35,448 [INFO] 1 change detected
2026-05-12 15:50:35,852 [INFO] 1 change detected
2026-05-12 15:50:36,257 [INFO] 1 change detected
2026-05-12 15:50:36,663 [INFO] 1 change detected
2026-05-12 15:50:37,070 [INFO] 1 change detected
2026-05-12 15:50:37,427 [INFO] 1 change detected
2026-05-12 15:50:37,838 [INFO] 1 change detected
2026-05-12 15:50:38,242 [INFO] 1 change detected
2026-05-12 15:50:38,647 [INFO] 1 change detected
2026-05-12 15:50:39,053 [INFO] 1 change detected
2026-05-12 15:50:39,458 [INFO] 1 change detected
2026-05-12 15:50:39,866 [INFO] 1 change detected
2026-05-12 15:50:40,268 [INFO] 1 change detected
2026-05-12 15:50:40,669 [INFO] 1 change detected
2026-05-12 15:50:41,077 [INFO] 1 change detected
2026-05-12 15:50:41,480 [INFO] 1 change detected
2026-05-12 15:50:41,885 [INFO] 1 change detected
2026-05-12 15:50:42,291 [INFO] 1 change detected
2026-05-12 15:50:42,696 [INFO] 1 change detected
2026-05-12 15:50:43,105 [INFO] 1 change detected
2026-05-12 15:50:43,459 [INFO] 1 change detected
2026-05-12 15:50:43,869 [INFO] 1 change detected
2026-05-12 15:50:44,274 [INFO] 1 change detected
2026-05-12 15:50:44,680 [INFO] 1 change detected
2026-05-12 15:50:45,096 [INFO] 1 change detected
2026-05-12 15:50:45,502 [INFO] 1 change detected
2026-05-12 15:50:45,909 [INFO] 1 change detected
2026-05-12 15:50:46,312 [INFO] 1 change detected
2026-05-12 15:50:46,719 [INFO] 1 change detected
2026-05-12 15:50:47,125 [INFO] 1 change detected
2026-05-12 15:50:47,532 [INFO] 1 change detected
2026-05-12 15:50:47,941 [INFO] 1 change detected
2026-05-12 15:50:48,348 [INFO] 1 change detected
2026-05-12 15:50:48,752 [INFO] 1 change detected
2026-05-12 15:50:49,158 [INFO] 1 change detected
2026-05-12 15:50:49,565 [INFO] 1 change detected
2026-05-12 15:50:49,923 [INFO] 1 change detected
2026-05-12 15:50:50,335 [INFO] 1 change detected
2026-05-12 15:50:50,741 [INFO] 1 change detected
2026-05-12 15:50:51,147 [INFO] 1 change detected
2026-05-12 15:50:51,553 [INFO] 1 change detected
2026-05-12 15:50:51,956 [INFO] 1 change detected
2026-05-12 15:50:52,363 [INFO] 1 change detected
2026-05-12 15:50:52,769 [INFO] 1 change detected
2026-05-12 15:50:53,172 [INFO] 1 change detected
2026-05-12 15:50:53,528 [INFO] 1 change detected
2026-05-12 15:50:53,938 [INFO] 1 change detected
2026-05-12 15:50:54,346 [INFO] 1 change detected
2026-05-12 15:50:54,752 [INFO] 1 change detected
2026-05-12 15:50:55,157 [INFO] 1 change detected
2026-05-12 15:50:55,565 [INFO] 1 change detected
2026-05-12 15:50:55,970 [INFO] 1 change detected
2026-05-12 15:50:56,379 [INFO] 1 change detected
2026-05-12 15:50:56,784 [INFO] 1 change detected
2026-05-12 15:50:57,188 [INFO] 1 change detected
2026-05-12 15:50:57,594 [INFO] 1 change detected
2026-05-12 15:50:58,000 [INFO] 1 change detected
2026-05-12 15:50:58,407 [INFO] 1 change detected
2026-05-12 15:50:58,808 [INFO] 1 change detected
2026-05-12 15:50:59,215 [INFO] 1 change detected
2026-05-12 15:50:59,621 [INFO] 1 change detected
2026-05-12 15:51:00,026 [INFO] 1 change detected
2026-05-12 15:51:00,431 [INFO] 1 change detected
2026-05-12 15:51:00,836 [INFO] 1 change detected
2026-05-12 15:51:01,242 [INFO] 1 change detected
2026-05-12 15:51:01,648 [INFO] 1 change detected
2026-05-12 15:51:02,055 [INFO] 1 change detected
2026-05-12 15:51:02,456 [INFO] 1 change detected
2026-05-12 15:51:02,862 [INFO] 1 change detected
2026-05-12 15:51:03,270 [INFO] 1 change detected
2026-05-12 15:51:03,673 [INFO] 1 change detected
2026-05-12 15:51:04,030 [INFO] 1 change detected
2026-05-12 15:51:04,438 [INFO] 1 change detected
2026-05-12 15:51:04,842 [INFO] 1 change detected
2026-05-12 15:51:05,247 [INFO] 1 change detected
2026-05-12 15:51:05,651 [INFO] 1 change detected
2026-05-12 15:51:06,055 [INFO] 1 change detected
2026-05-12 15:51:06,461 [INFO] 1 change detected
2026-05-12 15:51:06,865 [INFO] 1 change detected
2026-05-12 15:51:07,268 [INFO] 1 change detected
2026-05-12 15:51:07,672 [INFO] 1 change detected
2026-05-12 15:51:08,077 [INFO] 1 change detected
2026-05-12 15:51:08,481 [INFO] 1 change detected
2026-05-12 15:51:08,886 [INFO] 1 change detected
2026-05-12 15:51:09,291 [INFO] 1 change detected
2026-05-12 15:51:09,695 [INFO] 1 change detected
2026-05-12 15:51:10,102 [INFO] 1 change detected
2026-05-12 15:51:10,509 [INFO] 1 change detected
2026-05-12 15:51:10,917 [INFO] 1 change detected
2026-05-12 15:51:11,323 [INFO] 1 change detected
2026-05-12 15:51:11,727 [INFO] 1 change detected
2026-05-12 15:51:12,130 [INFO] 1 change detected
2026-05-12 15:51:12,537 [INFO] 1 change detected
2026-05-12 15:51:12,942 [INFO] 1 change detected
2026-05-12 15:51:13,345 [INFO] 1 change detected
2026-05-12 15:51:13,748 [INFO] 1 change detected
2026-05-12 15:51:14,154 [INFO] 1 change detected
2026-05-12 15:51:14,508 [INFO] 1 change detected
2026-05-12 15:51:14,919 [INFO] 1 change detected
2026-05-12 15:51:15,326 [INFO] 1 change detected
2026-05-12 15:51:15,728 [INFO] 1 change detected
2026-05-12 15:51:16,133 [INFO] 1 change detected
2026-05-12 15:51:16,540 [INFO] 1 change detected
2026-05-12 15:51:16,945 [INFO] 1 change detected
2026-05-12 15:51:17,349 [INFO] 1 change detected
2026-05-12 15:51:17,754 [INFO] 1 change detected
2026-05-12 15:51:18,158 [INFO] 1 change detected
2026-05-12 15:51:18,564 [INFO] 1 change detected
2026-05-12 15:51:18,967 [INFO] 1 change detected
2026-05-12 15:51:19,374 [INFO] 1 change detected
2026-05-12 15:51:19,778 [INFO] 1 change detected
2026-05-12 15:51:20,181 [INFO] 1 change detected
2026-05-12 15:51:20,586 [INFO] 1 change detected
2026-05-12 15:51:20,991 [INFO] 1 change detected
2026-05-12 15:51:21,396 [INFO] 1 change detected
2026-05-12 15:51:21,755 [INFO] 1 change detected
2026-05-12 15:51:22,113 [INFO] 1 change detected
2026-05-12 15:51:22,470 [INFO] 1 change detected
2026-05-12 15:51:22,878 [INFO] 1 change detected
2026-05-12 15:51:23,282 [INFO] 1 change detected
2026-05-12 15:51:23,636 [INFO] 1 change detected
2026-05-12 15:51:23,994 [INFO] 1 change detected
2026-05-12 15:51:24,355 [INFO] 1 change detected
2026-05-12 15:51:24,760 [INFO] 1 change detected
2026-05-12 15:51:25,117 [INFO] 1 change detected
2026-05-12 15:51:25,528 [INFO] 1 change detected
2026-05-12 15:51:25,932 [INFO] 1 change detected
2026-05-12 15:51:26,349 [INFO] 1 change detected
2026-05-12 15:51:26,754 [INFO] 1 change detected
2026-05-12 15:51:27,157 [INFO] 1 change detected
2026-05-12 15:51:27,560 [INFO] 1 change detected
2026-05-12 15:51:27,967 [INFO] 1 change detected
2026-05-12 15:51:28,371 [INFO] 1 change detected
2026-05-12 15:51:28,778 [INFO] 1 change detected
2026-05-12 15:51:29,181 [INFO] 1 change detected
2026-05-12 15:51:29,586 [INFO] 1 change detected
2026-05-12 15:51:29,991 [INFO] 1 change detected
2026-05-12 15:51:30,396 [INFO] 1 change detected
2026-05-12 15:51:30,801 [INFO] 1 change detected
2026-05-12 15:51:31,206 [INFO] 1 change detected
2026-05-12 15:51:31,563 [INFO] 1 change detected
2026-05-12 15:51:31,972 [INFO] 1 change detected
2026-05-12 15:51:32,378 [INFO] 1 change detected
2026-05-12 15:51:32,782 [INFO] 1 change detected
2026-05-12 15:51:33,187 [INFO] 1 change detected
2026-05-12 15:51:33,592 [INFO] 1 change detected
2026-05-12 15:51:33,998 [INFO] 1 change detected
2026-05-12 15:51:34,403 [INFO] 1 change detected
2026-05-12 15:51:34,808 [INFO] 1 change detected
2026-05-12 15:51:35,165 [INFO] 1 change detected
2026-05-12 15:51:35,575 [INFO] 1 change detected
2026-05-12 15:51:35,988 [INFO] 1 change detected
2026-05-12 15:51:36,392 [INFO] 1 change detected
2026-05-12 15:51:36,797 [INFO] 1 change detected
2026-05-12 15:51:37,201 [INFO] 1 change detected
2026-05-12 15:51:37,603 [INFO] 1 change detected
2026-05-12 15:51:37,969 [INFO] 1 change detected
2026-05-12 15:51:38,377 [INFO] 1 change detected
2026-05-12 15:51:38,781 [INFO] 1 change detected
2026-05-12 15:51:39,189 [INFO] 1 change detected
2026-05-12 15:51:39,592 [INFO] 1 change detected
2026-05-12 15:51:39,995 [INFO] 1 change detected
2026-05-12 15:51:40,399 [INFO] 1 change detected
2026-05-12 15:51:40,805 [INFO] 1 change detected
2026-05-12 15:51:41,212 [INFO] 1 change detected
2026-05-12 15:51:41,616 [INFO] 1 change detected
2026-05-12 15:51:42,021 [INFO] 1 change detected
2026-05-12 15:51:42,423 [INFO] 1 change detected
2026-05-12 15:51:42,827 [INFO] 1 change detected
2026-05-12 15:51:43,233 [INFO] 1 change detected
2026-05-12 15:51:43,637 [INFO] 1 change detected
2026-05-12 15:51:44,044 [INFO] 1 change detected
2026-05-12 15:51:44,447 [INFO] 1 change detected
2026-05-12 15:51:44,852 [INFO] 1 change detected
2026-05-12 15:51:45,260 [INFO] 1 change detected
2026-05-12 15:51:45,674 [INFO] 1 change detected
2026-05-12 15:51:46,081 [INFO] 1 change detected
2026-05-12 15:51:46,489 [INFO] 1 change detected
2026-05-12 15:51:46,895 [INFO] 1 change detected
2026-05-12 15:51:47,300 [INFO] 1 change detected
2026-05-12 15:51:47,703 [INFO] 1 change detected
2026-05-12 15:51:48,108 [INFO] 1 change detected
2026-05-12 15:51:48,467 [INFO] 1 change detected
2026-05-12 15:51:48,878 [INFO] 1 change detected
2026-05-12 15:51:49,285 [INFO] 1 change detected
2026-05-12 15:51:49,691 [INFO] 1 change detected
2026-05-12 15:51:50,096 [INFO] 1 change detected
2026-05-12 15:51:50,502 [INFO] 1 change detected
2026-05-12 15:51:50,908 [INFO] 1 change detected
2026-05-12 15:51:51,313 [INFO] 1 change detected
2026-05-12 15:51:51,671 [INFO] 1 change detected
2026-05-12 15:51:52,082 [INFO] 1 change detected
2026-05-12 15:51:52,486 [INFO] 1 change detected
2026-05-12 15:51:52,892 [INFO] 1 change detected
2026-05-12 15:51:53,300 [INFO] 1 change detected
2026-05-12 15:51:53,710 [INFO] 1 change detected
2026-05-12 15:51:54,114 [INFO] 1 change detected
2026-05-12 15:51:54,474 [INFO] 1 change detected
2026-05-12 15:51:54,886 [INFO] 1 change detected
2026-05-12 15:51:55,298 [INFO] 1 change detected
2026-05-12 15:51:55,654 [INFO] 1 change detected
2026-05-12 15:51:56,065 [INFO] 1 change detected
2026-05-12 15:51:56,471 [INFO] 1 change detected
2026-05-12 15:51:56,876 [INFO] 1 change detected
2026-05-12 15:51:57,286 [INFO] 1 change detected
2026-05-12 15:51:57,692 [INFO] 1 change detected
2026-05-12 15:51:58,102 [INFO] 1 change detected
2026-05-12 15:51:58,509 [INFO] 1 change detected
2026-05-12 15:51:58,918 [INFO] 1 change detected
2026-05-12 15:51:59,277 [INFO] 1 change detected
2026-05-12 15:51:59,681 [INFO] 1 change detected
2026-05-12 15:52:00,087 [INFO] 1 change detected
2026-05-12 15:52:00,489 [INFO] 1 change detected
2026-05-12 15:52:00,893 [INFO] 1 change detected
2026-05-12 15:52:01,309 [INFO] 1 change detected
2026-05-12 15:52:01,717 [INFO] 1 change detected
2026-05-12 15:52:02,122 [INFO] 1 change detected
2026-05-12 15:52:02,527 [INFO] 1 change detected
2026-05-12 15:52:02,934 [INFO] 1 change detected
2026-05-12 15:52:03,341 [INFO] 1 change detected
2026-05-12 15:52:03,744 [INFO] 1 change detected
2026-05-12 15:52:04,146 [INFO] 1 change detected
2026-05-12 15:52:04,551 [INFO] 1 change detected
2026-05-12 15:52:04,957 [INFO] 1 change detected
2026-05-12 15:52:05,362 [INFO] 1 change detected
2026-05-12 15:52:05,767 [INFO] 1 change detected
2026-05-12 15:52:06,125 [INFO] 1 change detected
2026-05-12 15:52:06,532 [INFO] 1 change detected
2026-05-12 15:52:06,934 [INFO] 1 change detected
2026-05-12 15:52:07,338 [INFO] 1 change detected
2026-05-12 15:52:07,796 [INFO] 1 change detected
2026-05-12 15:52:08,150 [INFO] 1 change detected
2026-05-12 15:52:08,559 [INFO] 1 change detected
2026-05-12 15:52:08,965 [INFO] 1 change detected
2026-05-12 15:52:09,372 [INFO] 1 change detected
2026-05-12 15:52:09,776 [INFO] 1 change detected
2026-05-12 15:52:10,180 [INFO] 1 change detected
2026-05-12 15:52:10,586 [INFO] 1 change detected
2026-05-12 15:52:10,995 [INFO] 1 change detected
2026-05-12 15:52:11,399 [INFO] 1 change detected
2026-05-12 15:52:11,804 [INFO] 1 change detected
2026-05-12 15:52:12,212 [INFO] 1 change detected
2026-05-12 15:52:12,567 [INFO] 1 change detected
2026-05-12 15:52:12,976 [INFO] 1 change detected
2026-05-12 15:52:13,380 [INFO] 1 change detected
2026-05-12 15:52:13,787 [INFO] 1 change detected
2026-05-12 15:52:14,195 [INFO] 1 change detected
2026-05-12 15:52:14,601 [INFO] 1 change detected
2026-05-12 15:52:15,006 [INFO] 1 change detected
2026-05-12 15:52:15,361 [INFO] 1 change detected
2026-05-12 15:52:15,773 [INFO] 1 change detected
2026-05-12 15:52:16,180 [INFO] 1 change detected
2026-05-12 15:52:16,584 [INFO] 1 change detected
2026-05-12 15:52:16,990 [INFO] 1 change detected
2026-05-12 15:52:17,392 [INFO] 1 change detected
2026-05-12 15:52:17,796 [INFO] 1 change detected
2026-05-12 15:52:18,201 [INFO] 1 change detected
2026-05-12 15:52:18,559 [INFO] 1 change detected
2026-05-12 15:52:18,971 [INFO] 1 change detected
2026-05-12 15:52:19,384 [INFO] 1 change detected
2026-05-12 15:52:19,793 [INFO] 1 change detected
2026-05-12 15:52:20,148 [INFO] 1 change detected
2026-05-12 15:52:20,559 [INFO] 1 change detected
2026-05-12 15:52:20,963 [INFO] 1 change detected
2026-05-12 15:52:21,367 [INFO] 1 change detected
2026-05-12 15:52:21,773 [INFO] 1 change detected
2026-05-12 15:52:22,181 [INFO] 1 change detected
2026-05-12 15:52:22,589 [INFO] 1 change detected
2026-05-12 15:52:22,991 [INFO] 1 change detected
2026-05-12 15:52:23,396 [INFO] 1 change detected
2026-05-12 15:52:23,752 [INFO] 1 change detected
2026-05-12 15:52:24,162 [INFO] 1 change detected
2026-05-12 15:52:24,567 [INFO] 1 change detected
2026-05-12 15:52:24,973 [INFO] 1 change detected
2026-05-12 15:52:25,375 [INFO] 1 change detected
2026-05-12 15:52:25,782 [INFO] 1 change detected
2026-05-12 15:52:26,188 [INFO] 1 change detected
2026-05-12 15:52:26,546 [INFO] 1 change detected
2026-05-12 15:52:26,958 [INFO] 1 change detected
2026-05-12 15:52:27,365 [INFO] 1 change detected
2026-05-12 15:52:27,773 [INFO] 1 change detected
2026-05-12 15:52:28,179 [INFO] 1 change detected
2026-05-12 15:52:28,536 [INFO] 1 change detected
2026-05-12 15:52:28,946 [INFO] 1 change detected
2026-05-12 15:52:29,351 [INFO] 1 change detected
2026-05-12 15:52:29,760 [INFO] 1 change detected
2026-05-12 15:52:30,168 [INFO] 1 change detected
2026-05-12 15:52:30,574 [INFO] 1 change detected
2026-05-12 15:52:30,980 [INFO] 1 change detected
2026-05-12 15:52:31,385 [INFO] 1 change detected
2026-05-12 15:52:31,789 [INFO] 1 change detected
2026-05-12 15:52:32,196 [INFO] 1 change detected
2026-05-12 15:52:32,602 [INFO] 1 change detected
2026-05-12 15:52:32,957 [INFO] 1 change detected
2026-05-12 15:52:33,366 [INFO] 1 change detected
2026-05-12 15:52:33,771 [INFO] 1 change detected
2026-05-12 15:52:34,181 [INFO] 1 change detected
2026-05-12 15:52:34,585 [INFO] 1 change detected
2026-05-12 15:52:34,989 [INFO] 1 change detected
2026-05-12 15:52:35,395 [INFO] 1 change detected
2026-05-12 15:52:35,801 [INFO] 1 change detected
2026-05-12 15:52:36,206 [INFO] 1 change detected
2026-05-12 15:52:36,612 [INFO] 1 change detected
2026-05-12 15:52:37,019 [INFO] 1 change detected
2026-05-12 15:52:37,424 [INFO] 1 change detected
2026-05-12 15:52:37,830 [INFO] 1 change detected
2026-05-12 15:52:38,188 [INFO] 1 change detected
2026-05-12 15:52:38,597 [INFO] 1 change detected
2026-05-12 15:52:39,006 [INFO] 1 change detected
2026-05-12 15:52:39,413 [INFO] 1 change detected
2026-05-12 15:52:39,821 [INFO] 1 change detected
2026-05-12 15:52:40,227 [INFO] 1 change detected
2026-05-12 15:52:40,633 [INFO] 1 change detected
2026-05-12 15:52:41,036 [INFO] 1 change detected
2026-05-12 15:52:41,440 [INFO] 1 change detected
2026-05-12 15:52:41,846 [INFO] 1 change detected
2026-05-12 15:52:42,252 [INFO] 1 change detected
2026-05-12 15:52:42,658 [INFO] 1 change detected
2026-05-12 15:52:43,064 [INFO] 1 change detected
2026-05-12 15:52:43,468 [INFO] 1 change detected
2026-05-12 15:52:43,874 [INFO] 1 change detected
2026-05-12 15:52:44,279 [INFO] 1 change detected
2026-05-12 15:52:44,634 [INFO] 1 change detected
2026-05-12 15:52:45,044 [INFO] 1 change detected
2026-05-12 15:52:45,449 [INFO] 1 change detected
2026-05-12 15:52:45,857 [INFO] 1 change detected
2026-05-12 15:52:46,215 [INFO] 1 change detected
2026-05-12 15:52:46,623 [INFO] 1 change detected
2026-05-12 15:52:47,029 [INFO] 1 change detected
2026-05-12 15:52:47,434 [INFO] 1 change detected
2026-05-12 15:52:47,837 [INFO] 1 change detected
2026-05-12 15:52:48,241 [INFO] 1 change detected
2026-05-12 15:52:48,647 [INFO] 1 change detected
2026-05-12 15:52:49,051 [INFO] 1 change detected
2026-05-12 15:52:49,457 [INFO] 1 change detected
2026-05-12 15:52:49,817 [INFO] 1 change detected
2026-05-12 15:52:50,225 [INFO] 1 change detected
2026-05-12 15:52:50,631 [INFO] 1 change detected
2026-05-12 15:52:51,037 [INFO] 1 change detected
2026-05-12 15:52:51,442 [INFO] 1 change detected
2026-05-12 15:52:51,848 [INFO] 1 change detected
2026-05-12 15:52:52,256 [INFO] 1 change detected
2026-05-12 15:52:52,657 [INFO] 1 change detected
2026-05-12 15:52:53,063 [INFO] 1 change detected
2026-05-12 15:52:53,468 [INFO] 1 change detected
2026-05-12 15:52:53,874 [INFO] 1 change detected
2026-05-12 15:52:54,281 [INFO] 1 change detected
2026-05-12 15:52:54,685 [INFO] 1 change detected
2026-05-12 15:52:55,040 [INFO] 1 change detected
2026-05-12 15:52:55,452 [INFO] 1 change detected
2026-05-12 15:52:55,858 [INFO] 1 change detected
2026-05-12 15:52:56,264 [INFO] 1 change detected
2026-05-12 15:52:56,668 [INFO] 1 change detected
2026-05-12 15:52:57,072 [INFO] 1 change detected
2026-05-12 15:52:57,479 [INFO] 1 change detected
2026-05-12 15:52:57,884 [INFO] 1 change detected
2026-05-12 15:52:58,286 [INFO] 1 change detected
2026-05-12 15:52:58,692 [INFO] 1 change detected
2026-05-12 15:52:59,096 [INFO] 1 change detected
2026-05-12 15:52:59,502 [INFO] 1 change detected
2026-05-12 15:52:59,908 [INFO] 1 change detected
2026-05-12 15:53:00,312 [INFO] 1 change detected
2026-05-12 15:53:00,719 [INFO] 1 change detected
2026-05-12 15:53:01,124 [INFO] 1 change detected
2026-05-12 15:53:01,527 [INFO] 1 change detected
2026-05-12 15:53:01,933 [INFO] 1 change detected
2026-05-12 15:53:02,340 [INFO] 1 change detected
2026-05-12 15:53:02,695 [INFO] 1 change detected
2026-05-12 15:53:03,106 [INFO] 1 change detected
2026-05-12 15:53:03,513 [INFO] 1 change detected
2026-05-12 15:53:03,917 [INFO] 1 change detected
2026-05-12 15:53:04,320 [INFO] 1 change detected
2026-05-12 15:53:04,727 [INFO] 1 change detected
2026-05-12 15:53:05,130 [INFO] 1 change detected
2026-05-12 15:53:05,536 [INFO] 1 change detected
2026-05-12 15:53:05,940 [INFO] 1 change detected
2026-05-12 15:53:06,346 [INFO] 1 change detected
2026-05-12 15:53:06,753 [INFO] 1 change detected
2026-05-12 15:53:07,157 [INFO] 1 change detected
2026-05-12 15:53:07,564 [INFO] 1 change detected
2026-05-12 15:53:07,970 [INFO] 1 change detected
2026-05-12 15:53:08,376 [INFO] 1 change detected
2026-05-12 15:53:08,782 [INFO] 1 change detected
2026-05-12 15:53:09,140 [INFO] 1 change detected
2026-05-12 15:53:09,547 [INFO] 1 change detected
2026-05-12 15:53:09,952 [INFO] 1 change detected
2026-05-12 15:53:10,358 [INFO] 1 change detected
2026-05-12 15:53:10,764 [INFO] 1 change detected
2026-05-12 15:53:11,167 [INFO] 1 change detected
2026-05-12 15:53:11,574 [INFO] 1 change detected
2026-05-12 15:53:11,980 [INFO] 1 change detected
2026-05-12 15:53:12,384 [INFO] 1 change detected
2026-05-12 15:53:12,789 [INFO] 1 change detected
2026-05-12 15:53:13,193 [INFO] 1 change detected
2026-05-12 15:53:13,599 [INFO] 1 change detected
2026-05-12 15:53:14,003 [INFO] 1 change detected
2026-05-12 15:53:14,361 [INFO] 1 change detected
2026-05-12 15:53:14,770 [INFO] 1 change detected
2026-05-12 15:53:15,176 [INFO] 1 change detected
2026-05-12 15:53:15,581 [INFO] 1 change detected
2026-05-12 15:53:15,986 [INFO] 1 change detected
2026-05-12 15:53:16,392 [INFO] 1 change detected
2026-05-12 15:53:16,799 [INFO] 1 change detected
2026-05-12 15:53:17,203 [INFO] 1 change detected
2026-05-12 15:53:17,609 [INFO] 1 change detected
2026-05-12 15:53:18,018 [INFO] 1 change detected
2026-05-12 15:53:18,420 [INFO] 1 change detected
2026-05-12 15:53:18,823 [INFO] 1 change detected
2026-05-12 15:53:19,228 [INFO] 1 change detected
2026-05-12 15:53:19,634 [INFO] 1 change detected
2026-05-12 15:53:20,039 [INFO] 1 change detected
2026-05-12 15:53:20,396 [INFO] 1 change detected
2026-05-12 15:53:20,803 [INFO] 1 change detected
2026-05-12 15:53:21,208 [INFO] 1 change detected
2026-05-12 15:53:21,614 [INFO] 1 change detected
2026-05-12 15:53:22,019 [INFO] 1 change detected
2026-05-12 15:53:22,422 [INFO] 1 change detected
2026-05-12 15:53:22,828 [INFO] 1 change detected
2026-05-12 15:53:23,232 [INFO] 1 change detected
2026-05-12 15:53:23,636 [INFO] 1 change detected
2026-05-12 15:53:24,038 [INFO] 1 change detected
2026-05-12 15:53:24,446 [INFO] 1 change detected
2026-05-12 15:53:24,854 [INFO] 1 change detected
2026-05-12 15:53:25,261 [INFO] 1 change detected
2026-05-12 15:53:25,665 [INFO] 1 change detected
2026-05-12 15:53:26,071 [INFO] 1 change detected
2026-05-12 15:53:26,477 [INFO] 1 change detected
2026-05-12 15:53:26,882 [INFO] 1 change detected
2026-05-12 15:53:27,289 [INFO] 1 change detected
2026-05-12 15:53:27,645 [INFO] 1 change detected
2026-05-12 15:53:28,055 [INFO] 1 change detected
2026-05-12 15:53:28,462 [INFO] 1 change detected
2026-05-12 15:53:28,866 [INFO] 1 change detected
2026-05-12 15:53:29,272 [INFO] 1 change detected
2026-05-12 15:53:29,680 [INFO] 1 change detected
2026-05-12 15:53:30,097 [INFO] 1 change detected
2026-05-12 15:53:30,502 [INFO] 1 change detected
2026-05-12 15:53:30,908 [INFO] 1 change detected
2026-05-12 15:53:31,315 [INFO] 1 change detected
2026-05-12 15:53:31,720 [INFO] 1 change detected
2026-05-12 15:53:32,127 [INFO] 1 change detected
2026-05-12 15:53:32,531 [INFO] 1 change detected
2026-05-12 15:53:32,891 [INFO] 1 change detected
2026-05-12 15:53:33,301 [INFO] 1 change detected
2026-05-12 15:53:33,705 [INFO] 1 change detected
2026-05-12 15:53:34,108 [INFO] 1 change detected
2026-05-12 15:53:34,513 [INFO] 1 change detected
2026-05-12 15:53:34,919 [INFO] 1 change detected
2026-05-12 15:53:35,321 [INFO] 1 change detected
2026-05-12 15:53:35,730 [INFO] 1 change detected
2026-05-12 15:53:36,132 [INFO] 1 change detected
2026-05-12 15:53:36,535 [INFO] 1 change detected
2026-05-12 15:53:36,940 [INFO] 1 change detected
2026-05-12 15:53:37,342 [INFO] 1 change detected
2026-05-12 15:53:37,748 [INFO] 1 change detected
2026-05-12 15:53:38,155 [INFO] 1 change detected
2026-05-12 15:53:38,561 [INFO] 1 change detected
2026-05-12 15:53:38,965 [INFO] 1 change detected
2026-05-12 15:53:39,370 [INFO] 1 change detected
2026-05-12 15:53:39,774 [INFO] 1 change detected
2026-05-12 15:53:40,182 [INFO] 1 change detected
2026-05-12 15:53:40,588 [INFO] 1 change detected
2026-05-12 15:53:40,991 [INFO] 1 change detected
2026-05-12 15:53:41,398 [INFO] 1 change detected
2026-05-12 15:53:41,853 [INFO] 1 change detected
2026-05-12 15:53:42,218 [INFO] 1 change detected
2026-05-12 15:53:42,629 [INFO] 1 change detected
2026-05-12 15:53:43,032 [INFO] 1 change detected
2026-05-12 15:53:43,436 [INFO] 1 change detected
2026-05-12 15:53:43,843 [INFO] 1 change detected
2026-05-12 15:53:44,200 [INFO] 1 change detected
2026-05-12 15:53:44,609 [INFO] 1 change detected
2026-05-12 15:53:45,013 [INFO] 1 change detected
2026-05-12 15:53:45,418 [INFO] 1 change detected
2026-05-12 15:53:45,825 [INFO] 1 change detected
2026-05-12 15:53:46,229 [INFO] 1 change detected
2026-05-12 15:53:46,635 [INFO] 1 change detected
2026-05-12 15:53:47,040 [INFO] 1 change detected
2026-05-12 15:53:47,445 [INFO] 1 change detected
2026-05-12 15:53:47,803 [INFO] 1 change detected
2026-05-12 15:53:48,210 [INFO] 1 change detected
2026-05-12 15:53:48,665 [INFO] 1 change detected
2026-05-12 15:53:49,030 [INFO] 1 change detected
2026-05-12 15:53:49,440 [INFO] 1 change detected
2026-05-12 15:53:49,842 [INFO] 1 change detected
2026-05-12 15:53:50,247 [INFO] 1 change detected
2026-05-12 15:53:50,652 [INFO] 1 change detected
2026-05-12 15:53:51,055 [INFO] 1 change detected
2026-05-12 15:53:51,459 [INFO] 1 change detected
2026-05-12 15:53:51,864 [INFO] 1 change detected
2026-05-12 15:53:52,266 [INFO] 1 change detected
2026-05-12 15:53:52,671 [INFO] 1 change detected
2026-05-12 15:53:53,078 [INFO] 1 change detected
2026-05-12 15:53:53,483 [INFO] 1 change detected
2026-05-12 15:53:53,888 [INFO] 1 change detected
2026-05-12 15:53:54,247 [INFO] 1 change detected
2026-05-12 15:53:54,652 [INFO] 1 change detected
2026-05-12 15:53:55,056 [INFO] 1 change detected
2026-05-12 15:53:55,461 [INFO] 1 change detected
2026-05-12 15:53:55,868 [INFO] 1 change detected
2026-05-12 15:53:56,274 [INFO] 1 change detected
2026-05-12 15:53:56,677 [INFO] 1 change detected
2026-05-12 15:53:57,085 [INFO] 1 change detected
2026-05-12 15:53:57,491 [INFO] 1 change detected
2026-05-12 15:53:57,894 [INFO] 1 change detected
2026-05-12 15:53:58,301 [INFO] 1 change detected
2026-05-12 15:53:58,705 [INFO] 1 change detected
2026-05-12 15:53:59,111 [INFO] 1 change detected
2026-05-12 15:53:59,519 [INFO] 1 change detected
2026-05-12 15:53:59,926 [INFO] 1 change detected
2026-05-12 15:54:00,332 [INFO] 1 change detected
2026-05-12 15:54:00,738 [INFO] 1 change detected
2026-05-12 15:54:01,142 [INFO] 1 change detected
2026-05-12 15:54:01,548 [INFO] 1 change detected
2026-05-12 15:54:01,953 [INFO] 1 change detected
2026-05-12 15:54:02,358 [INFO] 1 change detected
2026-05-12 15:54:02,762 [INFO] 1 change detected
2026-05-12 15:54:03,167 [INFO] 1 change detected
2026-05-12 15:54:03,570 [INFO] 1 change detected
2026-05-12 15:54:03,929 [INFO] 1 change detected
2026-05-12 15:54:04,341 [INFO] 1 change detected
2026-05-12 15:54:04,746 [INFO] 1 change detected
2026-05-12 15:54:05,149 [INFO] 1 change detected
2026-05-12 15:54:05,554 [INFO] 1 change detected
2026-05-12 15:54:05,959 [INFO] 1 change detected
2026-05-12 15:54:06,364 [INFO] 1 change detected
2026-05-12 15:54:06,770 [INFO] 1 change detected
2026-05-12 15:54:07,173 [INFO] 1 change detected
2026-05-12 15:54:07,578 [INFO] 1 change detected
2026-05-12 15:54:07,985 [INFO] 1 change detected
2026-05-12 15:54:08,390 [INFO] 1 change detected
2026-05-12 15:54:08,796 [INFO] 1 change detected
2026-05-12 15:54:09,203 [INFO] 1 change detected
2026-05-12 15:54:09,605 [INFO] 1 change detected
2026-05-12 15:54:10,009 [INFO] 1 change detected
2026-05-12 15:54:10,414 [INFO] 1 change detected
2026-05-12 15:54:10,771 [INFO] 1 change detected
2026-05-12 15:54:11,176 [INFO] 1 change detected
2026-05-12 15:54:11,580 [INFO] 1 change detected
2026-05-12 15:54:11,983 [INFO] 1 change detected
2026-05-12 15:54:12,388 [INFO] 1 change detected
2026-05-12 15:54:12,794 [INFO] 1 change detected
2026-05-12 15:54:13,199 [INFO] 1 change detected
2026-05-12 15:54:13,605 [INFO] 1 change detected
2026-05-12 15:54:14,009 [INFO] 1 change detected
2026-05-12 15:54:14,415 [INFO] 1 change detected
2026-05-12 15:54:14,819 [INFO] 1 change detected
2026-05-12 15:54:15,221 [INFO] 1 change detected
2026-05-12 15:54:15,625 [INFO] 1 change detected
2026-05-12 15:54:16,029 [INFO] 1 change detected
2026-05-12 15:54:16,437 [INFO] 1 change detected
2026-05-12 15:54:16,842 [INFO] 1 change detected
2026-05-12 15:54:17,198 [INFO] 1 change detected
2026-05-12 15:54:17,609 [INFO] 1 change detected
2026-05-12 15:54:18,014 [INFO] 1 change detected
2026-05-12 15:54:18,418 [INFO] 1 change detected
2026-05-12 15:54:18,825 [INFO] 1 change detected
2026-05-12 15:54:19,234 [INFO] 1 change detected
2026-05-12 15:54:19,637 [INFO] 1 change detected
2026-05-12 15:54:20,053 [INFO] 1 change detected
2026-05-12 15:54:20,458 [INFO] 1 change detected
2026-05-12 15:54:20,813 [INFO] 1 change detected
2026-05-12 15:54:21,220 [INFO] 1 change detected
2026-05-12 15:54:21,627 [INFO] 1 change detected
2026-05-12 15:54:22,029 [INFO] 1 change detected
2026-05-12 15:54:22,436 [INFO] 1 change detected
2026-05-12 15:54:22,838 [INFO] 1 change detected
2026-05-12 15:54:23,246 [INFO] 1 change detected
2026-05-12 15:54:23,602 [INFO] 1 change detected
2026-05-12 15:54:24,013 [INFO] 1 change detected
2026-05-12 15:54:24,419 [INFO] 1 change detected
2026-05-12 15:54:24,822 [INFO] 1 change detected
2026-05-12 15:54:25,229 [INFO] 1 change detected
2026-05-12 15:54:25,631 [INFO] 1 change detected
2026-05-12 15:54:26,036 [INFO] 1 change detected
2026-05-12 15:54:26,439 [INFO] 1 change detected
2026-05-12 15:54:26,846 [INFO] 1 change detected
2026-05-12 15:54:27,249 [INFO] 1 change detected
2026-05-12 15:54:27,665 [INFO] 1 change detected
2026-05-12 15:54:28,068 [INFO] 1 change detected
2026-05-12 15:54:28,474 [INFO] 1 change detected
2026-05-12 15:54:28,877 [INFO] 1 change detected
2026-05-12 15:54:29,231 [INFO] 1 change detected
2026-05-12 15:54:29,638 [INFO] 1 change detected
2026-05-12 15:54:30,046 [INFO] 1 change detected
2026-05-12 15:54:30,451 [INFO] 1 change detected
2026-05-12 15:54:30,856 [INFO] 1 change detected
2026-05-12 15:54:31,262 [INFO] 1 change detected
2026-05-12 15:54:31,665 [INFO] 1 change detected
2026-05-12 15:54:32,068 [INFO] 1 change detected
2026-05-12 15:54:32,476 [INFO] 1 change detected
2026-05-12 15:54:32,881 [INFO] 1 change detected
2026-05-12 15:54:33,287 [INFO] 1 change detected
2026-05-12 15:54:33,693 [INFO] 1 change detected
2026-05-12 15:54:34,048 [INFO] 1 change detected
2026-05-12 15:54:34,457 [INFO] 1 change detected
2026-05-12 15:54:34,860 [INFO] 1 change detected
2026-05-12 15:54:35,264 [INFO] 1 change detected
2026-05-12 15:54:35,668 [INFO] 1 change detected
2026-05-12 15:54:36,072 [INFO] 1 change detected
2026-05-12 15:54:36,476 [INFO] 1 change detected
2026-05-12 15:54:36,882 [INFO] 1 change detected
2026-05-12 15:54:37,287 [INFO] 1 change detected
2026-05-12 15:54:37,692 [INFO] 1 change detected
2026-05-12 15:54:38,095 [INFO] 1 change detected
2026-05-12 15:54:38,503 [INFO] 1 change detected
2026-05-12 15:54:38,906 [INFO] 1 change detected
2026-05-12 15:54:39,312 [INFO] 1 change detected
2026-05-12 15:54:39,720 [INFO] 1 change detected
2026-05-12 15:54:40,125 [INFO] 1 change detected
2026-05-12 15:54:40,530 [INFO] 1 change detected
2026-05-12 15:54:40,934 [INFO] 1 change detected
2026-05-12 15:54:41,339 [INFO] 1 change detected
2026-05-12 15:54:41,743 [INFO] 1 change detected
2026-05-12 15:54:42,148 [INFO] 1 change detected
2026-05-12 15:54:42,558 [INFO] 1 change detected
2026-05-12 15:54:42,912 [INFO] 1 change detected
2026-05-12 15:54:43,321 [INFO] 1 change detected
2026-05-12 15:54:43,722 [INFO] 1 change detected
2026-05-12 15:54:44,127 [INFO] 1 change detected
2026-05-12 15:54:44,533 [INFO] 1 change detected
2026-05-12 15:54:44,939 [INFO] 1 change detected
2026-05-12 15:54:45,342 [INFO] 1 change detected
2026-05-12 15:54:45,749 [INFO] 1 change detected
2026-05-12 15:54:46,153 [INFO] 1 change detected
2026-05-12 15:54:46,558 [INFO] 1 change detected
2026-05-12 15:54:46,963 [INFO] 1 change detected
2026-05-12 15:54:47,367 [INFO] 1 change detected
2026-05-12 15:54:47,774 [INFO] 1 change detected
2026-05-12 15:54:48,180 [INFO] 1 change detected
2026-05-12 15:54:48,585 [INFO] 1 change detected
2026-05-12 15:54:48,990 [INFO] 1 change detected
2026-05-12 15:54:49,397 [INFO] 1 change detected
2026-05-12 15:54:49,800 [INFO] 1 change detected
2026-05-12 15:54:50,207 [INFO] 1 change detected
2026-05-12 15:54:50,613 [INFO] 1 change detected
2026-05-12 15:54:50,977 [INFO] 1 change detected
2026-05-12 15:54:51,386 [INFO] 1 change detected
2026-05-12 15:54:51,789 [INFO] 1 change detected
2026-05-12 15:54:52,194 [INFO] 1 change detected
2026-05-12 15:54:52,598 [INFO] 1 change detected
2026-05-12 15:54:53,002 [INFO] 1 change detected
2026-05-12 15:54:53,405 [INFO] 1 change detected
2026-05-12 15:54:53,811 [INFO] 1 change detected
2026-05-12 15:54:54,215 [INFO] 1 change detected
2026-05-12 15:54:54,618 [INFO] 1 change detected
2026-05-12 15:54:55,023 [INFO] 1 change detected
2026-05-12 15:54:55,427 [INFO] 1 change detected
2026-05-12 15:54:55,830 [INFO] 1 change detected
2026-05-12 15:54:56,233 [INFO] 1 change detected
2026-05-12 15:54:56,639 [INFO] 1 change detected
2026-05-12 15:54:57,045 [INFO] 1 change detected
2026-05-12 15:54:57,448 [INFO] 1 change detected
2026-05-12 15:54:57,856 [INFO] 1 change detected
2026-05-12 15:54:58,263 [INFO] 1 change detected
2026-05-12 15:54:58,672 [INFO] 1 change detected
2026-05-12 15:54:59,078 [INFO] 1 change detected
2026-05-12 15:54:59,481 [INFO] 1 change detected
2026-05-12 15:54:59,885 [INFO] 1 change detected
2026-05-12 15:55:00,290 [INFO] 1 change detected
2026-05-12 15:55:00,697 [INFO] 1 change detected
2026-05-12 15:55:01,051 [INFO] 1 change detected
2026-05-12 15:55:01,460 [INFO] 1 change detected
2026-05-12 15:55:01,865 [INFO] 1 change detected
2026-05-12 15:55:02,269 [INFO] 1 change detected
2026-05-12 15:55:02,676 [INFO] 1 change detected
2026-05-12 15:55:03,082 [INFO] 1 change detected
2026-05-12 15:55:03,488 [INFO] 1 change detected
2026-05-12 15:55:03,894 [INFO] 1 change detected
2026-05-12 15:55:04,298 [INFO] 1 change detected
2026-05-12 15:55:04,704 [INFO] 1 change detected
2026-05-12 15:55:05,108 [INFO] 1 change detected
2026-05-12 15:55:05,513 [INFO] 1 change detected
2026-05-12 15:55:05,917 [INFO] 1 change detected
2026-05-12 15:55:06,272 [INFO] 1 change detected
2026-05-12 15:55:06,681 [INFO] 1 change detected
2026-05-12 15:55:07,090 [INFO] 1 change detected
2026-05-12 15:55:07,497 [INFO] 1 change detected
2026-05-12 15:55:07,906 [INFO] 1 change detected
2026-05-12 15:55:08,311 [INFO] 1 change detected
2026-05-12 15:55:08,714 [INFO] 1 change detected
2026-05-12 15:55:09,120 [INFO] 1 change detected
2026-05-12 15:55:09,525 [INFO] 1 change detected
2026-05-12 15:55:09,883 [INFO] 1 change detected
2026-05-12 15:55:10,292 [INFO] 1 change detected
2026-05-12 15:55:10,694 [INFO] 1 change detected
2026-05-12 15:55:11,099 [INFO] 1 change detected
2026-05-12 15:55:11,505 [INFO] 1 change detected
2026-05-12 15:55:11,910 [INFO] 1 change detected
2026-05-12 15:55:12,316 [INFO] 1 change detected
2026-05-12 15:55:12,719 [INFO] 1 change detected
2026-05-12 15:55:13,126 [INFO] 1 change detected
2026-05-12 15:55:13,531 [INFO] 1 change detected
2026-05-12 15:55:13,938 [INFO] 1 change detected
2026-05-12 15:55:14,343 [INFO] 1 change detected
2026-05-12 15:55:14,703 [INFO] 1 change detected
2026-05-12 15:55:15,110 [INFO] 1 change detected
2026-05-12 15:55:15,519 [INFO] 1 change detected
2026-05-12 15:55:15,923 [INFO] 1 change detected
2026-05-12 15:55:16,326 [INFO] 1 change detected
2026-05-12 15:55:16,734 [INFO] 1 change detected
2026-05-12 15:55:17,138 [INFO] 1 change detected
2026-05-12 15:55:17,545 [INFO] 1 change detected
2026-05-12 15:55:17,949 [INFO] 1 change detected
2026-05-12 15:55:18,357 [INFO] 1 change detected
2026-05-12 15:55:18,763 [INFO] 1 change detected
2026-05-12 15:55:19,170 [INFO] 1 change detected
2026-05-12 15:55:19,525 [INFO] 1 change detected
2026-05-12 15:55:19,935 [INFO] 1 change detected
2026-05-12 15:55:20,340 [INFO] 1 change detected
2026-05-12 15:55:20,746 [INFO] 1 change detected
2026-05-12 15:55:21,153 [INFO] 1 change detected
2026-05-12 15:55:21,560 [INFO] 1 change detected
2026-05-12 15:55:21,962 [INFO] 1 change detected
2026-05-12 15:55:22,368 [INFO] 1 change detected
2026-05-12 15:55:22,726 [INFO] 1 change detected
2026-05-12 15:55:23,133 [INFO] 1 change detected
2026-05-12 15:55:23,540 [INFO] 1 change detected
2026-05-12 15:55:23,897 [INFO] 1 change detected
2026-05-12 15:55:24,306 [INFO] 1 change detected
2026-05-12 15:55:24,712 [INFO] 1 change detected
2026-05-12 15:55:25,118 [INFO] 1 change detected
2026-05-12 15:55:25,525 [INFO] 1 change detected
2026-05-12 15:55:25,929 [INFO] 1 change detected
2026-05-12 15:55:26,334 [INFO] 1 change detected
2026-05-12 15:55:26,738 [INFO] 1 change detected
2026-05-12 15:55:27,146 [INFO] 1 change detected
2026-05-12 15:55:27,553 [INFO] 1 change detected
2026-05-12 15:55:27,957 [INFO] 1 change detected
2026-05-12 15:55:28,361 [INFO] 1 change detected
2026-05-12 15:55:28,766 [INFO] 1 change detected
2026-05-12 15:55:29,174 [INFO] 1 change detected
2026-05-12 15:55:29,577 [INFO] 1 change detected
2026-05-12 15:55:29,982 [INFO] 1 change detected
2026-05-12 15:55:30,385 [INFO] 1 change detected
2026-05-12 15:55:30,792 [INFO] 1 change detected
2026-05-12 15:55:31,199 [INFO] 1 change detected
2026-05-12 15:55:31,605 [INFO] 1 change detected
2026-05-12 15:55:32,010 [INFO] 1 change detected
2026-05-12 15:55:32,416 [INFO] 1 change detected
2026-05-12 15:55:32,820 [INFO] 1 change detected
2026-05-12 15:55:33,226 [INFO] 1 change detected
2026-05-12 15:55:33,634 [INFO] 1 change detected
2026-05-12 15:55:34,040 [INFO] 1 change detected
2026-05-12 15:55:34,442 [INFO] 1 change detected
2026-05-12 15:55:34,849 [INFO] 1 change detected
2026-05-12 15:55:35,256 [INFO] 1 change detected
2026-05-12 15:55:35,660 [INFO] 1 change detected
2026-05-12 15:55:36,061 [INFO] 1 change detected
2026-05-12 15:55:36,469 [INFO] 1 change detected
2026-05-12 15:55:36,873 [INFO] 1 change detected
2026-05-12 15:55:37,274 [INFO] 1 change detected
2026-05-12 15:55:37,630 [INFO] 1 change detected
2026-05-12 15:55:38,042 [INFO] 1 change detected
2026-05-12 15:55:38,448 [INFO] 1 change detected
2026-05-12 15:55:38,855 [INFO] 1 change detected
2026-05-12 15:55:39,260 [INFO] 1 change detected
2026-05-12 15:55:39,668 [INFO] 1 change detected
2026-05-12 15:55:40,075 [INFO] 1 change detected
2026-05-12 15:55:40,431 [INFO] 1 change detected
2026-05-12 15:55:40,841 [INFO] 1 change detected
2026-05-12 15:55:41,248 [INFO] 1 change detected
2026-05-12 15:55:41,654 [INFO] 1 change detected
2026-05-12 15:55:42,059 [INFO] 1 change detected
2026-05-12 15:55:42,462 [INFO] 1 change detected
2026-05-12 15:55:42,866 [INFO] 1 change detected
2026-05-12 15:55:43,270 [INFO] 1 change detected
2026-05-12 15:55:43,675 [INFO] 1 change detected
2026-05-12 15:55:44,077 [INFO] 1 change detected
2026-05-12 15:55:44,485 [INFO] 1 change detected
2026-05-12 15:55:44,889 [INFO] 1 change detected
2026-05-12 15:55:45,293 [INFO] 1 change detected
2026-05-12 15:55:45,700 [INFO] 1 change detected
2026-05-12 15:55:46,056 [INFO] 1 change detected
2026-05-12 15:55:46,464 [INFO] 1 change detected
2026-05-12 15:55:46,869 [INFO] 1 change detected
2026-05-12 15:55:47,275 [INFO] 1 change detected
2026-05-12 15:55:47,681 [INFO] 1 change detected
2026-05-12 15:55:48,085 [INFO] 1 change detected
2026-05-12 15:55:48,487 [INFO] 1 change detected
2026-05-12 15:55:48,893 [INFO] 1 change detected
2026-05-12 15:55:49,298 [INFO] 1 change detected
2026-05-12 15:55:49,701 [INFO] 1 change detected
2026-05-12 15:55:50,105 [INFO] 1 change detected
2026-05-12 15:55:50,511 [INFO] 1 change detected
2026-05-12 15:55:50,916 [INFO] 1 change detected
2026-05-12 15:55:51,321 [INFO] 1 change detected
2026-05-12 15:55:51,725 [INFO] 1 change detected
2026-05-12 15:55:52,130 [INFO] 1 change detected
2026-05-12 15:55:52,534 [INFO] 1 change detected
2026-05-12 15:55:52,940 [INFO] 1 change detected
2026-05-12 15:55:53,345 [INFO] 1 change detected
2026-05-12 15:55:53,701 [INFO] 1 change detected
2026-05-12 15:55:54,107 [INFO] 1 change detected
2026-05-12 15:55:54,512 [INFO] 1 change detected
2026-05-12 15:55:54,920 [INFO] 1 change detected
2026-05-12 15:55:55,328 [INFO] 1 change detected
2026-05-12 15:55:55,731 [INFO] 1 change detected
2026-05-12 15:55:56,134 [INFO] 1 change detected
2026-05-12 15:55:56,536 [INFO] 1 change detected
2026-05-12 15:55:56,939 [INFO] 1 change detected
2026-05-12 15:55:57,341 [INFO] 1 change detected
2026-05-12 15:55:57,746 [INFO] 1 change detected
2026-05-12 15:55:58,152 [INFO] 1 change detected
2026-05-12 15:55:58,557 [INFO] 1 change detected
2026-05-12 15:55:58,961 [INFO] 1 change detected
2026-05-12 15:55:59,367 [INFO] 1 change detected
2026-05-12 15:55:59,771 [INFO] 1 change detected
2026-05-12 15:56:00,177 [INFO] 1 change detected
2026-05-12 15:56:00,582 [INFO] 1 change detected
2026-05-12 15:56:00,988 [INFO] 1 change detected
2026-05-12 15:56:01,395 [INFO] 1 change detected
2026-05-12 15:56:01,799 [INFO] 1 change detected
2026-05-12 15:56:02,204 [INFO] 1 change detected
2026-05-12 15:56:02,609 [INFO] 1 change detected
2026-05-12 15:56:03,016 [INFO] 1 change detected
2026-05-12 15:56:03,420 [INFO] 1 change detected
2026-05-12 15:56:03,821 [INFO] 1 change detected
2026-05-12 15:56:04,227 [INFO] 1 change detected
2026-05-12 15:56:04,630 [INFO] 1 change detected
2026-05-12 15:56:05,037 [INFO] 1 change detected
2026-05-12 15:56:05,445 [INFO] 1 change detected
2026-05-12 15:56:05,852 [INFO] 1 change detected
2026-05-12 15:56:06,258 [INFO] 1 change detected
2026-05-12 15:56:06,663 [INFO] 1 change detected
2026-05-12 15:56:07,069 [INFO] 1 change detected
2026-05-12 15:56:07,472 [INFO] 1 change detected
2026-05-12 15:56:07,878 [INFO] 1 change detected
2026-05-12 15:56:08,287 [INFO] 1 change detected
2026-05-12 15:56:08,691 [INFO] 1 change detected
2026-05-12 15:56:09,096 [INFO] 1 change detected
2026-05-12 15:56:09,502 [INFO] 1 change detected
2026-05-12 15:56:09,907 [INFO] 1 change detected
2026-05-12 15:56:10,313 [INFO] 1 change detected
2026-05-12 15:56:10,671 [INFO] 1 change detected
2026-05-12 15:56:11,078 [INFO] 1 change detected
2026-05-12 15:56:11,485 [INFO] 1 change detected
2026-05-12 15:56:11,891 [INFO] 1 change detected
2026-05-12 15:56:12,294 [INFO] 1 change detected
2026-05-12 15:56:12,700 [INFO] 1 change detected
2026-05-12 15:56:13,107 [INFO] 1 change detected
2026-05-12 15:56:13,512 [INFO] 1 change detected
2026-05-12 15:56:13,917 [INFO] 1 change detected
2026-05-12 15:56:14,324 [INFO] 1 change detected
2026-05-12 15:56:14,727 [INFO] 1 change detected
2026-05-12 15:56:15,134 [INFO] 1 change detected
2026-05-12 15:56:15,539 [INFO] 1 change detected
2026-05-12 15:56:15,944 [INFO] 1 change detected
2026-05-12 15:56:16,350 [INFO] 1 change detected
2026-05-12 15:56:16,757 [INFO] 1 change detected
2026-05-12 15:56:17,164 [INFO] 1 change detected
2026-05-12 15:56:17,569 [INFO] 1 change detected
2026-05-12 15:56:17,976 [INFO] 1 change detected
2026-05-12 15:56:18,380 [INFO] 1 change detected
2026-05-12 15:56:18,736 [INFO] 1 change detected
2026-05-12 15:56:19,147 [INFO] 1 change detected
2026-05-12 15:56:19,550 [INFO] 1 change detected
2026-05-12 15:56:19,957 [INFO] 1 change detected
2026-05-12 15:56:20,360 [INFO] 1 change detected
2026-05-12 15:56:20,766 [INFO] 1 change detected
2026-05-12 15:56:21,174 [INFO] 1 change detected
2026-05-12 15:56:21,576 [INFO] 1 change detected
2026-05-12 15:56:21,982 [INFO] 1 change detected
2026-05-12 15:56:22,387 [INFO] 1 change detected
2026-05-12 15:56:22,794 [INFO] 1 change detected
2026-05-12 15:56:23,197 [INFO] 1 change detected
2026-05-12 15:56:23,604 [INFO] 1 change detected
2026-05-12 15:56:24,013 [INFO] 1 change detected
2026-05-12 15:56:24,420 [INFO] 1 change detected
2026-05-12 15:56:24,775 [INFO] 1 change detected
2026-05-12 15:56:25,187 [INFO] 1 change detected
2026-05-12 15:56:25,593 [INFO] 1 change detected
2026-05-12 15:56:26,000 [INFO] 1 change detected
2026-05-12 15:56:26,402 [INFO] 1 change detected
2026-05-12 15:56:26,808 [INFO] 1 change detected
2026-05-12 15:56:27,211 [INFO] 1 change detected
2026-05-12 15:56:27,618 [INFO] 1 change detected
2026-05-12 15:56:28,026 [INFO] 1 change detected
2026-05-12 15:56:28,432 [INFO] 1 change detected
2026-05-12 15:56:28,841 [INFO] 1 change detected
2026-05-12 15:56:29,247 [INFO] 1 change detected
2026-05-12 15:56:29,651 [INFO] 1 change detected
2026-05-12 15:56:30,055 [INFO] 1 change detected
2026-05-12 15:56:30,464 [INFO] 1 change detected
2026-05-12 15:56:30,868 [INFO] 1 change detected
2026-05-12 15:56:31,270 [INFO] 1 change detected
2026-05-12 15:56:31,674 [INFO] 1 change detected
2026-05-12 15:56:32,078 [INFO] 1 change detected
2026-05-12 15:56:32,480 [INFO] 1 change detected
2026-05-12 15:56:32,886 [INFO] 1 change detected
2026-05-12 15:56:33,293 [INFO] 1 change detected
2026-05-12 15:56:33,697 [INFO] 1 change detected
2026-05-12 15:56:34,099 [INFO] 1 change detected
2026-05-12 15:56:34,505 [INFO] 1 change detected
2026-05-12 15:56:34,911 [INFO] 1 change detected
2026-05-12 15:56:35,316 [INFO] 1 change detected
2026-05-12 15:56:35,720 [INFO] 1 change detected
2026-05-12 15:56:36,124 [INFO] 1 change detected
2026-05-12 15:56:36,531 [INFO] 1 change detected
2026-05-12 15:56:36,936 [INFO] 1 change detected
2026-05-12 15:56:37,341 [INFO] 1 change detected
2026-05-12 15:56:37,746 [INFO] 1 change detected
2026-05-12 15:56:38,153 [INFO] 1 change detected
2026-05-12 15:56:38,561 [INFO] 1 change detected
2026-05-12 15:56:38,964 [INFO] 1 change detected
2026-05-12 15:56:39,370 [INFO] 1 change detected
2026-05-12 15:56:39,725 [INFO] 1 change detected
2026-05-12 15:56:40,131 [INFO] 1 change detected
2026-05-12 15:56:40,536 [INFO] 1 change detected
2026-05-12 15:56:40,939 [INFO] 1 change detected
2026-05-12 15:56:41,343 [INFO] 1 change detected
2026-05-12 15:56:41,796 [INFO] 1 change detected
2026-05-12 15:56:42,159 [INFO] 1 change detected
2026-05-12 15:56:42,565 [INFO] 1 change detected
2026-05-12 15:56:42,971 [INFO] 1 change detected
2026-05-12 15:56:43,377 [INFO] 1 change detected
2026-05-12 15:56:43,778 [INFO] 1 change detected
2026-05-12 15:56:44,184 [INFO] 1 change detected
2026-05-12 15:56:44,592 [INFO] 1 change detected
2026-05-12 15:56:44,998 [INFO] 1 change detected
2026-05-12 15:56:45,400 [INFO] 1 change detected
2026-05-12 15:56:45,806 [INFO] 1 change detected
2026-05-12 15:56:46,208 [INFO] 1 change detected
2026-05-12 15:56:46,614 [INFO] 1 change detected
2026-05-12 15:56:46,970 [INFO] 1 change detected
2026-05-12 15:56:47,376 [INFO] 1 change detected
2026-05-12 15:56:47,779 [INFO] 1 change detected
2026-05-12 15:56:48,185 [INFO] 1 change detected
2026-05-12 15:56:48,591 [INFO] 1 change detected
2026-05-12 15:56:48,995 [INFO] 1 change detected
2026-05-12 15:56:49,404 [INFO] 1 change detected
2026-05-12 15:56:49,811 [INFO] 1 change detected
2026-05-12 15:56:50,216 [INFO] 1 change detected
2026-05-12 15:56:50,621 [INFO] 1 change detected
2026-05-12 15:56:51,027 [INFO] 1 change detected
2026-05-12 15:56:51,429 [INFO] 1 change detected
2026-05-12 15:56:51,835 [INFO] 1 change detected
2026-05-12 15:56:52,237 [INFO] 1 change detected
2026-05-12 15:56:52,642 [INFO] 1 change detected
2026-05-12 15:56:53,048 [INFO] 1 change detected
2026-05-12 15:56:53,454 [INFO] 1 change detected
2026-05-12 15:56:53,859 [INFO] 1 change detected
2026-05-12 15:56:54,264 [INFO] 1 change detected
2026-05-12 15:56:54,666 [INFO] 1 change detected
2026-05-12 15:56:55,073 [INFO] 1 change detected
2026-05-12 15:56:55,475 [INFO] 1 change detected
2026-05-12 15:56:55,882 [INFO] 1 change detected
2026-05-12 15:56:56,238 [INFO] 1 change detected
2026-05-12 15:56:56,646 [INFO] 1 change detected
2026-05-12 15:56:57,051 [INFO] 1 change detected
2026-05-12 15:56:57,455 [INFO] 1 change detected
2026-05-12 15:56:57,863 [INFO] 1 change detected
2026-05-12 15:56:58,268 [INFO] 1 change detected
2026-05-12 15:56:58,674 [INFO] 1 change detected
2026-05-12 15:56:59,078 [INFO] 1 change detected
2026-05-12 15:56:59,485 [INFO] 1 change detected
2026-05-12 15:56:59,851 [INFO] 1 change detected
2026-05-12 15:57:00,259 [INFO] 1 change detected
2026-05-12 15:57:00,664 [INFO] 1 change detected
2026-05-12 15:57:01,070 [INFO] 1 change detected
2026-05-12 15:57:01,475 [INFO] 1 change detected
2026-05-12 15:57:01,879 [INFO] 1 change detected
2026-05-12 15:57:02,287 [INFO] 1 change detected
2026-05-12 15:57:02,691 [INFO] 1 change detected
2026-05-12 15:57:03,095 [INFO] 1 change detected
2026-05-12 15:57:03,499 [INFO] 1 change detected
2026-05-12 15:57:03,907 [INFO] 1 change detected
2026-05-12 15:57:04,311 [INFO] 1 change detected
2026-05-12 15:57:04,718 [INFO] 1 change detected
2026-05-12 15:57:05,124 [INFO] 1 change detected
2026-05-12 15:57:05,529 [INFO] 1 change detected
2026-05-12 15:57:05,931 [INFO] 1 change detected
2026-05-12 15:57:06,337 [INFO] 1 change detected
2026-05-12 15:57:06,742 [INFO] 1 change detected
2026-05-12 15:57:07,149 [INFO] 1 change detected
2026-05-12 15:57:07,551 [INFO] 1 change detected
2026-05-12 15:57:07,907 [INFO] 1 change detected
2026-05-12 15:57:08,312 [INFO] 1 change detected
2026-05-12 15:57:08,718 [INFO] 1 change detected
2026-05-12 15:57:09,122 [INFO] 1 change detected
2026-05-12 15:57:09,525 [INFO] 1 change detected
2026-05-12 15:57:09,932 [INFO] 1 change detected
2026-05-12 15:57:10,337 [INFO] 1 change detected
2026-05-12 15:57:10,742 [INFO] 1 change detected
2026-05-12 15:57:11,149 [INFO] 1 change detected
2026-05-12 15:57:11,504 [INFO] 1 change detected
2026-05-12 15:57:11,914 [INFO] 1 change detected
2026-05-12 15:57:12,320 [INFO] 1 change detected
2026-05-12 15:57:12,728 [INFO] 1 change detected
2026-05-12 15:57:13,134 [INFO] 1 change detected
2026-05-12 15:57:13,538 [INFO] 1 change detected
2026-05-12 15:57:13,944 [INFO] 1 change detected
2026-05-12 15:57:14,349 [INFO] 1 change detected
2026-05-12 15:57:14,704 [INFO] 1 change detected
2026-05-12 15:57:15,113 [INFO] 1 change detected
2026-05-12 15:57:15,519 [INFO] 1 change detected
2026-05-12 15:57:15,924 [INFO] 1 change detected
2026-05-12 15:57:16,329 [INFO] 1 change detected
2026-05-12 15:57:16,735 [INFO] 1 change detected
2026-05-12 15:57:17,140 [INFO] 1 change detected
2026-05-12 15:57:17,546 [INFO] 1 change detected
2026-05-12 15:57:17,953 [INFO] 1 change detected
2026-05-12 15:57:18,359 [INFO] 1 change detected
2026-05-12 15:57:18,761 [INFO] 1 change detected
2026-05-12 15:57:19,115 [INFO] 1 change detected
2026-05-12 15:57:19,525 [INFO] 1 change detected
2026-05-12 15:57:19,929 [INFO] 1 change detected
2026-05-12 15:57:20,336 [INFO] 1 change detected
2026-05-12 15:57:20,752 [INFO] 1 change detected
2026-05-12 15:57:21,157 [INFO] 1 change detected
2026-05-12 15:57:21,562 [INFO] 1 change detected
2026-05-12 15:57:21,965 [INFO] 1 change detected
2026-05-12 15:57:22,370 [INFO] 1 change detected
2026-05-12 15:57:22,776 [INFO] 1 change detected
2026-05-12 15:57:23,184 [INFO] 1 change detected
2026-05-12 15:57:23,589 [INFO] 1 change detected
2026-05-12 15:57:23,995 [INFO] 1 change detected
2026-05-12 15:57:24,401 [INFO] 1 change detected
2026-05-12 15:57:24,755 [INFO] 1 change detected
2026-05-12 15:57:25,166 [INFO] 1 change detected
2026-05-12 15:57:25,571 [INFO] 1 change detected
2026-05-12 15:57:25,973 [INFO] 1 change detected
2026-05-12 15:57:26,377 [INFO] 1 change detected
2026-05-12 15:57:26,781 [INFO] 1 change detected
2026-05-12 15:57:27,189 [INFO] 1 change detected
2026-05-12 15:57:27,593 [INFO] 1 change detected
2026-05-12 15:57:27,998 [INFO] 1 change detected
2026-05-12 15:57:28,404 [INFO] 1 change detected
2026-05-12 15:57:28,811 [INFO] 1 change detected
2026-05-12 15:57:29,216 [INFO] 1 change detected
2026-05-12 15:57:29,620 [INFO] 1 change detected
2026-05-12 15:57:29,976 [INFO] 1 change detected
2026-05-12 15:57:30,390 [INFO] 1 change detected
2026-05-12 15:57:30,794 [INFO] 1 change detected
2026-05-12 15:57:31,200 [INFO] 1 change detected
2026-05-12 15:57:31,606 [INFO] 1 change detected
2026-05-12 15:57:32,016 [INFO] 1 change detected
2026-05-12 15:57:32,431 [INFO] 1 change detected
2026-05-12 15:57:32,840 [INFO] 1 change detected
2026-05-12 15:57:33,243 [INFO] 1 change detected
2026-05-12 15:57:33,647 [INFO] 1 change detected
2026-05-12 15:57:34,001 [INFO] 1 change detected
2026-05-12 15:57:34,412 [INFO] 1 change detected
2026-05-12 15:57:34,814 [INFO] 1 change detected
2026-05-12 15:57:35,219 [INFO] 1 change detected
2026-05-12 15:57:35,624 [INFO] 1 change detected
2026-05-12 15:57:36,028 [INFO] 1 change detected
2026-05-12 15:57:36,433 [INFO] 1 change detected
2026-05-12 15:57:36,840 [INFO] 1 change detected
2026-05-12 15:57:37,243 [INFO] 1 change detected
2026-05-12 15:57:37,650 [INFO] 1 change detected
2026-05-12 15:57:38,056 [INFO] 1 change detected
2026-05-12 15:57:38,460 [INFO] 1 change detected
2026-05-12 15:57:38,814 [INFO] 1 change detected
2026-05-12 15:57:39,222 [INFO] 1 change detected
2026-05-12 15:57:39,627 [INFO] 1 change detected
2026-05-12 15:57:40,033 [INFO] 1 change detected
2026-05-12 15:57:40,438 [INFO] 1 change detected
2026-05-12 15:57:40,846 [INFO] 1 change detected
2026-05-12 15:57:41,251 [INFO] 1 change detected
2026-05-12 15:57:41,656 [INFO] 1 change detected
2026-05-12 15:57:42,060 [INFO] 1 change detected
2026-05-12 15:57:42,414 [INFO] 1 change detected
2026-05-12 15:57:42,820 [INFO] 1 change detected
2026-05-12 15:57:43,223 [INFO] 1 change detected
2026-05-12 15:57:43,627 [INFO] 1 change detected
2026-05-12 15:57:44,031 [INFO] 1 change detected
2026-05-12 15:57:44,434 [INFO] 1 change detected
2026-05-12 15:57:44,838 [INFO] 1 change detected
2026-05-12 15:57:45,194 [INFO] 1 change detected
2026-05-12 15:57:45,604 [INFO] 1 change detected
2026-05-12 15:57:46,008 [INFO] 1 change detected
2026-05-12 15:57:46,413 [INFO] 1 change detected
2026-05-12 15:57:46,818 [INFO] 1 change detected
2026-05-12 15:57:47,221 [INFO] 1 change detected
2026-05-12 15:57:47,625 [INFO] 1 change detected
2026-05-12 15:57:48,031 [INFO] 1 change detected
2026-05-12 15:57:48,436 [INFO] 1 change detected
2026-05-12 15:57:48,842 [INFO] 1 change detected
2026-05-12 15:57:49,248 [INFO] 1 change detected
2026-05-12 15:57:49,653 [INFO] 1 change detected
2026-05-12 15:57:50,055 [INFO] 1 change detected
2026-05-12 15:57:50,460 [INFO] 1 change detected
2026-05-12 15:57:50,864 [INFO] 1 change detected
2026-05-12 15:57:51,272 [INFO] 1 change detected
2026-05-12 15:57:51,676 [INFO] 1 change detected
2026-05-12 15:57:52,083 [INFO] 1 change detected
2026-05-12 15:57:52,485 [INFO] 1 change detected
2026-05-12 15:57:52,891 [INFO] 1 change detected
2026-05-12 15:57:53,296 [INFO] 1 change detected
2026-05-12 15:57:53,701 [INFO] 1 change detected
2026-05-12 15:57:54,106 [INFO] 1 change detected
2026-05-12 15:57:54,508 [INFO] 1 change detected
2026-05-12 15:57:54,917 [INFO] 1 change detected
2026-05-12 15:57:55,322 [INFO] 1 change detected
2026-05-12 15:57:55,729 [INFO] 1 change detected
2026-05-12 15:57:56,137 [INFO] 1 change detected
2026-05-12 15:57:56,542 [INFO] 1 change detected
2026-05-12 15:57:56,900 [INFO] 1 change detected
2026-05-12 15:57:57,307 [INFO] 1 change detected
2026-05-12 15:57:57,709 [INFO] 1 change detected
2026-05-12 15:57:58,117 [INFO] 1 change detected
2026-05-12 15:57:58,523 [INFO] 1 change detected
2026-05-12 15:57:58,937 [INFO] 1 change detected
2026-05-12 15:57:59,340 [INFO] 1 change detected
2026-05-12 15:57:59,696 [INFO] 1 change detected
2026-05-12 15:58:00,107 [INFO] 1 change detected
2026-05-12 15:58:00,513 [INFO] 1 change detected
2026-05-12 15:58:00,918 [INFO] 1 change detected
2026-05-12 15:58:01,320 [INFO] 1 change detected
2026-05-12 15:58:01,728 [INFO] 1 change detected
2026-05-12 15:58:02,137 [INFO] 1 change detected
2026-05-12 15:58:02,543 [INFO] 1 change detected
2026-05-12 15:58:02,952 [INFO] 1 change detected
2026-05-12 15:58:03,356 [INFO] 1 change detected
2026-05-12 15:58:03,762 [INFO] 1 change detected
2026-05-12 15:58:04,166 [INFO] 1 change detected
2026-05-12 15:58:04,523 [INFO] 1 change detected
2026-05-12 15:58:04,930 [INFO] 1 change detected
2026-05-12 15:58:05,333 [INFO] 1 change detected
2026-05-12 15:58:05,737 [INFO] 1 change detected
2026-05-12 15:58:06,142 [INFO] 1 change detected
2026-05-12 15:58:06,549 [INFO] 1 change detected
2026-05-12 15:58:06,953 [INFO] 1 change detected
2026-05-12 15:58:07,359 [INFO] 1 change detected
2026-05-12 15:58:07,714 [INFO] 1 change detected
2026-05-12 15:58:08,123 [INFO] 1 change detected
2026-05-12 15:58:08,528 [INFO] 1 change detected
2026-05-12 15:58:08,934 [INFO] 1 change detected
2026-05-12 15:58:09,341 [INFO] 1 change detected
2026-05-12 15:58:09,758 [INFO] 1 change detected
2026-05-12 15:58:10,162 [INFO] 1 change detected
2026-05-12 15:58:10,570 [INFO] 1 change detected
2026-05-12 15:58:10,975 [INFO] 1 change detected
2026-05-12 15:58:11,380 [INFO] 1 change detected
2026-05-12 15:58:11,786 [INFO] 1 change detected
2026-05-12 15:58:12,192 [INFO] 1 change detected
2026-05-12 15:58:12,597 [INFO] 1 change detected
2026-05-12 15:58:13,003 [INFO] 1 change detected
2026-05-12 15:58:13,406 [INFO] 1 change detected
2026-05-12 15:58:13,809 [INFO] 1 change detected
2026-05-12 15:58:14,216 [INFO] 1 change detected
2026-05-12 15:58:14,622 [INFO] 1 change detected
2026-05-12 15:58:15,028 [INFO] 1 change detected
2026-05-12 15:58:15,433 [INFO] 1 change detected
2026-05-12 15:58:15,840 [INFO] 1 change detected
2026-05-12 15:58:16,193 [INFO] 1 change detected
2026-05-12 15:58:16,600 [INFO] 1 change detected
2026-05-12 15:58:17,006 [INFO] 1 change detected
2026-05-12 15:58:17,411 [INFO] 1 change detected
2026-05-12 15:58:17,816 [INFO] 1 change detected
2026-05-12 15:58:18,219 [INFO] 1 change detected
2026-05-12 15:58:18,625 [INFO] 1 change detected
2026-05-12 15:58:19,033 [INFO] 1 change detected
2026-05-12 15:58:19,389 [INFO] 1 change detected
2026-05-12 15:58:19,800 [INFO] 1 change detected
2026-05-12 15:58:20,206 [INFO] 1 change detected
2026-05-12 15:58:20,610 [INFO] 1 change detected
2026-05-12 15:58:21,015 [INFO] 1 change detected
2026-05-12 15:58:21,381 [INFO] 1 change detected
2026-05-12 15:58:21,790 [INFO] 1 change detected
2026-05-12 15:58:22,197 [INFO] 1 change detected
2026-05-12 15:58:22,602 [INFO] 1 change detected
2026-05-12 15:58:23,007 [INFO] 1 change detected
2026-05-12 15:58:23,411 [INFO] 1 change detected
2026-05-12 15:58:23,817 [INFO] 1 change detected
2026-05-12 15:58:24,223 [INFO] 1 change detected
2026-05-12 15:58:24,580 [INFO] 1 change detected
2026-05-12 15:58:24,987 [INFO] 1 change detected
2026-05-12 15:58:25,392 [INFO] 1 change detected
2026-05-12 15:58:25,800 [INFO] 1 change detected
2026-05-12 15:58:26,207 [INFO] 1 change detected
2026-05-12 15:58:26,612 [INFO] 1 change detected
2026-05-12 15:58:27,014 [INFO] 1 change detected
2026-05-12 15:58:27,418 [INFO] 1 change detected
2026-05-12 15:58:27,823 [INFO] 1 change detected
2026-05-12 15:58:28,227 [INFO] 1 change detected
2026-05-12 15:58:28,630 [INFO] 1 change detected
2026-05-12 15:58:29,034 [INFO] 1 change detected
2026-05-12 15:58:29,436 [INFO] 1 change detected
2026-05-12 15:58:29,841 [INFO] 1 change detected
2026-05-12 15:58:30,199 [INFO] 1 change detected
2026-05-12 15:58:30,605 [INFO] 1 change detected
2026-05-12 15:58:31,010 [INFO] 1 change detected
2026-05-12 15:58:31,417 [INFO] 1 change detected
2026-05-12 15:58:31,823 [INFO] 1 change detected
2026-05-12 15:58:32,228 [INFO] 1 change detected
2026-05-12 15:58:32,633 [INFO] 1 change detected
2026-05-12 15:58:33,041 [INFO] 1 change detected
2026-05-12 15:58:33,448 [INFO] 1 change detected
2026-05-12 15:58:33,850 [INFO] 1 change detected
2026-05-12 15:58:34,255 [INFO] 1 change detected
2026-05-12 15:58:34,663 [INFO] 1 change detected
2026-05-12 15:58:35,070 [INFO] 1 change detected
2026-05-12 15:58:35,476 [INFO] 1 change detected
2026-05-12 15:58:35,883 [INFO] 1 change detected
2026-05-12 15:58:36,291 [INFO] 1 change detected
2026-05-12 15:58:36,693 [INFO] 1 change detected
2026-05-12 15:58:37,100 [INFO] 1 change detected
2026-05-12 15:58:37,506 [INFO] 1 change detected
2026-05-12 15:58:37,912 [INFO] 1 change detected
2026-05-12 15:58:38,268 [INFO] 1 change detected
2026-05-12 15:58:38,675 [INFO] 1 change detected
2026-05-12 15:58:39,080 [INFO] 1 change detected
2026-05-12 15:58:39,484 [INFO] 1 change detected
2026-05-12 15:58:39,887 [INFO] 1 change detected
2026-05-12 15:58:40,291 [INFO] 1 change detected
2026-05-12 15:58:40,695 [INFO] 1 change detected
2026-05-12 15:58:41,110 [INFO] 1 change detected
2026-05-12 15:58:41,516 [INFO] 1 change detected
2026-05-12 15:58:41,922 [INFO] 1 change detected
2026-05-12 15:58:42,329 [INFO] 1 change detected
2026-05-12 15:58:42,735 [INFO] 1 change detected
2026-05-12 15:58:43,140 [INFO] 1 change detected
2026-05-12 15:58:43,544 [INFO] 1 change detected
2026-05-12 15:58:43,950 [INFO] 1 change detected
2026-05-12 15:58:44,353 [INFO] 1 change detected
2026-05-12 15:58:44,759 [INFO] 1 change detected
2026-05-12 15:58:45,116 [INFO] 1 change detected
2026-05-12 15:58:45,523 [INFO] 1 change detected
2026-05-12 15:58:45,928 [INFO] 1 change detected
2026-05-12 15:58:46,332 [INFO] 1 change detected
2026-05-12 15:58:46,738 [INFO] 1 change detected
2026-05-12 15:58:47,194 [INFO] 1 change detected
2026-05-12 15:58:47,558 [INFO] 1 change detected
2026-05-12 15:58:47,969 [INFO] 1 change detected
2026-05-12 15:58:48,373 [INFO] 1 change detected
2026-05-12 15:58:48,777 [INFO] 1 change detected
2026-05-12 15:58:49,182 [INFO] 1 change detected
2026-05-12 15:58:49,587 [INFO] 1 change detected
2026-05-12 15:58:49,992 [INFO] 1 change detected
2026-05-12 15:58:50,396 [INFO] 1 change detected
2026-05-12 15:58:50,804 [INFO] 1 change detected
2026-05-12 15:58:51,209 [INFO] 1 change detected
2026-05-12 15:58:51,611 [INFO] 1 change detected
2026-05-12 15:58:52,014 [INFO] 1 change detected
2026-05-12 15:58:52,416 [INFO] 1 change detected
2026-05-12 15:58:52,822 [INFO] 1 change detected
2026-05-12 15:58:53,177 [INFO] 1 change detected
2026-05-12 15:58:53,586 [INFO] 1 change detected
2026-05-12 15:58:53,990 [INFO] 1 change detected
2026-05-12 15:58:54,396 [INFO] 1 change detected
2026-05-12 15:58:54,803 [INFO] 1 change detected
2026-05-12 15:58:55,212 [INFO] 1 change detected
2026-05-12 15:58:55,618 [INFO] 1 change detected
2026-05-12 15:58:56,025 [INFO] 1 change detected
2026-05-12 15:58:56,430 [INFO] 1 change detected
2026-05-12 15:58:56,835 [INFO] 1 change detected
2026-05-12 15:58:57,241 [INFO] 1 change detected
2026-05-12 15:58:57,644 [INFO] 1 change detected
2026-05-12 15:58:58,002 [INFO] 1 change detected
2026-05-12 15:58:58,412 [INFO] 1 change detected
2026-05-12 15:58:58,817 [INFO] 1 change detected
2026-05-12 15:58:59,226 [INFO] 1 change detected
2026-05-12 15:58:59,630 [INFO] 1 change detected
2026-05-12 15:59:00,037 [INFO] 1 change detected
2026-05-12 15:59:00,443 [INFO] 1 change detected
2026-05-12 15:59:00,852 [INFO] 1 change detected
2026-05-12 15:59:01,261 [INFO] 1 change detected
2026-05-12 15:59:01,666 [INFO] 1 change detected
2026-05-12 15:59:02,074 [INFO] 1 change detected
2026-05-12 15:59:02,433 [INFO] 1 change detected
2026-05-12 15:59:02,846 [INFO] 1 change detected
2026-05-12 15:59:03,251 [INFO] 1 change detected
2026-05-12 15:59:03,657 [INFO] 1 change detected
2026-05-12 15:59:04,062 [INFO] 1 change detected
2026-05-12 15:59:04,467 [INFO] 1 change detected
2026-05-12 15:59:04,871 [INFO] 1 change detected
2026-05-12 15:59:05,274 [INFO] 1 change detected
2026-05-12 15:59:05,679 [INFO] 1 change detected
2026-05-12 15:59:06,082 [INFO] 1 change detected
2026-05-12 15:59:06,484 [INFO] 1 change detected
2026-05-12 15:59:06,890 [INFO] 1 change detected
2026-05-12 15:59:07,299 [INFO] 1 change detected
2026-05-12 15:59:07,701 [INFO] 1 change detected
2026-05-12 15:59:08,105 [INFO] 1 change detected
2026-05-12 15:59:08,462 [INFO] 1 change detected
2026-05-12 15:59:08,872 [INFO] 1 change detected
2026-05-12 15:59:09,276 [INFO] 1 change detected
2026-05-12 15:59:09,681 [INFO] 1 change detected
2026-05-12 15:59:10,084 [INFO] 1 change detected
2026-05-12 15:59:10,490 [INFO] 1 change detected
2026-05-12 15:59:10,894 [INFO] 1 change detected
2026-05-12 15:59:11,298 [INFO] 1 change detected
2026-05-12 15:59:11,705 [INFO] 1 change detected
2026-05-12 15:59:12,112 [INFO] 1 change detected
2026-05-12 15:59:12,519 [INFO] 1 change detected
2026-05-12 15:59:12,875 [INFO] 1 change detected
2026-05-12 15:59:13,284 [INFO] 1 change detected
2026-05-12 15:59:13,688 [INFO] 1 change detected
2026-05-12 15:59:14,094 [INFO] 1 change detected
2026-05-12 15:59:14,499 [INFO] 1 change detected
2026-05-12 15:59:14,906 [INFO] 1 change detected
2026-05-12 15:59:15,311 [INFO] 1 change detected
2026-05-12 15:59:15,718 [INFO] 1 change detected
2026-05-12 15:59:16,121 [INFO] 1 change detected
2026-05-12 15:59:16,529 [INFO] 1 change detected
2026-05-12 15:59:16,933 [INFO] 1 change detected
2026-05-12 15:59:17,337 [INFO] 1 change detected
2026-05-12 15:59:17,741 [INFO] 1 change detected
2026-05-12 15:59:18,147 [INFO] 1 change detected
2026-05-12 15:59:18,503 [INFO] 1 change detected
2026-05-12 15:59:18,867 [INFO] 1 change detected
2026-05-12 15:59:19,224 [INFO] 1 change detected
2026-05-12 15:59:19,584 [INFO] 1 change detected
2026-05-12 15:59:19,941 [INFO] 1 change detected
2026-05-12 15:59:20,300 [INFO] 1 change detected
2026-05-12 15:59:20,656 [INFO] 1 change detected
2026-05-12 15:59:21,013 [INFO] 1 change detected
2026-05-12 15:59:21,372 [INFO] 1 change detected
2026-05-12 15:59:21,783 [INFO] 1 change detected
2026-05-12 15:59:22,140 [INFO] 1 change detected
2026-05-12 15:59:22,548 [INFO] 1 change detected
2026-05-12 15:59:22,954 [INFO] 1 change detected
2026-05-12 15:59:23,355 [INFO] 1 change detected
2026-05-12 15:59:23,761 [INFO] 1 change detected
2026-05-12 15:59:24,169 [INFO] 1 change detected
2026-05-12 15:59:24,573 [INFO] 1 change detected
2026-05-12 15:59:24,978 [INFO] 1 change detected
2026-05-12 15:59:25,380 [INFO] 1 change detected
2026-05-12 15:59:25,785 [INFO] 1 change detected
2026-05-12 15:59:26,188 [INFO] 1 change detected
2026-05-12 15:59:26,592 [INFO] 1 change detected
2026-05-12 15:59:26,999 [INFO] 1 change detected
2026-05-12 15:59:27,403 [INFO] 1 change detected
2026-05-12 15:59:27,759 [INFO] 1 change detected
2026-05-12 15:59:28,167 [INFO] 1 change detected
2026-05-12 15:59:28,571 [INFO] 1 change detected
2026-05-12 15:59:28,981 [INFO] 1 change detected
2026-05-12 15:59:29,386 [INFO] 1 change detected
2026-05-12 15:59:29,792 [INFO] 1 change detected
2026-05-12 15:59:30,201 [INFO] 1 change detected
2026-05-12 15:59:30,605 [INFO] 1 change detected
2026-05-12 15:59:31,013 [INFO] 1 change detected
2026-05-12 15:59:31,418 [INFO] 1 change detected
2026-05-12 15:59:31,824 [INFO] 1 change detected
2026-05-12 15:59:32,228 [INFO] 1 change detected
2026-05-12 15:59:32,634 [INFO] 1 change detected
2026-05-12 15:59:32,989 [INFO] 1 change detected
2026-05-12 15:59:33,398 [INFO] 1 change detected
2026-05-12 15:59:33,804 [INFO] 1 change detected
2026-05-12 15:59:34,209 [INFO] 1 change detected
2026-05-12 15:59:34,614 [INFO] 1 change detected
2026-05-12 15:59:35,020 [INFO] 1 change detected
2026-05-12 15:59:35,425 [INFO] 1 change detected
2026-05-12 15:59:35,831 [INFO] 1 change detected
2026-05-12 15:59:36,240 [INFO] 1 change detected
2026-05-12 15:59:36,645 [INFO] 1 change detected
2026-05-12 15:59:37,057 [INFO] 1 change detected
2026-05-12 15:59:37,459 [INFO] 1 change detected
2026-05-12 15:59:37,864 [INFO] 1 change detected
2026-05-12 15:59:38,269 [INFO] 1 change detected
2026-05-12 15:59:38,675 [INFO] 1 change detected
2026-05-12 15:59:39,080 [INFO] 1 change detected
2026-05-12 15:59:39,481 [INFO] 1 change detected
2026-05-12 15:59:39,885 [INFO] 1 change detected
2026-05-12 15:59:40,290 [INFO] 1 change detected
2026-05-12 15:59:40,694 [INFO] 1 change detected
2026-05-12 15:59:41,100 [INFO] 1 change detected
2026-05-12 15:59:41,505 [INFO] 1 change detected
2026-05-12 15:59:41,861 [INFO] 1 change detected
2026-05-12 15:59:42,273 [INFO] 1 change detected
2026-05-12 15:59:42,677 [INFO] 1 change detected
2026-05-12 15:59:43,087 [INFO] 1 change detected
2026-05-12 15:59:43,494 [INFO] 1 change detected
2026-05-12 15:59:43,900 [INFO] 1 change detected
2026-05-12 15:59:44,256 [INFO] 1 change detected
2026-05-12 15:59:44,670 [INFO] 1 change detected
2026-05-12 15:59:45,085 [INFO] 1 change detected
2026-05-12 15:59:45,492 [INFO] 1 change detected
2026-05-12 15:59:45,851 [INFO] 1 change detected
2026-05-12 15:59:46,265 [INFO] 1 change detected
2026-05-12 15:59:46,675 [INFO] 1 change detected
2026-05-12 15:59:47,035 [INFO] 1 change detected
2026-05-12 15:59:47,449 [INFO] 1 change detected
2026-05-12 15:59:47,857 [INFO] 1 change detected
2026-05-12 15:59:48,214 [INFO] 1 change detected
2026-05-12 15:59:48,629 [INFO] 1 change detected
2026-05-12 15:59:49,043 [INFO] 1 change detected
2026-05-12 15:59:49,403 [INFO] 1 change detected
2026-05-12 15:59:49,819 [INFO] 1 change detected
2026-05-12 15:59:50,230 [INFO] 1 change detected
2026-05-12 15:59:50,589 [INFO] 1 change detected
2026-05-12 15:59:51,003 [INFO] 1 change detected
2026-05-12 15:59:51,365 [INFO] 1 change detected
2026-05-12 15:59:51,777 [INFO] 1 change detected
2026-05-12 15:59:52,192 [INFO] 1 change detected
2026-05-12 15:59:52,555 [INFO] 1 change detected
2026-05-12 15:59:52,966 [INFO] 1 change detected
2026-05-12 15:59:53,378 [INFO] 1 change detected
2026-05-12 15:59:53,740 [INFO] 1 change detected
2026-05-12 15:59:54,154 [INFO] 1 change detected
2026-05-12 15:59:54,565 [INFO] 1 change detected
2026-05-12 15:59:54,925 [INFO] 1 change detected
2026-05-12 15:59:55,340 [INFO] 1 change detected
2026-05-12 15:59:55,752 [INFO] 1 change detected
2026-05-12 15:59:56,111 [INFO] 1 change detected
2026-05-12 15:59:56,521 [INFO] 1 change detected
2026-05-12 15:59:56,931 [INFO] 1 change detected
2026-05-12 15:59:57,292 [INFO] 1 change detected
2026-05-12 15:59:57,705 [INFO] 1 change detected
2026-05-12 15:59:58,117 [INFO] 1 change detected
2026-05-12 15:59:58,478 [INFO] 1 change detected
2026-05-12 15:59:58,892 [INFO] 1 change detected
2026-05-12 15:59:59,303 [INFO] 1 change detected
2026-05-12 15:59:59,662 [INFO] 1 change detected
2026-05-12 16:00:00,076 [INFO] 1 change detected
2026-05-12 16:00:00,483 [INFO] 1 change detected
2026-05-12 16:00:00,842 [INFO] 1 change detected
2026-05-12 16:00:01,256 [INFO] 1 change detected
2026-05-12 16:00:01,670 [INFO] 1 change detected
2026-05-12 16:00:02,030 [INFO] 1 change detected
2026-05-12 16:00:02,444 [INFO] 1 change detected
2026-05-12 16:00:02,857 [INFO] 1 change detected
2026-05-12 16:00:03,217 [INFO] 1 change detected
2026-05-12 16:00:03,631 [INFO] 1 change detected
2026-05-12 16:00:04,044 [INFO] 1 change detected
2026-05-12 16:00:04,403 [INFO] 1 change detected
2026-05-12 16:00:04,817 [INFO] 1 change detected
2026-05-12 16:00:05,225 [INFO] 1 change detected
2026-05-12 16:00:05,584 [INFO] 1 change detected
2026-05-12 16:00:05,998 [INFO] 1 change detected
2026-05-12 16:00:06,410 [INFO] 1 change detected
2026-05-12 16:00:06,772 [INFO] 1 change detected
2026-05-12 16:00:07,187 [INFO] 1 change detected
2026-05-12 16:00:07,599 [INFO] 1 change detected
2026-05-12 16:00:07,960 [INFO] 1 change detected
2026-05-12 16:00:08,373 [INFO] 1 change detected
2026-05-12 16:00:08,780 [INFO] 1 change detected
2026-05-12 16:00:09,137 [INFO] 1 change detected
2026-05-12 16:00:09,549 [INFO] 1 change detected
2026-05-12 16:00:09,957 [INFO] 1 change detected
2026-05-12 16:00:10,319 [INFO] 1 change detected
2026-05-12 16:00:10,733 [INFO] 1 change detected
2026-05-12 16:00:11,145 [INFO] 1 change detected
2026-05-12 16:00:11,505 [INFO] 1 change detected
2026-05-12 16:00:11,916 [INFO] 1 change detected
2026-05-12 16:00:12,324 [INFO] 1 change detected
2026-05-12 16:00:12,684 [INFO] 1 change detected
2026-05-12 16:00:13,097 [INFO] 1 change detected
2026-05-12 16:00:13,507 [INFO] 1 change detected
2026-05-12 16:00:13,869 [INFO] 1 change detected
2026-05-12 16:00:14,281 [INFO] 1 change detected
2026-05-12 16:00:14,689 [INFO] 1 change detected
2026-05-12 16:00:15,049 [INFO] 1 change detected
2026-05-12 16:00:15,461 [INFO] 1 change detected
2026-05-12 16:00:15,872 [INFO] 1 change detected
2026-05-12 16:00:16,230 [INFO] 1 change detected
2026-05-12 16:00:16,652 [INFO] 1 change detected
2026-05-12 16:00:17,009 [INFO] 1 change detected
2026-05-12 16:00:17,423 [INFO] 1 change detected
2026-05-12 16:00:17,783 [INFO] 1 change detected
2026-05-12 16:00:33,912 [INFO] 1 change detected
2026-05-12 16:00:34,283 [INFO] 1 change detected
2026-05-12 16:00:34,638 [INFO] 2 changes detected
2026-05-12 16:00:35,000 [INFO] 1 change detected
2026-05-12 16:00:35,456 [INFO] 1 change detected
2026-05-12 16:00:35,878 [INFO] 1 change detected
2026-05-12 16:00:36,357 [INFO] 1 change detected
2026-05-12 16:00:36,767 [INFO] 1 change detected
2026-05-12 16:00:37,183 [INFO] 1 change detected
2026-05-12 16:00:37,549 [INFO] 1 change detected
2026-05-12 16:00:37,964 [INFO] 1 change detected
2026-05-12 16:00:38,322 [INFO] 1 change detected
2026-05-12 16:00:38,737 [INFO] 1 change detected
2026-05-12 16:00:39,148 [INFO] 1 change detected
2026-05-12 16:00:39,508 [INFO] 1 change detected
2026-05-12 16:00:39,919 [INFO] 1 change detected
2026-05-12 16:00:40,326 [INFO] 1 change detected
2026-05-12 16:00:40,685 [INFO] 1 change detected
2026-05-12 16:00:41,098 [INFO] 1 change detected
2026-05-12 16:00:41,509 [INFO] 1 change detected
2026-05-12 16:00:41,867 [INFO] 1 change detected
2026-05-12 16:00:42,283 [INFO] 1 change detected
2026-05-12 16:00:42,695 [INFO] 1 change detected
2026-05-12 16:00:43,055 [INFO] 1 change detected
2026-05-12 16:00:43,468 [INFO] 1 change detected
2026-05-12 16:00:43,877 [INFO] 1 change detected
2026-05-12 16:00:44,237 [INFO] 1 change detected
2026-05-12 16:00:44,648 [INFO] 1 change detected
2026-05-12 16:00:45,059 [INFO] 1 change detected
2026-05-12 16:00:45,420 [INFO] 1 change detected
2026-05-12 16:00:45,835 [INFO] 1 change detected
2026-05-12 16:00:46,244 [INFO] 1 change detected
2026-05-12 16:00:46,603 [INFO] 1 change detected
2026-05-12 16:00:47,018 [INFO] 1 change detected
2026-05-12 16:00:47,426 [INFO] 1 change detected
2026-05-12 16:00:47,787 [INFO] 1 change detected
2026-05-12 16:00:48,199 [INFO] 1 change detected
2026-05-12 16:00:48,608 [INFO] 1 change detected
2026-05-12 16:00:48,969 [INFO] 1 change detected
2026-05-12 16:00:49,380 [INFO] 1 change detected
2026-05-12 16:00:49,791 [INFO] 1 change detected
2026-05-12 16:00:50,155 [INFO] 1 change detected
2026-05-12 16:00:50,570 [INFO] 1 change detected
2026-05-12 16:00:50,979 [INFO] 1 change detected
2026-05-12 16:00:51,338 [INFO] 1 change detected
2026-05-12 16:00:51,751 [INFO] 1 change detected
2026-05-12 16:00:52,162 [INFO] 1 change detected
2026-05-12 16:00:52,522 [INFO] 1 change detected
2026-05-12 16:00:52,937 [INFO] 1 change detected
2026-05-12 16:00:53,347 [INFO] 1 change detected
2026-05-12 16:00:53,707 [INFO] 1 change detected
2026-05-12 16:00:54,122 [INFO] 1 change detected
2026-05-12 16:00:54,535 [INFO] 1 change detected
2026-05-12 16:00:54,898 [INFO] 1 change detected
2026-05-12 16:00:55,312 [INFO] 1 change detected
2026-05-12 16:00:55,723 [INFO] 1 change detected
2026-05-12 16:00:56,084 [INFO] 1 change detected
2026-05-12 16:00:56,500 [INFO] 1 change detected
2026-05-12 16:00:56,914 [INFO] 1 change detected
2026-05-12 16:00:57,276 [INFO] 1 change detected
2026-05-12 16:00:57,691 [INFO] 1 change detected
2026-05-12 16:00:58,101 [INFO] 1 change detected
2026-05-12 16:00:58,460 [INFO] 1 change detected
2026-05-12 16:00:58,875 [INFO] 1 change detected
2026-05-12 16:00:59,281 [INFO] 1 change detected
2026-05-12 16:00:59,636 [INFO] 1 change detected
2026-05-12 16:01:00,047 [INFO] 1 change detected
2026-05-12 16:01:00,453 [INFO] 1 change detected
2026-05-12 16:01:00,811 [INFO] 1 change detected
2026-05-12 16:01:01,226 [INFO] 1 change detected
2026-05-12 16:01:01,635 [INFO] 1 change detected
2026-05-12 16:01:01,994 [INFO] 1 change detected
2026-05-12 16:01:02,407 [INFO] 1 change detected
2026-05-12 16:01:02,816 [INFO] 1 change detected
2026-05-12 16:01:03,174 [INFO] 1 change detected
2026-05-12 16:01:03,585 [INFO] 1 change detected
2026-05-12 16:01:03,996 [INFO] 1 change detected
2026-05-12 16:01:04,355 [INFO] 1 change detected
2026-05-12 16:01:04,768 [INFO] 1 change detected
2026-05-12 16:01:05,180 [INFO] 1 change detected
2026-05-12 16:01:05,542 [INFO] 1 change detected
2026-05-12 16:01:05,953 [INFO] 1 change detected
2026-05-12 16:01:06,364 [INFO] 1 change detected
2026-05-12 16:01:06,721 [INFO] 1 change detected
2026-05-12 16:01:07,132 [INFO] 1 change detected
2026-05-12 16:01:07,546 [INFO] 1 change detected
2026-05-12 16:01:07,909 [INFO] 1 change detected
2026-05-12 16:01:08,323 [INFO] 1 change detected
2026-05-12 16:01:08,734 [INFO] 1 change detected
2026-05-12 16:01:09,091 [INFO] 1 change detected
2026-05-12 16:01:09,503 [INFO] 1 change detected
2026-05-12 16:01:09,912 [INFO] 1 change detected
2026-05-12 16:01:10,276 [INFO] 1 change detected
2026-05-12 16:01:10,691 [INFO] 1 change detected
2026-05-12 16:01:11,100 [INFO] 1 change detected
2026-05-12 16:01:11,461 [INFO] 1 change detected
2026-05-12 16:01:11,875 [INFO] 1 change detected
2026-05-12 16:01:12,283 [INFO] 1 change detected
2026-05-12 16:01:12,644 [INFO] 1 change detected
2026-05-12 16:01:13,059 [INFO] 1 change detected
2026-05-12 16:01:13,418 [INFO] 1 change detected
2026-05-12 16:01:13,832 [INFO] 1 change detected
2026-05-12 16:01:14,246 [INFO] 1 change detected
2026-05-12 16:01:14,608 [INFO] 1 change detected
2026-05-12 16:01:15,017 [INFO] 1 change detected
2026-05-12 16:01:15,426 [INFO] 1 change detected
2026-05-12 16:01:15,785 [INFO] 1 change detected
2026-05-12 16:01:16,187 [INFO] 1 change detected
2026-05-12 16:01:16,598 [INFO] 1 change detected
2026-05-12 16:40:31,101 [INFO] 1 change detected
2026-05-12 16:40:32,541 [INFO] 1 change detected
2026-05-12 16:40:32,905 [INFO] 1 change detected
2026-05-12 16:40:33,314 [INFO] 1 change detected
2026-05-12 16:40:33,668 [INFO] 1 change detected
2026-05-12 16:40:34,131 [INFO] 1 change detected
2026-05-12 16:40:34,959 [INFO] 1 change detected
2026-05-12 16:40:35,524 [INFO] 1 change detected
2026-05-12 16:40:35,878 [INFO] 1 change detected
2026-05-12 16:40:36,288 [INFO] 1 change detected
2026-05-12 16:40:36,644 [INFO] 1 change detected
2026-05-12 16:40:37,056 [INFO] 1 change detected
2026-05-12 16:40:37,511 [INFO] 1 change detected
2026-05-12 16:40:37,968 [INFO] 1 change detected
2026-05-12 16:40:38,325 [INFO] 1 change detected
2026-05-12 16:40:38,738 [INFO] 1 change detected
2026-05-12 16:40:39,149 [INFO] 1 change detected
2026-05-12 16:40:39,510 [INFO] 1 change detected
2026-05-12 16:40:39,924 [INFO] 1 change detected
2026-05-12 16:40:40,336 [INFO] 1 change detected
2026-05-12 16:40:40,695 [INFO] 1 change detected
2026-05-12 16:40:41,060 [INFO] 1 change detected
2026-05-12 16:40:41,475 [INFO] 1 change detected
2026-05-12 16:40:41,887 [INFO] 1 change detected
2026-05-12 16:40:42,247 [INFO] 1 change detected
2026-05-12 16:40:42,662 [INFO] 1 change detected
2026-05-12 16:40:43,022 [INFO] 1 change detected
2026-05-12 16:40:43,437 [INFO] 1 change detected
2026-05-12 16:40:43,851 [INFO] 1 change detected
2026-05-12 16:40:44,209 [INFO] 1 change detected
2026-05-12 16:40:44,621 [INFO] 1 change detected
2026-05-12 16:40:45,027 [INFO] 1 change detected
2026-05-12 16:40:45,435 [INFO] 1 change detected
2026-05-12 16:40:45,796 [INFO] 1 change detected
2026-05-12 16:40:46,208 [INFO] 1 change detected
2026-05-12 16:40:46,616 [INFO] 1 change detected
2026-05-12 16:40:47,027 [INFO] 1 change detected
2026-05-12 16:40:47,388 [INFO] 1 change detected
2026-05-12 16:40:47,801 [INFO] 1 change detected
2026-05-12 16:40:48,213 [INFO] 1 change detected
2026-05-12 16:40:48,573 [INFO] 1 change detected
2026-05-12 16:40:48,989 [INFO] 1 change detected
2026-05-12 16:40:49,395 [INFO] 1 change detected
2026-05-12 16:40:49,751 [INFO] 1 change detected
2026-05-12 16:40:50,160 [INFO] 1 change detected
2026-05-12 16:40:50,618 [INFO] 1 change detected
2026-05-12 16:40:50,971 [INFO] 1 change detected
2026-05-12 16:40:51,382 [INFO] 1 change detected
2026-05-12 16:40:51,793 [INFO] 1 change detected
2026-05-12 16:40:52,199 [INFO] 1 change detected
2026-05-12 16:40:52,607 [INFO] 1 change detected
2026-05-12 16:40:52,966 [INFO] 1 change detected
2026-05-12 16:40:53,378 [INFO] 1 change detected
2026-05-12 16:40:53,787 [INFO] 1 change detected
2026-05-12 16:40:54,146 [INFO] 1 change detected
2026-05-12 16:40:54,558 [INFO] 1 change detected
2026-05-12 16:40:54,965 [INFO] 1 change detected
2026-05-12 16:40:55,325 [INFO] 1 change detected
2026-05-12 16:40:55,739 [INFO] 1 change detected
2026-05-12 16:40:56,146 [INFO] 1 change detected
2026-05-12 16:40:56,503 [INFO] 1 change detected
2026-05-12 16:40:56,911 [INFO] 1 change detected
2026-05-12 16:40:57,315 [INFO] 1 change detected
2026-05-12 16:40:57,721 [INFO] 1 change detected
2026-05-12 16:40:58,078 [INFO] 1 change detected
2026-05-12 16:40:58,488 [INFO] 1 change detected
2026-05-12 16:40:58,899 [INFO] 1 change detected
2026-05-12 16:40:59,259 [INFO] 1 change detected
2026-05-12 16:40:59,670 [INFO] 1 change detected
2026-05-12 16:41:00,079 [INFO] 1 change detected
2026-05-12 16:41:00,442 [INFO] 1 change detected
2026-05-12 16:41:00,902 [INFO] 1 change detected
2026-05-12 16:41:01,310 [INFO] 1 change detected
2026-05-12 16:41:01,717 [INFO] 1 change detected
2026-05-12 16:41:02,123 [INFO] 1 change detected
2026-05-12 16:41:02,479 [INFO] 1 change detected
2026-05-12 16:41:02,887 [INFO] 1 change detected
2026-05-12 16:41:03,292 [INFO] 1 change detected
2026-05-12 16:41:03,701 [INFO] 1 change detected
2026-05-12 16:41:04,108 [INFO] 1 change detected
2026-05-12 16:41:04,467 [INFO] 1 change detected
2026-05-12 16:41:04,876 [INFO] 1 change detected
2026-05-12 16:41:05,289 [INFO] 1 change detected
2026-05-12 16:41:05,696 [INFO] 1 change detected
2026-05-12 16:41:06,108 [INFO] 1 change detected
2026-05-12 16:41:06,466 [INFO] 1 change detected
2026-05-12 16:41:06,875 [INFO] 1 change detected
2026-05-12 16:41:07,279 [INFO] 1 change detected
2026-05-12 16:41:07,636 [INFO] 1 change detected
2026-05-12 16:41:08,046 [INFO] 1 change detected
2026-05-12 16:41:08,451 [INFO] 1 change detected
2026-05-12 16:41:08,806 [INFO] 1 change detected
2026-05-12 16:41:09,218 [INFO] 1 change detected
2026-05-12 16:41:09,631 [INFO] 1 change detected
2026-05-12 16:41:09,992 [INFO] 1 change detected
2026-05-12 16:41:10,404 [INFO] 1 change detected
2026-05-12 16:41:10,813 [INFO] 1 change detected
2026-05-12 16:41:11,174 [INFO] 1 change detected
2026-05-12 16:41:11,588 [INFO] 1 change detected
2026-05-12 16:41:11,998 [INFO] 1 change detected
2026-05-12 16:41:12,358 [INFO] 1 change detected
2026-05-12 16:41:12,773 [INFO] 1 change detected
2026-05-12 16:41:13,182 [INFO] 1 change detected
2026-05-12 16:41:13,540 [INFO] 1 change detected
2026-05-12 16:41:13,951 [INFO] 1 change detected
2026-05-12 16:41:14,360 [INFO] 1 change detected
2026-05-12 16:41:14,719 [INFO] 1 change detected
2026-05-12 16:41:15,128 [INFO] 1 change detected
2026-05-12 16:41:15,532 [INFO] 1 change detected
2026-05-12 16:41:15,940 [INFO] 1 change detected
2026-05-12 16:41:16,344 [INFO] 1 change detected
2026-05-12 16:41:16,701 [INFO] 1 change detected
2026-05-12 16:41:17,110 [INFO] 1 change detected
2026-05-12 16:41:17,520 [INFO] 1 change detected
2026-05-12 16:41:17,883 [INFO] 1 change detected
2026-05-12 16:41:18,296 [INFO] 1 change detected
2026-05-12 16:41:18,706 [INFO] 1 change detected
2026-05-12 16:41:19,068 [INFO] 1 change detected
2026-05-12 16:41:19,478 [INFO] 1 change detected
2026-05-12 16:41:19,835 [INFO] 1 change detected
2026-05-12 16:41:20,242 [INFO] 1 change detected
2026-05-12 16:41:20,650 [INFO] 1 change detected
2026-05-12 16:41:21,057 [INFO] 1 change detected
2026-05-12 16:41:21,412 [INFO] 1 change detected
2026-05-12 16:41:21,824 [INFO] 1 change detected
2026-05-12 16:41:22,232 [INFO] 1 change detected
2026-05-12 16:41:22,592 [INFO] 1 change detected
2026-05-12 16:41:23,004 [INFO] 1 change detected
2026-05-12 16:41:23,414 [INFO] 1 change detected
2026-05-12 16:41:23,773 [INFO] 1 change detected
2026-05-12 16:41:24,183 [INFO] 1 change detected
2026-05-12 16:41:24,590 [INFO] 1 change detected
2026-05-12 16:41:24,947 [INFO] 1 change detected
2026-05-12 16:41:25,363 [INFO] 1 change detected
2026-05-12 16:41:25,772 [INFO] 1 change detected
2026-05-12 16:41:26,132 [INFO] 1 change detected
2026-05-12 16:41:26,544 [INFO] 1 change detected
2026-05-12 16:41:26,950 [INFO] 1 change detected
2026-05-12 16:41:27,306 [INFO] 1 change detected
2026-05-12 16:41:27,716 [INFO] 1 change detected
2026-05-12 16:41:28,123 [INFO] 1 change detected
2026-05-12 16:41:28,478 [INFO] 1 change detected
2026-05-12 16:41:28,891 [INFO] 1 change detected
2026-05-12 16:41:29,298 [INFO] 1 change detected
2026-05-12 16:41:29,655 [INFO] 1 change detected
2026-05-12 16:41:30,062 [INFO] 1 change detected
2026-05-12 16:41:30,471 [INFO] 1 change detected
2026-05-12 16:41:30,829 [INFO] 1 change detected
2026-05-12 16:41:31,238 [INFO] 1 change detected
2026-05-12 16:41:31,644 [INFO] 1 change detected
2026-05-12 16:41:31,999 [INFO] 1 change detected
2026-05-12 16:41:32,407 [INFO] 1 change detected
2026-05-12 16:41:32,815 [INFO] 1 change detected
2026-05-12 16:41:33,169 [INFO] 1 change detected
2026-05-12 16:41:33,581 [INFO] 1 change detected
2026-05-12 16:41:33,994 [INFO] 1 change detected
2026-05-12 16:41:34,354 [INFO] 1 change detected
2026-05-12 16:41:34,767 [INFO] 1 change detected
2026-05-12 16:41:35,174 [INFO] 1 change detected
2026-05-12 16:41:35,532 [INFO] 1 change detected
2026-05-12 16:41:35,946 [INFO] 1 change detected
2026-05-12 16:41:36,307 [INFO] 1 change detected
2026-05-12 16:41:36,719 [INFO] 1 change detected
2026-05-12 16:41:37,125 [INFO] 1 change detected
2026-05-12 16:41:37,532 [INFO] 1 change detected
2026-05-12 16:41:37,894 [INFO] 1 change detected
2026-05-12 16:41:38,306 [INFO] 1 change detected
2026-05-12 16:41:38,717 [INFO] 1 change detected
2026-05-12 16:41:39,077 [INFO] 1 change detected
2026-05-12 16:41:39,492 [INFO] 1 change detected
2026-05-12 16:41:39,905 [INFO] 1 change detected
2026-05-12 16:41:40,260 [INFO] 1 change detected
2026-05-12 16:41:40,674 [INFO] 1 change detected
2026-05-12 16:41:41,087 [INFO] 1 change detected
2026-05-12 16:41:41,500 [INFO] 1 change detected
2026-05-12 16:41:41,861 [INFO] 1 change detected
2026-05-12 16:41:42,270 [INFO] 1 change detected
2026-05-12 16:41:42,628 [INFO] 1 change detected
2026-05-12 16:41:43,044 [INFO] 1 change detected
2026-05-12 16:41:43,455 [INFO] 1 change detected
2026-05-12 16:41:43,816 [INFO] 1 change detected
2026-05-12 16:41:44,230 [INFO] 1 change detected
2026-05-12 16:41:44,589 [INFO] 1 change detected
2026-05-12 16:41:45,002 [INFO] 1 change detected
2026-05-12 16:41:45,414 [INFO] 1 change detected
2026-05-12 16:41:45,771 [INFO] 1 change detected
2026-05-12 16:41:46,184 [INFO] 1 change detected
2026-05-12 16:41:46,591 [INFO] 1 change detected
2026-05-12 16:41:46,950 [INFO] 1 change detected
2026-05-12 16:41:47,364 [INFO] 1 change detected
2026-05-12 16:41:47,775 [INFO] 1 change detected
2026-05-12 16:41:48,132 [INFO] 1 change detected
2026-05-12 16:41:48,545 [INFO] 1 change detected
2026-05-12 16:41:48,955 [INFO] 1 change detected
2026-05-12 16:41:49,312 [INFO] 1 change detected
2026-05-12 16:41:49,724 [INFO] 1 change detected
2026-05-12 16:41:50,128 [INFO] 1 change detected
2026-05-12 16:41:50,484 [INFO] 1 change detected
2026-05-12 16:41:50,894 [INFO] 1 change detected
2026-05-12 16:41:51,299 [INFO] 1 change detected
2026-05-12 16:41:51,658 [INFO] 1 change detected
2026-05-12 16:41:52,067 [INFO] 1 change detected
2026-05-12 16:41:52,472 [INFO] 1 change detected
2026-05-12 16:41:52,882 [INFO] 1 change detected
2026-05-12 16:41:53,241 [INFO] 1 change detected
2026-05-12 16:41:53,654 [INFO] 1 change detected
2026-05-12 16:41:54,064 [INFO] 1 change detected
2026-05-12 16:41:54,423 [INFO] 1 change detected
2026-05-12 16:41:54,832 [INFO] 1 change detected
2026-05-12 16:41:55,243 [INFO] 1 change detected
2026-05-12 16:41:55,604 [INFO] 1 change detected
2026-05-12 16:41:56,017 [INFO] 1 change detected
2026-05-12 16:41:56,430 [INFO] 1 change detected
2026-05-12 16:41:56,790 [INFO] 1 change detected
2026-05-12 16:41:57,202 [INFO] 1 change detected
2026-05-12 16:41:57,608 [INFO] 1 change detected
2026-05-12 16:41:57,965 [INFO] 1 change detected
2026-05-12 16:41:58,375 [INFO] 1 change detected
2026-05-12 16:41:58,781 [INFO] 1 change detected
2026-05-12 16:41:59,137 [INFO] 1 change detected
2026-05-12 16:41:59,546 [INFO] 1 change detected
2026-05-12 16:41:59,953 [INFO] 1 change detected
2026-05-12 16:42:00,362 [INFO] 1 change detected
2026-05-12 16:42:00,715 [INFO] 1 change detected
2026-05-12 16:42:01,127 [INFO] 1 change detected
2026-05-12 16:42:01,534 [INFO] 1 change detected
2026-05-12 16:42:01,891 [INFO] 1 change detected
2026-05-12 16:42:02,300 [INFO] 1 change detected
2026-05-12 16:42:02,706 [INFO] 1 change detected
2026-05-12 16:42:03,067 [INFO] 1 change detected
2026-05-12 16:42:03,480 [INFO] 1 change detected
2026-05-12 16:42:03,895 [INFO] 1 change detected
2026-05-12 16:42:04,255 [INFO] 1 change detected
2026-05-12 16:42:04,667 [INFO] 1 change detected
2026-05-12 16:42:05,075 [INFO] 1 change detected
2026-05-12 16:42:05,434 [INFO] 1 change detected
2026-05-12 16:42:05,846 [INFO] 1 change detected
2026-05-12 16:42:06,255 [INFO] 1 change detected
2026-05-12 16:42:06,612 [INFO] 1 change detected
2026-05-12 16:42:07,024 [INFO] 1 change detected
2026-05-12 16:42:07,435 [INFO] 1 change detected
2026-05-12 16:42:07,792 [INFO] 1 change detected
2026-05-12 16:42:08,203 [INFO] 1 change detected
2026-05-12 16:42:08,612 [INFO] 1 change detected
2026-05-12 16:42:08,967 [INFO] 1 change detected
2026-05-12 16:42:09,377 [INFO] 1 change detected
2026-05-12 16:42:09,786 [INFO] 1 change detected
2026-05-12 16:42:10,146 [INFO] 1 change detected
2026-05-12 16:42:10,555 [INFO] 1 change detected
2026-05-12 16:42:10,964 [INFO] 1 change detected
2026-05-12 16:42:11,320 [INFO] 1 change detected
2026-05-12 16:42:11,733 [INFO] 1 change detected
2026-05-12 16:42:12,141 [INFO] 1 change detected
2026-05-12 16:42:12,499 [INFO] 1 change detected
2026-05-12 16:42:12,911 [INFO] 1 change detected
2026-05-12 16:42:13,320 [INFO] 1 change detected
2026-05-12 16:42:13,680 [INFO] 1 change detected
2026-05-12 16:42:14,096 [INFO] 1 change detected
2026-05-12 16:42:14,504 [INFO] 1 change detected
2026-05-12 16:42:14,862 [INFO] 1 change detected
2026-05-12 16:42:15,275 [INFO] 1 change detected
2026-05-12 16:42:15,687 [INFO] 1 change detected
2026-05-12 16:42:16,048 [INFO] 1 change detected
2026-05-12 16:42:16,461 [INFO] 1 change detected
2026-05-12 16:42:16,868 [INFO] 1 change detected
2026-05-12 16:42:17,225 [INFO] 1 change detected
2026-05-12 16:42:17,639 [INFO] 1 change detected
2026-05-12 16:42:18,049 [INFO] 1 change detected
2026-05-12 16:42:18,409 [INFO] 1 change detected
2026-05-12 16:42:18,821 [INFO] 1 change detected
2026-05-12 16:42:19,229 [INFO] 1 change detected
2026-05-12 16:42:19,591 [INFO] 1 change detected
2026-05-12 16:42:20,004 [INFO] 1 change detected
2026-05-12 16:42:20,413 [INFO] 1 change detected
2026-05-12 16:42:20,773 [INFO] 1 change detected
2026-05-12 16:42:21,184 [INFO] 1 change detected
2026-05-12 16:42:21,591 [INFO] 1 change detected
2026-05-12 16:42:21,949 [INFO] 1 change detected
2026-05-12 16:42:22,364 [INFO] 1 change detected
2026-05-12 16:42:22,773 [INFO] 1 change detected
2026-05-12 16:42:23,129 [INFO] 1 change detected
2026-05-12 16:42:23,535 [INFO] 1 change detected
2026-05-12 16:42:23,947 [INFO] 1 change detected
2026-05-12 16:42:24,359 [INFO] 1 change detected
2026-05-12 16:42:24,718 [INFO] 1 change detected
2026-05-12 16:42:25,130 [INFO] 1 change detected
2026-05-12 16:42:25,536 [INFO] 1 change detected
2026-05-12 16:42:25,894 [INFO] 1 change detected
2026-05-12 16:42:26,308 [INFO] 1 change detected
2026-05-12 16:42:26,720 [INFO] 1 change detected
2026-05-12 16:42:27,079 [INFO] 1 change detected
2026-05-12 16:42:27,491 [INFO] 1 change detected
2026-05-12 16:42:27,901 [INFO] 1 change detected
2026-05-12 16:42:28,263 [INFO] 1 change detected
2026-05-12 16:42:28,674 [INFO] 1 change detected
2026-05-12 16:42:29,086 [INFO] 1 change detected
2026-05-12 16:42:29,444 [INFO] 1 change detected
2026-05-12 16:42:29,858 [INFO] 1 change detected
2026-05-12 16:42:30,262 [INFO] 1 change detected
2026-05-12 16:42:30,620 [INFO] 1 change detected
2026-05-12 16:42:31,033 [INFO] 1 change detected
2026-05-12 16:42:31,444 [INFO] 1 change detected
2026-05-12 16:42:31,806 [INFO] 1 change detected
2026-05-12 16:42:32,217 [INFO] 1 change detected
2026-05-12 16:42:32,623 [INFO] 1 change detected
2026-05-12 16:42:32,979 [INFO] 1 change detected
2026-05-12 16:42:33,388 [INFO] 1 change detected
2026-05-12 16:42:33,794 [INFO] 1 change detected
2026-05-12 16:42:34,149 [INFO] 1 change detected
2026-05-12 16:42:34,559 [INFO] 1 change detected
2026-05-12 16:42:34,916 [INFO] 1 change detected
2026-05-12 16:42:35,328 [INFO] 1 change detected
2026-05-12 16:42:35,738 [INFO] 1 change detected
2026-05-12 16:42:36,097 [INFO] 1 change detected
2026-05-12 16:42:36,512 [INFO] 1 change detected
2026-05-12 16:42:36,923 [INFO] 1 change detected
2026-05-12 16:42:37,278 [INFO] 1 change detected
2026-05-12 16:42:37,688 [INFO] 1 change detected
2026-05-12 16:42:38,097 [INFO] 1 change detected
2026-05-12 16:42:38,460 [INFO] 1 change detected
2026-05-12 16:42:38,873 [INFO] 1 change detected
2026-05-12 16:42:39,281 [INFO] 1 change detected
2026-05-12 16:42:39,642 [INFO] 1 change detected
2026-05-12 16:42:40,053 [INFO] 1 change detected
2026-05-12 16:42:40,464 [INFO] 1 change detected
2026-05-12 16:42:40,823 [INFO] 1 change detected
2026-05-12 16:42:41,236 [INFO] 1 change detected
2026-05-12 16:42:41,644 [INFO] 1 change detected
2026-05-12 16:42:42,000 [INFO] 1 change detected
2026-05-12 16:42:42,413 [INFO] 1 change detected
2026-05-12 16:42:42,823 [INFO] 1 change detected
2026-05-12 16:42:43,181 [INFO] 1 change detected
2026-05-12 16:42:43,595 [INFO] 1 change detected
2026-05-12 16:42:43,954 [INFO] 1 change detected
2026-05-12 16:42:44,364 [INFO] 1 change detected
2026-05-12 16:42:44,773 [INFO] 1 change detected
2026-05-12 16:42:45,133 [INFO] 1 change detected
2026-05-12 16:42:45,541 [INFO] 1 change detected
2026-05-12 16:42:45,952 [INFO] 1 change detected
2026-05-12 16:42:46,310 [INFO] 1 change detected
2026-05-12 16:42:46,725 [INFO] 1 change detected
2026-05-12 16:42:47,134 [INFO] 1 change detected
2026-05-12 16:42:47,493 [INFO] 1 change detected
2026-05-12 16:42:47,909 [INFO] 1 change detected
2026-05-12 16:42:48,318 [INFO] 1 change detected
2026-05-12 16:42:48,679 [INFO] 1 change detected
2026-05-12 16:42:49,090 [INFO] 1 change detected
2026-05-12 16:42:49,499 [INFO] 1 change detected
2026-05-12 16:42:49,859 [INFO] 1 change detected
2026-05-12 16:42:50,275 [INFO] 1 change detected
2026-05-12 16:42:50,683 [INFO] 1 change detected
2026-05-12 16:42:51,044 [INFO] 1 change detected
2026-05-12 16:42:51,459 [INFO] 1 change detected
2026-05-12 16:42:51,872 [INFO] 1 change detected
2026-05-12 16:42:52,233 [INFO] 1 change detected
2026-05-12 16:42:52,645 [INFO] 1 change detected
2026-05-12 16:42:53,054 [INFO] 1 change detected
2026-05-12 16:42:53,412 [INFO] 1 change detected
2026-05-12 16:42:53,829 [INFO] 1 change detected
2026-05-12 16:42:54,236 [INFO] 1 change detected
2026-05-12 16:42:54,597 [INFO] 1 change detected
2026-05-12 16:42:55,012 [INFO] 1 change detected
2026-05-12 16:42:55,422 [INFO] 1 change detected
2026-05-12 16:42:55,779 [INFO] 1 change detected
2026-05-12 16:42:56,191 [INFO] 1 change detected
2026-05-12 16:42:56,600 [INFO] 1 change detected
2026-05-12 16:42:56,960 [INFO] 1 change detected
2026-05-12 16:42:57,370 [INFO] 1 change detected
2026-05-12 16:42:57,779 [INFO] 1 change detected
2026-05-12 16:42:58,139 [INFO] 1 change detected
2026-05-12 16:42:58,553 [INFO] 1 change detected
2026-05-12 16:42:58,964 [INFO] 1 change detected
2026-05-12 16:42:59,322 [INFO] 1 change detected
2026-05-12 16:42:59,735 [INFO] 1 change detected
2026-05-12 16:43:00,142 [INFO] 1 change detected
2026-05-12 16:43:00,499 [INFO] 1 change detected
2026-05-12 16:43:00,909 [INFO] 1 change detected
2026-05-12 16:43:01,315 [INFO] 1 change detected
2026-05-12 16:43:01,671 [INFO] 1 change detected
2026-05-12 16:43:02,082 [INFO] 1 change detected
2026-05-12 16:43:02,494 [INFO] 1 change detected
2026-05-12 16:43:02,855 [INFO] 1 change detected
2026-05-12 16:43:03,266 [INFO] 1 change detected
2026-05-12 16:43:03,677 [INFO] 1 change detected
2026-05-12 16:43:04,035 [INFO] 1 change detected
2026-05-12 16:43:04,448 [INFO] 1 change detected
2026-05-12 16:43:04,857 [INFO] 1 change detected
2026-05-12 16:43:05,217 [INFO] 1 change detected
2026-05-12 16:43:05,625 [INFO] 1 change detected
2026-05-12 16:43:06,035 [INFO] 1 change detected
2026-05-12 16:43:06,444 [INFO] 1 change detected
2026-05-12 16:43:06,800 [INFO] 1 change detected
2026-05-12 16:43:07,214 [INFO] 1 change detected
2026-05-12 16:43:07,622 [INFO] 1 change detected
2026-05-12 16:43:07,981 [INFO] 1 change detected
2026-05-12 16:43:08,392 [INFO] 1 change detected
2026-05-12 16:43:08,800 [INFO] 1 change detected
2026-05-12 16:43:09,157 [INFO] 1 change detected
2026-05-12 16:43:09,571 [INFO] 1 change detected
2026-05-12 16:43:09,979 [INFO] 1 change detected
2026-05-12 16:43:10,334 [INFO] 1 change detected
2026-05-12 16:43:10,745 [INFO] 1 change detected
2026-05-12 16:43:11,151 [INFO] 1 change detected
2026-05-12 16:43:11,512 [INFO] 1 change detected
2026-05-12 16:43:11,921 [INFO] 1 change detected
2026-05-12 16:43:12,331 [INFO] 1 change detected
2026-05-12 16:43:12,688 [INFO] 1 change detected
2026-05-12 16:43:13,099 [INFO] 1 change detected
2026-05-12 16:43:13,509 [INFO] 1 change detected
2026-05-12 16:43:13,868 [INFO] 1 change detected
2026-05-12 16:43:14,282 [INFO] 1 change detected
2026-05-12 16:43:14,693 [INFO] 1 change detected
2026-05-12 16:43:15,055 [INFO] 1 change detected
2026-05-12 16:43:15,467 [INFO] 1 change detected
2026-05-12 16:43:15,875 [INFO] 1 change detected
2026-05-12 16:43:16,230 [INFO] 1 change detected
2026-05-12 16:43:16,641 [INFO] 1 change detected
2026-05-12 16:43:17,050 [INFO] 1 change detected
2026-05-12 16:43:17,411 [INFO] 1 change detected
2026-05-12 16:43:17,824 [INFO] 1 change detected
2026-05-12 16:43:18,235 [INFO] 1 change detected
2026-05-12 16:43:18,590 [INFO] 1 change detected
2026-05-12 16:43:19,001 [INFO] 1 change detected
2026-05-12 16:43:19,412 [INFO] 1 change detected
2026-05-12 16:43:19,772 [INFO] 1 change detected
2026-05-12 16:43:20,184 [INFO] 1 change detected
2026-05-12 16:43:20,590 [INFO] 1 change detected
2026-05-12 16:43:20,951 [INFO] 1 change detected
2026-05-12 16:43:21,362 [INFO] 1 change detected
2026-05-12 16:43:21,773 [INFO] 1 change detected
2026-05-12 16:43:22,135 [INFO] 1 change detected
2026-05-12 16:43:22,544 [INFO] 1 change detected
2026-05-12 16:43:22,904 [INFO] 1 change detected
2026-05-12 16:43:23,320 [INFO] 1 change detected
2026-05-12 16:43:23,732 [INFO] 1 change detected
2026-05-12 16:43:24,094 [INFO] 1 change detected
2026-05-12 16:43:24,509 [INFO] 1 change detected
2026-05-12 16:43:24,917 [INFO] 1 change detected
2026-05-12 16:43:25,276 [INFO] 1 change detected
2026-05-12 16:43:25,690 [INFO] 1 change detected
2026-05-12 16:43:26,098 [INFO] 1 change detected
2026-05-12 16:43:26,457 [INFO] 1 change detected
2026-05-12 16:43:26,868 [INFO] 1 change detected
2026-05-12 16:43:27,279 [INFO] 1 change detected
2026-05-12 16:43:27,641 [INFO] 1 change detected
2026-05-12 16:43:28,054 [INFO] 1 change detected
2026-05-12 16:43:28,465 [INFO] 1 change detected
2026-05-12 16:43:28,828 [INFO] 1 change detected
2026-05-12 16:43:29,239 [INFO] 1 change detected
2026-05-12 16:43:29,650 [INFO] 1 change detected
2026-05-12 16:43:30,008 [INFO] 1 change detected
2026-05-12 16:43:30,422 [INFO] 1 change detected
2026-05-12 16:43:30,834 [INFO] 1 change detected
2026-05-12 16:43:31,193 [INFO] 1 change detected
2026-05-12 16:43:31,604 [INFO] 1 change detected
2026-05-12 16:43:31,966 [INFO] 1 change detected
2026-05-12 16:43:32,379 [INFO] 1 change detected
2026-05-12 16:43:32,789 [INFO] 1 change detected
2026-05-12 16:43:33,148 [INFO] 1 change detected
2026-05-12 16:43:33,562 [INFO] 1 change detected
2026-05-12 16:43:33,971 [INFO] 1 change detected
2026-05-12 16:43:34,329 [INFO] 1 change detected
2026-05-12 16:43:34,739 [INFO] 1 change detected
2026-05-12 16:43:35,149 [INFO] 1 change detected
2026-05-12 16:43:35,559 [INFO] 1 change detected
2026-05-12 16:43:35,918 [INFO] 1 change detected
2026-05-12 16:43:36,329 [INFO] 1 change detected
2026-05-12 16:43:36,737 [INFO] 1 change detected
2026-05-12 16:43:37,096 [INFO] 1 change detected
2026-05-12 16:43:37,508 [INFO] 1 change detected
2026-05-12 16:43:37,916 [INFO] 1 change detected
2026-05-12 16:43:38,272 [INFO] 1 change detected
2026-05-12 16:43:38,684 [INFO] 1 change detected
2026-05-12 16:43:39,093 [INFO] 1 change detected
2026-05-12 16:43:39,450 [INFO] 1 change detected
2026-05-12 16:43:39,863 [INFO] 1 change detected
2026-05-12 16:43:40,271 [INFO] 1 change detected
2026-05-12 16:43:40,627 [INFO] 1 change detected
2026-05-12 16:43:41,038 [INFO] 1 change detected
2026-05-12 16:43:41,445 [INFO] 1 change detected
2026-05-12 16:43:41,799 [INFO] 1 change detected
2026-05-12 16:43:42,208 [INFO] 1 change detected
2026-05-12 16:43:42,614 [INFO] 1 change detected
2026-05-12 16:43:42,971 [INFO] 1 change detected
2026-05-12 16:43:43,384 [INFO] 1 change detected
2026-05-12 16:43:43,796 [INFO] 1 change detected
2026-05-12 16:43:44,156 [INFO] 1 change detected
2026-05-12 16:43:44,567 [INFO] 1 change detected
2026-05-12 16:43:44,978 [INFO] 1 change detected
2026-05-12 16:43:45,334 [INFO] 1 change detected
2026-05-12 16:43:45,749 [INFO] 1 change detected
2026-05-12 16:43:46,156 [INFO] 1 change detected
2026-05-12 16:43:46,511 [INFO] 1 change detected
2026-05-12 16:43:46,922 [INFO] 1 change detected
2026-05-12 16:43:47,333 [INFO] 1 change detected
2026-05-12 16:43:47,692 [INFO] 1 change detected
2026-05-12 16:43:48,106 [INFO] 1 change detected
2026-05-12 16:43:48,520 [INFO] 1 change detected
2026-05-12 16:43:48,878 [INFO] 1 change detected
2026-05-12 16:43:49,291 [INFO] 1 change detected
2026-05-12 16:43:49,700 [INFO] 1 change detected
2026-05-12 16:43:50,057 [INFO] 1 change detected
2026-05-12 16:43:50,471 [INFO] 1 change detected
2026-05-12 16:43:50,880 [INFO] 1 change detected
2026-05-12 16:43:51,238 [INFO] 1 change detected
2026-05-12 16:43:51,646 [INFO] 1 change detected
2026-05-12 16:43:52,052 [INFO] 1 change detected
2026-05-12 16:43:52,414 [INFO] 1 change detected
2026-05-12 16:43:52,826 [INFO] 1 change detected
2026-05-12 16:43:53,235 [INFO] 1 change detected
2026-05-12 16:43:53,595 [INFO] 1 change detected
2026-05-12 16:43:54,007 [INFO] 1 change detected
2026-05-12 16:43:54,415 [INFO] 1 change detected
2026-05-12 16:43:54,774 [INFO] 1 change detected
2026-05-12 16:43:55,186 [INFO] 1 change detected
2026-05-12 16:43:55,599 [INFO] 1 change detected
2026-05-12 16:43:55,960 [INFO] 1 change detected
2026-05-12 16:43:56,372 [INFO] 1 change detected
2026-05-12 16:43:56,782 [INFO] 1 change detected
2026-05-12 16:43:57,140 [INFO] 1 change detected
2026-05-12 16:43:57,552 [INFO] 1 change detected
2026-05-12 16:43:57,962 [INFO] 1 change detected
2026-05-12 16:43:58,373 [INFO] 1 change detected
2026-05-12 16:43:58,729 [INFO] 1 change detected
2026-05-12 16:43:59,143 [INFO] 1 change detected
2026-05-12 16:43:59,499 [INFO] 1 change detected
2026-05-12 16:43:59,907 [INFO] 1 change detected
2026-05-12 16:44:00,311 [INFO] 1 change detected
2026-05-12 16:44:00,669 [INFO] 1 change detected
2026-05-12 16:44:01,082 [INFO] 1 change detected
2026-05-12 16:44:01,489 [INFO] 1 change detected
2026-05-12 16:44:01,848 [INFO] 1 change detected
2026-05-12 16:44:02,262 [INFO] 1 change detected
2026-05-12 16:44:02,672 [INFO] 1 change detected
2026-05-12 16:44:03,029 [INFO] 1 change detected
2026-05-12 16:44:03,439 [INFO] 1 change detected
2026-05-12 16:44:03,849 [INFO] 1 change detected
2026-05-12 16:44:04,207 [INFO] 1 change detected
2026-05-12 16:44:04,618 [INFO] 1 change detected
2026-05-12 16:44:05,025 [INFO] 1 change detected
2026-05-12 16:44:05,383 [INFO] 1 change detected
2026-05-12 16:44:05,796 [INFO] 1 change detected
2026-05-12 16:44:06,207 [INFO] 1 change detected
2026-05-12 16:44:06,568 [INFO] 1 change detected
2026-05-12 16:44:06,980 [INFO] 1 change detected
2026-05-12 16:44:07,340 [INFO] 1 change detected
2026-05-12 16:44:07,753 [INFO] 1 change detected
2026-05-12 16:44:08,164 [INFO] 1 change detected
2026-05-12 16:44:08,526 [INFO] 1 change detected
2026-05-12 16:44:08,938 [INFO] 1 change detected
2026-05-12 16:44:09,349 [INFO] 1 change detected
2026-05-12 16:44:09,709 [INFO] 1 change detected
2026-05-12 16:44:10,122 [INFO] 1 change detected
2026-05-12 16:44:10,530 [INFO] 1 change detected
2026-05-12 16:44:10,891 [INFO] 1 change detected
2026-05-12 16:44:11,304 [INFO] 1 change detected
2026-05-12 16:44:11,716 [INFO] 1 change detected
2026-05-12 16:44:12,074 [INFO] 1 change detected
2026-05-12 16:44:12,485 [INFO] 1 change detected
2026-05-12 16:44:12,895 [INFO] 1 change detected
2026-05-12 16:44:13,254 [INFO] 1 change detected
2026-05-12 16:44:13,668 [INFO] 1 change detected
2026-05-12 16:44:14,077 [INFO] 1 change detected
2026-05-12 16:44:14,435 [INFO] 1 change detected
2026-05-12 16:44:14,844 [INFO] 1 change detected
2026-05-12 16:44:15,251 [INFO] 1 change detected
2026-05-12 16:44:15,609 [INFO] 1 change detected
2026-05-12 16:44:16,019 [INFO] 1 change detected
2026-05-12 16:44:16,426 [INFO] 1 change detected
2026-05-12 16:44:16,784 [INFO] 1 change detected
2026-05-12 16:44:17,195 [INFO] 1 change detected
2026-05-12 16:44:17,606 [INFO] 1 change detected
2026-05-12 16:44:17,967 [INFO] 1 change detected
2026-05-12 16:44:18,377 [INFO] 1 change detected
2026-05-12 16:44:18,786 [INFO] 1 change detected
2026-05-12 16:44:19,145 [INFO] 1 change detected
2026-05-12 16:44:19,556 [INFO] 1 change detected
2026-05-12 16:44:19,965 [INFO] 1 change detected
2026-05-12 16:44:20,323 [INFO] 1 change detected
2026-05-12 16:44:20,737 [INFO] 1 change detected
2026-05-12 16:44:21,145 [INFO] 1 change detected
2026-05-12 16:44:21,504 [INFO] 1 change detected
2026-05-12 16:44:21,913 [INFO] 1 change detected
2026-05-12 16:44:22,321 [INFO] 1 change detected
2026-05-12 16:44:22,676 [INFO] 1 change detected
2026-05-12 16:44:23,085 [INFO] 1 change detected
2026-05-12 16:44:23,491 [INFO] 1 change detected
2026-05-12 16:44:23,897 [INFO] 1 change detected
2026-05-12 16:44:24,252 [INFO] 1 change detected
2026-05-12 16:44:24,665 [INFO] 1 change detected
2026-05-12 16:44:25,076 [INFO] 1 change detected
2026-05-12 16:44:25,432 [INFO] 1 change detected
2026-05-12 16:44:25,843 [INFO] 1 change detected
2026-05-12 16:44:26,248 [INFO] 1 change detected
2026-05-12 16:44:26,657 [INFO] 1 change detected
2026-05-12 16:44:27,016 [INFO] 1 change detected
2026-05-12 16:44:27,430 [INFO] 1 change detected
2026-05-12 16:44:27,790 [INFO] 1 change detected
2026-05-12 16:44:28,205 [INFO] 1 change detected
2026-05-12 16:44:28,614 [INFO] 1 change detected
2026-05-12 16:44:28,972 [INFO] 1 change detected
2026-05-12 16:44:29,388 [INFO] 1 change detected
2026-05-12 16:44:29,796 [INFO] 1 change detected
2026-05-12 16:44:30,156 [INFO] 1 change detected
2026-05-12 16:44:30,566 [INFO] 1 change detected
2026-05-12 16:44:30,970 [INFO] 1 change detected
2026-05-12 16:44:31,377 [INFO] 1 change detected
2026-05-12 16:44:31,737 [INFO] 1 change detected
2026-05-12 16:44:32,149 [INFO] 1 change detected
2026-05-12 16:44:32,555 [INFO] 1 change detected
2026-05-12 16:44:32,910 [INFO] 1 change detected
2026-05-12 16:44:33,326 [INFO] 1 change detected
2026-05-12 16:44:33,736 [INFO] 1 change detected
2026-05-12 16:44:34,097 [INFO] 1 change detected
2026-05-12 16:44:34,507 [INFO] 1 change detected
2026-05-12 16:44:34,916 [INFO] 1 change detected
2026-05-12 16:44:35,273 [INFO] 1 change detected
2026-05-12 16:44:35,686 [INFO] 1 change detected
2026-05-12 16:44:36,090 [INFO] 1 change detected
2026-05-12 16:44:36,497 [INFO] 1 change detected
2026-05-12 16:44:36,857 [INFO] 1 change detected
2026-05-12 16:44:37,270 [INFO] 1 change detected
2026-05-12 16:44:37,628 [INFO] 1 change detected
2026-05-12 16:44:38,041 [INFO] 1 change detected
2026-05-12 16:44:38,449 [INFO] 1 change detected
2026-05-12 16:44:38,809 [INFO] 1 change detected
2026-05-12 16:44:39,219 [INFO] 1 change detected
2026-05-12 16:44:39,628 [INFO] 1 change detected
2026-05-12 16:44:39,986 [INFO] 1 change detected
2026-05-12 16:44:40,399 [INFO] 1 change detected
2026-05-12 16:44:40,810 [INFO] 1 change detected
2026-05-12 16:44:41,167 [INFO] 1 change detected
2026-05-12 16:44:41,579 [INFO] 1 change detected
2026-05-12 16:44:41,987 [INFO] 1 change detected
2026-05-12 16:44:42,346 [INFO] 1 change detected
2026-05-12 16:44:42,761 [INFO] 1 change detected
2026-05-12 16:44:43,170 [INFO] 1 change detected
2026-05-12 16:44:43,526 [INFO] 1 change detected
2026-05-12 16:44:43,937 [INFO] 1 change detected
2026-05-12 16:44:44,296 [INFO] 1 change detected
2026-05-12 16:44:44,708 [INFO] 1 change detected
2026-05-12 16:44:45,117 [INFO] 1 change detected
2026-05-12 16:44:45,478 [INFO] 1 change detected
2026-05-12 16:44:45,888 [INFO] 1 change detected
2026-05-12 16:44:46,299 [INFO] 1 change detected
2026-05-12 16:44:46,660 [INFO] 1 change detected
2026-05-12 16:44:47,071 [INFO] 1 change detected
2026-05-12 16:44:47,478 [INFO] 1 change detected
2026-05-12 16:44:47,834 [INFO] 1 change detected
2026-05-12 16:44:48,247 [INFO] 1 change detected
2026-05-12 16:44:48,656 [INFO] 1 change detected
2026-05-12 16:44:49,012 [INFO] 1 change detected
2026-05-12 16:44:49,426 [INFO] 1 change detected
2026-05-12 16:44:49,839 [INFO] 1 change detected
2026-05-12 16:44:50,198 [INFO] 1 change detected
2026-05-12 16:44:50,611 [INFO] 1 change detected
2026-05-12 16:44:51,017 [INFO] 1 change detected
2026-05-12 16:44:51,376 [INFO] 1 change detected
2026-05-12 16:44:51,793 [INFO] 1 change detected
2026-05-12 16:44:52,201 [INFO] 1 change detected
2026-05-12 16:44:52,560 [INFO] 1 change detected
2026-05-12 16:44:52,974 [INFO] 1 change detected
2026-05-12 16:44:53,335 [INFO] 1 change detected
2026-05-12 16:44:53,746 [INFO] 1 change detected
2026-05-12 16:44:54,152 [INFO] 1 change detected
2026-05-12 16:44:54,512 [INFO] 1 change detected
2026-05-12 16:44:54,926 [INFO] 1 change detected
2026-05-12 16:44:55,336 [INFO] 1 change detected
2026-05-12 16:44:55,694 [INFO] 1 change detected
2026-05-12 16:44:56,108 [INFO] 1 change detected
2026-05-12 16:44:56,515 [INFO] 1 change detected
2026-05-12 16:44:56,875 [INFO] 1 change detected
2026-05-12 16:44:57,290 [INFO] 1 change detected
2026-05-12 16:44:57,702 [INFO] 1 change detected
2026-05-12 16:44:58,063 [INFO] 1 change detected
2026-05-12 16:44:58,477 [INFO] 1 change detected
2026-05-12 16:44:58,885 [INFO] 1 change detected
2026-05-12 16:44:59,240 [INFO] 1 change detected
2026-05-12 16:44:59,655 [INFO] 1 change detected
2026-05-12 16:45:00,064 [INFO] 1 change detected
2026-05-12 16:45:00,421 [INFO] 1 change detected
2026-05-12 16:45:00,837 [INFO] 1 change detected
2026-05-12 16:45:01,248 [INFO] 1 change detected
2026-05-12 16:45:01,605 [INFO] 1 change detected
2026-05-12 16:45:02,018 [INFO] 1 change detected
2026-05-12 16:45:02,428 [INFO] 1 change detected
2026-05-12 16:45:02,781 [INFO] 1 change detected
2026-05-12 16:45:03,191 [INFO] 1 change detected
2026-05-12 16:45:03,604 [INFO] 1 change detected
2026-05-12 16:45:03,959 [INFO] 1 change detected
2026-05-12 16:45:04,367 [INFO] 1 change detected
2026-05-12 16:45:04,777 [INFO] 1 change detected
2026-05-12 16:45:05,136 [INFO] 1 change detected
2026-05-12 16:45:05,548 [INFO] 1 change detected
2026-05-12 16:45:05,961 [INFO] 1 change detected
2026-05-12 16:45:06,320 [INFO] 1 change detected
2026-05-12 16:45:06,733 [INFO] 1 change detected
2026-05-12 16:45:07,142 [INFO] 1 change detected
2026-05-12 16:45:07,553 [INFO] 1 change detected
2026-05-12 16:45:07,915 [INFO] 1 change detected
2026-05-12 16:45:08,329 [INFO] 1 change detected
2026-05-12 16:45:08,692 [INFO] 1 change detected
2026-05-12 16:45:09,104 [INFO] 1 change detected
2026-05-12 16:45:09,517 [INFO] 1 change detected
2026-05-12 16:45:09,876 [INFO] 1 change detected
2026-05-12 16:45:10,289 [INFO] 1 change detected
2026-05-12 16:45:10,698 [INFO] 1 change detected
2026-05-12 16:45:11,056 [INFO] 1 change detected
2026-05-12 16:45:11,469 [INFO] 1 change detected
2026-05-12 16:45:11,880 [INFO] 1 change detected
2026-05-12 16:45:12,237 [INFO] 1 change detected
2026-05-12 16:45:12,651 [INFO] 1 change detected
2026-05-12 16:45:13,062 [INFO] 1 change detected
2026-05-12 16:45:13,423 [INFO] 1 change detected
2026-05-12 16:45:13,837 [INFO] 1 change detected
2026-05-12 16:45:14,250 [INFO] 1 change detected
2026-05-12 16:45:14,609 [INFO] 1 change detected
2026-05-12 16:45:15,021 [INFO] 1 change detected
2026-05-12 16:45:15,433 [INFO] 1 change detected
2026-05-12 16:45:15,792 [INFO] 1 change detected
2026-05-12 16:45:16,204 [INFO] 1 change detected
2026-05-12 16:45:16,606 [INFO] 1 change detected
2026-05-12 16:45:17,016 [INFO] 1 change detected
2026-05-12 16:45:17,371 [INFO] 1 change detected
2026-05-12 16:45:17,780 [INFO] 1 change detected
2026-05-12 16:45:18,186 [INFO] 1 change detected
2026-05-12 16:45:18,547 [INFO] 1 change detected
2026-05-12 16:45:18,957 [INFO] 1 change detected
2026-05-12 16:45:19,366 [INFO] 1 change detected
2026-05-12 16:45:19,727 [INFO] 1 change detected
2026-05-12 16:45:20,140 [INFO] 1 change detected
2026-05-12 16:45:20,546 [INFO] 1 change detected
2026-05-12 16:45:20,906 [INFO] 1 change detected
2026-05-12 16:45:21,316 [INFO] 1 change detected
2026-05-12 16:45:21,725 [INFO] 1 change detected
2026-05-12 16:45:22,088 [INFO] 1 change detected
2026-05-12 16:45:22,499 [INFO] 1 change detected
2026-05-12 16:45:22,907 [INFO] 1 change detected
2026-05-12 16:45:23,268 [INFO] 1 change detected
2026-05-12 16:45:23,680 [INFO] 1 change detected
2026-05-12 16:45:24,089 [INFO] 1 change detected
2026-05-12 16:45:24,447 [INFO] 1 change detected
2026-05-12 16:45:24,856 [INFO] 1 change detected
2026-05-12 16:45:25,264 [INFO] 1 change detected
2026-05-12 16:45:25,624 [INFO] 1 change detected
2026-05-12 16:45:26,039 [INFO] 1 change detected
2026-05-12 16:45:26,449 [INFO] 1 change detected
2026-05-12 16:45:26,806 [INFO] 1 change detected
2026-05-12 16:45:27,221 [INFO] 1 change detected
2026-05-12 16:45:27,624 [INFO] 1 change detected
2026-05-12 16:45:27,981 [INFO] 1 change detected
2026-05-12 16:45:28,393 [INFO] 1 change detected
2026-05-12 16:45:28,806 [INFO] 1 change detected
2026-05-12 16:45:29,163 [INFO] 1 change detected
2026-05-12 16:45:29,574 [INFO] 1 change detected
2026-05-12 16:45:29,980 [INFO] 1 change detected
2026-05-12 16:45:30,339 [INFO] 1 change detected
2026-05-12 16:45:30,749 [INFO] 1 change detected
2026-05-12 16:45:31,158 [INFO] 1 change detected
2026-05-12 16:45:31,518 [INFO] 1 change detected
2026-05-12 16:45:31,929 [INFO] 1 change detected
2026-05-12 16:45:32,338 [INFO] 1 change detected
2026-05-12 16:45:32,697 [INFO] 1 change detected
2026-05-12 16:45:33,111 [INFO] 1 change detected
2026-05-12 16:45:33,516 [INFO] 1 change detected
2026-05-12 16:45:33,876 [INFO] 1 change detected
2026-05-12 16:45:34,290 [INFO] 1 change detected
2026-05-12 16:45:34,700 [INFO] 1 change detected
2026-05-12 16:45:35,061 [INFO] 1 change detected
2026-05-12 16:45:35,475 [INFO] 1 change detected
2026-05-12 16:45:35,883 [INFO] 1 change detected
2026-05-12 16:45:36,241 [INFO] 1 change detected
2026-05-12 16:45:36,652 [INFO] 1 change detected
2026-05-12 16:45:37,009 [INFO] 1 change detected
2026-05-12 16:45:37,424 [INFO] 1 change detected
2026-05-12 16:45:37,835 [INFO] 1 change detected
2026-05-12 16:45:38,195 [INFO] 1 change detected
2026-05-12 16:45:38,609 [INFO] 1 change detected
2026-05-12 16:45:39,016 [INFO] 1 change detected
2026-05-12 16:45:39,375 [INFO] 1 change detected
2026-05-12 16:45:39,788 [INFO] 1 change detected
2026-05-12 16:45:40,199 [INFO] 1 change detected
2026-05-12 16:45:40,557 [INFO] 1 change detected
2026-05-12 16:45:40,970 [INFO] 1 change detected
2026-05-12 16:45:41,378 [INFO] 1 change detected
2026-05-12 16:45:41,737 [INFO] 1 change detected
2026-05-12 16:45:42,149 [INFO] 1 change detected
2026-05-12 16:45:42,557 [INFO] 1 change detected
2026-05-12 16:45:42,916 [INFO] 1 change detected
2026-05-12 16:45:43,329 [INFO] 1 change detected
2026-05-12 16:45:43,736 [INFO] 1 change detected
2026-05-12 16:45:44,094 [INFO] 1 change detected
2026-05-12 16:45:44,507 [INFO] 1 change detected
2026-05-12 16:45:44,912 [INFO] 1 change detected
2026-05-12 16:45:45,274 [INFO] 1 change detected
2026-05-12 16:45:45,685 [INFO] 1 change detected
2026-05-12 16:45:46,096 [INFO] 1 change detected
2026-05-12 16:45:46,456 [INFO] 1 change detected
2026-05-12 16:45:46,866 [INFO] 1 change detected
2026-05-12 16:45:47,275 [INFO] 1 change detected
2026-05-12 16:45:47,632 [INFO] 1 change detected
2026-05-12 16:45:48,043 [INFO] 1 change detected
2026-05-12 16:45:48,452 [INFO] 1 change detected
2026-05-12 16:45:48,809 [INFO] 1 change detected
2026-05-12 16:45:49,221 [INFO] 1 change detected
2026-05-12 16:45:49,630 [INFO] 1 change detected
2026-05-12 16:45:49,988 [INFO] 1 change detected
2026-05-12 16:45:50,400 [INFO] 1 change detected
2026-05-12 16:45:50,812 [INFO] 1 change detected
2026-05-12 16:45:51,171 [INFO] 1 change detected
2026-05-12 16:45:51,585 [INFO] 1 change detected
2026-05-12 16:45:51,995 [INFO] 1 change detected
2026-05-12 16:45:52,355 [INFO] 1 change detected
2026-05-12 16:45:52,763 [INFO] 1 change detected
2026-05-12 16:45:53,169 [INFO] 1 change detected
2026-05-12 16:45:53,528 [INFO] 1 change detected
2026-05-12 16:45:53,937 [INFO] 1 change detected
2026-05-12 16:45:54,347 [INFO] 1 change detected
2026-05-12 16:45:54,755 [INFO] 1 change detected
2026-05-12 16:45:55,114 [INFO] 1 change detected
2026-05-12 16:45:55,524 [INFO] 1 change detected
2026-05-12 16:45:55,937 [INFO] 1 change detected
2026-05-12 16:45:56,294 [INFO] 1 change detected
2026-05-12 16:45:56,708 [INFO] 1 change detected
2026-05-12 16:45:57,067 [INFO] 1 change detected
2026-05-12 16:45:57,476 [INFO] 1 change detected
2026-05-12 16:45:57,887 [INFO] 1 change detected
2026-05-12 16:45:58,243 [INFO] 1 change detected
2026-05-12 16:45:58,658 [INFO] 1 change detected
2026-05-12 16:45:59,067 [INFO] 1 change detected
2026-05-12 16:45:59,423 [INFO] 1 change detected
2026-05-12 16:45:59,835 [INFO] 1 change detected
2026-05-12 16:46:00,243 [INFO] 1 change detected
2026-05-12 16:46:00,600 [INFO] 1 change detected
2026-05-12 16:46:01,013 [INFO] 1 change detected
2026-05-12 16:46:01,421 [INFO] 1 change detected
2026-05-12 16:46:01,777 [INFO] 1 change detected
2026-05-12 16:46:02,189 [INFO] 1 change detected
2026-05-12 16:46:02,600 [INFO] 1 change detected
2026-05-12 16:46:02,955 [INFO] 1 change detected
2026-05-12 16:46:03,368 [INFO] 1 change detected
2026-05-12 16:46:03,780 [INFO] 1 change detected
2026-05-12 16:46:04,135 [INFO] 1 change detected
2026-05-12 16:46:04,545 [INFO] 1 change detected
2026-05-12 16:46:04,954 [INFO] 1 change detected
2026-05-12 16:46:05,309 [INFO] 1 change detected
2026-05-12 16:46:05,717 [INFO] 1 change detected
2026-05-12 16:46:06,124 [INFO] 1 change detected
2026-05-12 16:46:06,484 [INFO] 1 change detected
2026-05-12 16:46:06,898 [INFO] 1 change detected
2026-05-12 16:46:07,307 [INFO] 1 change detected
2026-05-12 16:46:07,666 [INFO] 1 change detected
2026-05-12 16:46:08,078 [INFO] 1 change detected
2026-05-12 16:46:08,486 [INFO] 1 change detected
2026-05-12 16:46:08,845 [INFO] 1 change detected
2026-05-12 16:46:09,259 [INFO] 1 change detected
2026-05-12 16:46:09,672 [INFO] 1 change detected
2026-05-12 16:46:10,033 [INFO] 1 change detected
2026-05-12 16:46:10,445 [INFO] 1 change detected
2026-05-12 16:46:10,855 [INFO] 1 change detected
2026-05-12 16:46:11,216 [INFO] 1 change detected
2026-05-12 16:46:11,624 [INFO] 1 change detected
2026-05-12 16:46:12,034 [INFO] 1 change detected
2026-05-12 16:46:12,394 [INFO] 1 change detected
2026-05-12 16:46:12,807 [INFO] 1 change detected
2026-05-12 16:46:13,215 [INFO] 1 change detected
2026-05-12 16:46:13,625 [INFO] 1 change detected
2026-05-12 16:46:13,983 [INFO] 1 change detected
2026-05-12 16:46:14,394 [INFO] 1 change detected
2026-05-12 16:46:14,803 [INFO] 1 change detected
2026-05-12 16:46:15,161 [INFO] 1 change detected
2026-05-12 16:46:15,570 [INFO] 1 change detected
2026-05-12 16:46:15,976 [INFO] 1 change detected
2026-05-12 16:46:16,331 [INFO] 1 change detected
2026-05-12 16:46:16,742 [INFO] 1 change detected
2026-05-12 16:46:17,151 [INFO] 1 change detected
2026-05-12 16:46:17,505 [INFO] 1 change detected
2026-05-12 16:46:17,915 [INFO] 1 change detected
2026-05-12 16:46:18,321 [INFO] 1 change detected
2026-05-12 16:46:18,679 [INFO] 1 change detected
2026-05-12 16:46:19,092 [INFO] 1 change detected
2026-05-12 16:46:19,500 [INFO] 1 change detected
2026-05-12 16:46:19,859 [INFO] 1 change detected
2026-05-12 16:46:20,270 [INFO] 1 change detected
2026-05-12 16:46:20,680 [INFO] 1 change detected
2026-05-12 16:46:21,039 [INFO] 1 change detected
2026-05-12 16:46:21,454 [INFO] 1 change detected
2026-05-12 16:46:21,861 [INFO] 1 change detected
2026-05-12 16:46:22,222 [INFO] 1 change detected
2026-05-12 16:46:22,636 [INFO] 1 change detected
2026-05-12 16:46:23,046 [INFO] 1 change detected
2026-05-12 16:46:23,408 [INFO] 1 change detected
2026-05-12 16:46:23,823 [INFO] 1 change detected
2026-05-12 16:46:24,181 [INFO] 1 change detected
2026-05-12 16:46:24,592 [INFO] 1 change detected
2026-05-12 16:46:25,002 [INFO] 1 change detected
2026-05-12 16:46:25,358 [INFO] 1 change detected
2026-05-12 16:46:25,771 [INFO] 1 change detected
2026-05-12 16:46:26,181 [INFO] 1 change detected
2026-05-12 16:46:26,540 [INFO] 1 change detected
2026-05-12 16:46:26,951 [INFO] 1 change detected
2026-05-12 16:46:27,308 [INFO] 1 change detected
2026-05-12 16:46:27,721 [INFO] 1 change detected
2026-05-12 16:46:28,134 [INFO] 1 change detected
2026-05-12 16:46:28,493 [INFO] 1 change detected
2026-05-12 16:46:28,905 [INFO] 1 change detected
2026-05-12 16:46:29,316 [INFO] 1 change detected
2026-05-12 16:46:29,676 [INFO] 1 change detected
2026-05-12 16:46:30,089 [INFO] 1 change detected
2026-05-12 16:46:30,498 [INFO] 1 change detected
2026-05-12 16:46:30,856 [INFO] 1 change detected
2026-05-12 16:46:31,267 [INFO] 1 change detected
2026-05-12 16:46:31,678 [INFO] 1 change detected
2026-05-12 16:46:32,039 [INFO] 1 change detected
2026-05-12 16:46:32,451 [INFO] 1 change detected
2026-05-12 16:46:32,859 [INFO] 1 change detected
2026-05-12 16:46:33,266 [INFO] 1 change detected
2026-05-12 16:46:33,629 [INFO] 1 change detected
2026-05-12 16:46:34,045 [INFO] 1 change detected
2026-05-12 16:46:34,454 [INFO] 1 change detected
2026-05-12 16:46:34,814 [INFO] 1 change detected
2026-05-12 16:46:35,229 [INFO] 1 change detected
2026-05-12 16:46:36,045 [INFO] 1 change detected
2026-05-12 16:46:37,010 [INFO] 1 change detected
2026-05-12 16:46:37,364 [INFO] 1 change detected
2026-05-12 16:46:37,727 [INFO] 1 change detected
2026-05-12 16:46:38,136 [INFO] 1 change detected
2026-05-12 16:46:38,545 [INFO] 1 change detected
2026-05-12 16:46:38,952 [INFO] 1 change detected
2026-05-12 16:46:39,308 [INFO] 1 change detected
2026-05-12 16:46:39,719 [INFO] 1 change detected
2026-05-12 16:46:40,127 [INFO] 1 change detected
2026-05-12 16:46:40,486 [INFO] 1 change detected
2026-05-12 16:46:42,008 [INFO] 1 change detected
2026-05-12 16:46:42,361 [INFO] 1 change detected
2026-05-12 16:46:42,772 [INFO] 1 change detected
2026-05-12 16:46:43,181 [INFO] 1 change detected
2026-05-12 16:46:43,594 [INFO] 1 change detected
2026-05-12 16:46:43,954 [INFO] 1 change detected
2026-05-12 16:46:44,368 [INFO] 1 change detected
2026-05-12 16:46:44,778 [INFO] 1 change detected
2026-05-12 16:46:45,135 [INFO] 1 change detected
2026-05-12 16:46:45,546 [INFO] 1 change detected
2026-05-12 16:46:45,957 [INFO] 1 change detected
2026-05-12 16:46:46,317 [INFO] 1 change detected
2026-05-12 16:46:46,729 [INFO] 1 change detected
2026-05-12 16:46:47,134 [INFO] 1 change detected
2026-05-12 16:46:47,545 [INFO] 1 change detected
2026-05-12 16:46:47,908 [INFO] 1 change detected
2026-05-12 16:46:48,322 [INFO] 1 change detected
2026-05-12 16:46:48,734 [INFO] 1 change detected
2026-05-12 16:46:49,095 [INFO] 1 change detected
2026-05-12 16:46:49,508 [INFO] 1 change detected
2026-05-12 16:46:50,172 [INFO] 1 change detected
2026-05-12 16:46:50,528 [INFO] 1 change detected
2026-05-12 16:46:50,890 [INFO] 1 change detected
2026-05-12 16:46:51,291 [INFO] 1 change detected
2026-05-12 16:46:51,702 [INFO] 1 change detected
2026-05-12 16:46:52,113 [INFO] 1 change detected
2026-05-12 16:46:52,521 [INFO] 1 change detected
2026-05-12 16:46:52,883 [INFO] 1 change detected
2026-05-12 16:46:53,292 [INFO] 1 change detected
2026-05-12 16:46:53,698 [INFO] 1 change detected
2026-05-12 16:46:54,057 [INFO] 1 change detected
2026-05-12 16:46:54,469 [INFO] 1 change detected
2026-05-12 16:46:54,879 [INFO] 1 change detected
2026-05-12 16:46:55,240 [INFO] 1 change detected
2026-05-12 16:46:55,655 [INFO] 1 change detected
2026-05-12 16:46:56,067 [INFO] 1 change detected
2026-05-12 16:46:56,427 [INFO] 1 change detected
2026-05-12 16:46:56,838 [INFO] 1 change detected
2026-05-12 16:46:57,249 [INFO] 1 change detected
2026-05-12 16:46:57,611 [INFO] 1 change detected
2026-05-12 16:46:58,025 [INFO] 1 change detected
2026-05-12 16:46:58,435 [INFO] 1 change detected
2026-05-12 16:46:58,792 [INFO] 1 change detected
2026-05-12 16:46:59,203 [INFO] 1 change detected
2026-05-12 16:46:59,608 [INFO] 1 change detected
2026-05-12 16:46:59,966 [INFO] 1 change detected
2026-05-12 16:47:00,377 [INFO] 1 change detected
2026-05-12 16:47:00,786 [INFO] 1 change detected
2026-05-12 16:47:01,145 [INFO] 1 change detected
2026-05-12 16:47:01,558 [INFO] 1 change detected
2026-05-12 16:47:01,915 [INFO] 1 change detected
2026-05-12 16:47:02,328 [INFO] 1 change detected
2026-05-12 16:47:02,737 [INFO] 1 change detected
2026-05-12 16:47:03,095 [INFO] 1 change detected
2026-05-12 16:47:03,507 [INFO] 1 change detected
2026-05-12 16:47:03,920 [INFO] 1 change detected
2026-05-12 16:47:04,279 [INFO] 1 change detected
2026-05-12 16:47:04,695 [INFO] 1 change detected
2026-05-12 16:47:05,104 [INFO] 1 change detected
2026-05-12 16:47:05,464 [INFO] 1 change detected
2026-05-12 16:47:05,876 [INFO] 1 change detected
2026-05-12 16:47:06,237 [INFO] 1 change detected
2026-05-12 16:47:06,651 [INFO] 1 change detected
2026-05-12 16:47:07,059 [INFO] 1 change detected
2026-05-12 16:47:07,468 [INFO] 1 change detected
2026-05-12 16:47:07,823 [INFO] 1 change detected
2026-05-12 16:47:08,235 [INFO] 1 change detected
2026-05-12 16:47:08,591 [INFO] 1 change detected
2026-05-12 16:47:08,999 [INFO] 1 change detected
2026-05-12 16:47:09,405 [INFO] 1 change detected
2026-05-12 16:47:09,811 [INFO] 1 change detected
2026-05-12 16:47:10,218 [INFO] 1 change detected
2026-05-12 16:47:10,629 [INFO] 1 change detected
2026-05-12 16:47:11,042 [INFO] 1 change detected
2026-05-12 16:47:11,405 [INFO] 1 change detected
2026-05-12 16:47:11,816 [INFO] 1 change detected
2026-05-12 16:47:12,225 [INFO] 1 change detected
2026-05-12 16:47:12,582 [INFO] 1 change detected
2026-05-12 16:47:12,993 [INFO] 1 change detected
2026-05-12 16:47:13,404 [INFO] 1 change detected
2026-05-12 16:47:13,760 [INFO] 1 change detected
2026-05-12 16:47:14,174 [INFO] 1 change detected
2026-05-12 16:47:14,583 [INFO] 1 change detected
2026-05-12 16:47:14,943 [INFO] 1 change detected
2026-05-12 16:47:15,355 [INFO] 1 change detected
2026-05-12 16:47:15,765 [INFO] 1 change detected
2026-05-12 16:47:16,123 [INFO] 1 change detected
2026-05-12 16:47:16,536 [INFO] 1 change detected
2026-05-12 16:47:16,944 [INFO] 1 change detected
2026-05-12 16:47:17,301 [INFO] 1 change detected
2026-05-12 16:47:17,715 [INFO] 1 change detected
2026-05-12 16:47:18,123 [INFO] 1 change detected
2026-05-12 16:47:18,479 [INFO] 1 change detected
2026-05-12 16:47:18,893 [INFO] 1 change detected
2026-05-12 16:47:19,306 [INFO] 1 change detected
2026-05-12 16:47:19,665 [INFO] 1 change detected
2026-05-12 16:47:20,078 [INFO] 1 change detected
2026-05-12 16:47:20,490 [INFO] 1 change detected
2026-05-12 16:47:20,849 [INFO] 1 change detected
2026-05-12 16:47:21,262 [INFO] 1 change detected
2026-05-12 16:47:21,673 [INFO] 1 change detected
2026-05-12 16:47:22,033 [INFO] 1 change detected
2026-05-12 16:47:22,446 [INFO] 1 change detected
2026-05-12 16:47:22,853 [INFO] 1 change detected
2026-05-12 16:47:23,210 [INFO] 1 change detected
2026-05-12 16:47:23,622 [INFO] 1 change detected
2026-05-12 16:47:24,030 [INFO] 1 change detected
2026-05-12 16:47:24,388 [INFO] 1 change detected
2026-05-12 16:47:24,801 [INFO] 1 change detected
2026-05-12 16:47:25,213 [INFO] 1 change detected
2026-05-12 16:47:25,571 [INFO] 1 change detected
2026-05-12 16:47:25,983 [INFO] 1 change detected
2026-05-12 16:47:26,391 [INFO] 1 change detected
2026-05-12 16:47:26,749 [INFO] 1 change detected
2026-05-12 16:47:27,159 [INFO] 1 change detected
2026-05-12 16:47:27,570 [INFO] 1 change detected
2026-05-12 16:47:27,923 [INFO] 1 change detected
2026-05-12 16:47:28,334 [INFO] 1 change detected
2026-05-12 16:47:28,741 [INFO] 1 change detected
2026-05-12 16:47:29,149 [INFO] 1 change detected
2026-05-12 16:47:29,563 [INFO] 1 change detected
2026-05-12 16:47:29,924 [INFO] 1 change detected
2026-05-12 16:47:30,335 [INFO] 1 change detected
2026-05-12 16:47:30,696 [INFO] 1 change detected
2026-05-12 16:47:31,108 [INFO] 1 change detected
2026-05-12 16:47:31,520 [INFO] 1 change detected
2026-05-12 16:47:31,881 [INFO] 1 change detected
2026-05-12 16:47:32,291 [INFO] 1 change detected
2026-05-12 16:47:32,699 [INFO] 1 change detected
2026-05-12 16:47:33,059 [INFO] 1 change detected
2026-05-12 16:47:33,470 [INFO] 1 change detected
2026-05-12 16:47:33,882 [INFO] 1 change detected
2026-05-12 16:47:34,239 [INFO] 1 change detected
2026-05-12 16:47:34,654 [INFO] 1 change detected
2026-05-12 16:47:35,066 [INFO] 1 change detected
2026-05-12 16:47:35,418 [INFO] 1 change detected
2026-05-12 16:47:35,897 [INFO] 1 change detected
2026-05-12 16:47:36,252 [INFO] 1 change detected
2026-05-12 16:47:36,662 [INFO] 1 change detected
2026-05-12 16:47:37,066 [INFO] 1 change detected
2026-05-12 16:47:37,419 [INFO] 1 change detected
2026-05-12 16:47:37,830 [INFO] 1 change detected
2026-05-12 16:47:38,187 [INFO] 1 change detected
2026-05-12 16:47:38,596 [INFO] 1 change detected
2026-05-12 16:47:39,037 [INFO] 1 change detected
2026-05-12 16:47:39,502 [INFO] 1 change detected
2026-05-12 16:47:39,866 [INFO] 1 change detected
2026-05-12 16:47:40,277 [INFO] 1 change detected
2026-05-12 16:47:40,631 [INFO] 1 change detected
2026-05-12 16:47:41,042 [INFO] 1 change detected
2026-05-12 16:47:41,452 [INFO] 1 change detected
2026-05-12 16:47:41,809 [INFO] 1 change detected
2026-05-12 16:47:42,217 [INFO] 1 change detected
2026-05-12 16:47:42,623 [INFO] 1 change detected
2026-05-12 16:47:43,027 [INFO] 1 change detected
2026-05-12 16:47:43,433 [INFO] 1 change detected
2026-05-12 16:47:43,790 [INFO] 1 change detected
2026-05-12 16:47:44,199 [INFO] 1 change detected
2026-05-12 16:47:44,605 [INFO] 1 change detected
2026-05-12 16:47:45,012 [INFO] 1 change detected
2026-05-12 16:47:45,372 [INFO] 1 change detected
2026-05-12 16:47:45,780 [INFO] 1 change detected
2026-05-12 16:47:46,184 [INFO] 1 change detected
2026-05-12 16:47:46,588 [INFO] 1 change detected
2026-05-12 16:47:46,949 [INFO] 1 change detected
2026-05-12 16:47:47,361 [INFO] 1 change detected
2026-05-12 16:47:47,771 [INFO] 1 change detected
2026-05-12 16:47:48,129 [INFO] 1 change detected
2026-05-12 16:47:48,542 [INFO] 1 change detected
2026-05-12 16:47:48,951 [INFO] 1 change detected
2026-05-12 16:47:49,306 [INFO] 1 change detected
2026-05-12 16:47:49,716 [INFO] 1 change detected
2026-05-12 16:47:50,118 [INFO] 1 change detected
2026-05-12 16:47:50,474 [INFO] 1 change detected
2026-05-12 16:47:50,884 [INFO] 1 change detected
2026-05-12 16:47:51,289 [INFO] 1 change detected
2026-05-12 16:47:51,695 [INFO] 1 change detected
2026-05-12 16:47:52,050 [INFO] 1 change detected
2026-05-12 16:47:52,460 [INFO] 1 change detected
2026-05-12 16:47:52,865 [INFO] 1 change detected
2026-05-12 16:47:53,268 [INFO] 1 change detected
2026-05-12 16:47:53,627 [INFO] 1 change detected
2026-05-12 16:47:54,035 [INFO] 1 change detected
2026-05-12 16:47:54,440 [INFO] 1 change detected
2026-05-12 16:47:54,846 [INFO] 1 change detected
2026-05-12 16:47:55,199 [INFO] 1 change detected
2026-05-12 16:47:55,608 [INFO] 1 change detected
2026-05-12 16:47:56,016 [INFO] 1 change detected
2026-05-12 16:47:56,374 [INFO] 1 change detected
2026-05-12 16:47:56,786 [INFO] 1 change detected
2026-05-12 16:47:57,197 [INFO] 1 change detected
2026-05-12 16:47:57,557 [INFO] 1 change detected
2026-05-12 16:47:57,968 [INFO] 1 change detected
2026-05-12 16:47:58,380 [INFO] 1 change detected
2026-05-12 16:47:58,734 [INFO] 1 change detected
2026-05-12 16:47:59,141 [INFO] 1 change detected
2026-05-12 16:47:59,545 [INFO] 1 change detected
2026-05-12 16:47:59,951 [INFO] 1 change detected
2026-05-12 16:48:00,356 [INFO] 1 change detected
2026-05-12 16:48:00,711 [INFO] 1 change detected
2026-05-12 16:48:01,120 [INFO] 1 change detected
2026-05-12 16:48:01,527 [INFO] 1 change detected
2026-05-12 16:48:01,882 [INFO] 1 change detected
2026-05-12 16:48:02,293 [INFO] 1 change detected
2026-05-12 16:48:02,699 [INFO] 1 change detected
2026-05-12 16:48:03,057 [INFO] 1 change detected
2026-05-12 16:48:03,466 [INFO] 1 change detected
2026-05-12 16:48:03,875 [INFO] 1 change detected
2026-05-12 16:48:04,233 [INFO] 1 change detected
2026-05-12 16:48:04,645 [INFO] 1 change detected
2026-05-12 16:48:05,051 [INFO] 1 change detected
2026-05-12 16:48:05,411 [INFO] 1 change detected
2026-05-12 16:48:05,824 [INFO] 1 change detected
2026-05-12 16:48:06,234 [INFO] 1 change detected
2026-05-12 16:48:06,592 [INFO] 1 change detected
2026-05-12 16:48:07,000 [INFO] 1 change detected
2026-05-12 16:48:07,407 [INFO] 1 change detected
2026-05-12 16:48:07,815 [INFO] 1 change detected
2026-05-12 16:48:08,175 [INFO] 1 change detected
2026-05-12 16:48:08,586 [INFO] 1 change detected
2026-05-12 16:48:08,943 [INFO] 1 change detected
2026-05-12 16:48:09,356 [INFO] 1 change detected
2026-05-12 16:48:09,765 [INFO] 1 change detected
2026-05-12 16:48:10,127 [INFO] 1 change detected
2026-05-12 16:48:10,541 [INFO] 1 change detected
2026-05-12 16:48:10,950 [INFO] 1 change detected
2026-05-12 16:48:11,310 [INFO] 1 change detected
2026-05-12 16:48:11,720 [INFO] 1 change detected
2026-05-12 16:48:12,130 [INFO] 1 change detected
2026-05-12 16:48:12,489 [INFO] 1 change detected
2026-05-12 16:48:12,902 [INFO] 1 change detected
2026-05-12 16:48:13,313 [INFO] 1 change detected
2026-05-12 16:48:13,668 [INFO] 1 change detected
2026-05-12 16:48:14,081 [INFO] 1 change detected
2026-05-12 16:48:14,488 [INFO] 1 change detected
2026-05-12 16:48:14,845 [INFO] 1 change detected
2026-05-12 16:48:15,253 [INFO] 1 change detected
2026-05-12 16:48:15,658 [INFO] 1 change detected
2026-05-12 16:48:16,067 [INFO] 1 change detected
2026-05-12 16:48:16,425 [INFO] 1 change detected
2026-05-12 16:48:16,832 [INFO] 1 change detected
2026-05-12 16:48:17,236 [INFO] 1 change detected
2026-05-12 16:48:17,638 [INFO] 1 change detected
2026-05-12 16:48:18,045 [INFO] 1 change detected
2026-05-12 16:48:18,400 [INFO] 1 change detected
2026-05-12 16:48:18,812 [INFO] 1 change detected
2026-05-12 16:48:19,219 [INFO] 1 change detected
2026-05-12 16:48:19,572 [INFO] 1 change detected
2026-05-12 16:48:19,985 [INFO] 1 change detected
2026-05-12 16:48:20,392 [INFO] 1 change detected
2026-05-12 16:48:20,748 [INFO] 1 change detected
2026-05-12 16:48:21,158 [INFO] 1 change detected
2026-05-12 16:48:21,568 [INFO] 1 change detected
2026-05-12 16:48:21,924 [INFO] 1 change detected
2026-05-12 16:48:22,339 [INFO] 1 change detected
2026-05-12 16:48:22,747 [INFO] 1 change detected
2026-05-12 16:48:23,104 [INFO] 1 change detected
2026-05-12 16:48:23,518 [INFO] 1 change detected
2026-05-12 16:48:23,928 [INFO] 1 change detected
2026-05-12 16:48:24,285 [INFO] 1 change detected
2026-05-12 16:48:24,700 [INFO] 1 change detected
2026-05-12 16:48:25,112 [INFO] 1 change detected
2026-05-12 16:48:25,471 [INFO] 1 change detected
2026-05-12 16:48:25,885 [INFO] 1 change detected
2026-05-12 16:48:26,292 [INFO] 1 change detected
2026-05-12 16:48:26,651 [INFO] 1 change detected
2026-05-12 16:48:27,064 [INFO] 1 change detected
2026-05-12 16:48:27,474 [INFO] 1 change detected
2026-05-12 16:48:27,835 [INFO] 1 change detected
2026-05-12 16:48:28,246 [INFO] 1 change detected
2026-05-12 16:48:28,654 [INFO] 1 change detected
2026-05-12 16:48:29,012 [INFO] 1 change detected
2026-05-12 16:48:29,420 [INFO] 1 change detected
2026-05-12 16:48:29,826 [INFO] 1 change detected
2026-05-12 16:48:30,183 [INFO] 1 change detected
2026-05-12 16:48:30,594 [INFO] 1 change detected
2026-05-12 16:48:31,002 [INFO] 1 change detected
2026-05-12 16:48:31,358 [INFO] 1 change detected
2026-05-12 16:48:31,765 [INFO] 1 change detected
2026-05-12 16:48:32,173 [INFO] 1 change detected
2026-05-12 16:48:32,582 [INFO] 1 change detected
2026-05-12 16:48:32,941 [INFO] 1 change detected
2026-05-12 16:48:33,352 [INFO] 1 change detected
2026-05-12 16:48:33,762 [INFO] 1 change detected
2026-05-12 16:48:34,120 [INFO] 1 change detected
2026-05-12 16:48:34,525 [INFO] 1 change detected
2026-05-12 16:48:34,932 [INFO] 1 change detected
2026-05-12 16:48:35,338 [INFO] 1 change detected
2026-05-12 16:48:35,743 [INFO] 1 change detected
2026-05-12 16:48:36,098 [INFO] 1 change detected
2026-05-12 16:48:36,506 [INFO] 1 change detected
2026-05-12 16:48:36,915 [INFO] 1 change detected
2026-05-12 16:48:37,274 [INFO] 1 change detected
2026-05-12 16:48:37,687 [INFO] 1 change detected
2026-05-12 16:48:38,097 [INFO] 1 change detected
2026-05-12 16:48:38,458 [INFO] 1 change detected
2026-05-12 16:48:38,869 [INFO] 1 change detected
2026-05-12 16:48:39,277 [INFO] 1 change detected
2026-05-12 16:48:39,635 [INFO] 1 change detected
2026-05-12 16:48:40,048 [INFO] 1 change detected
2026-05-12 16:48:40,457 [INFO] 1 change detected
2026-05-12 16:48:40,816 [INFO] 1 change detected
2026-05-12 16:48:41,226 [INFO] 1 change detected
2026-05-12 16:48:41,639 [INFO] 1 change detected
2026-05-12 16:48:42,050 [INFO] 1 change detected
2026-05-12 16:48:42,406 [INFO] 1 change detected
2026-05-12 16:48:42,819 [INFO] 1 change detected
2026-05-12 16:48:43,179 [INFO] 1 change detected
2026-05-12 16:48:43,592 [INFO] 1 change detected
2026-05-12 16:48:43,999 [INFO] 1 change detected
2026-05-12 16:48:44,355 [INFO] 1 change detected
2026-05-12 16:48:44,771 [INFO] 1 change detected
2026-05-12 16:48:45,183 [INFO] 1 change detected
2026-05-12 16:48:45,544 [INFO] 1 change detected
2026-05-12 16:48:45,955 [INFO] 1 change detected
2026-05-12 16:48:46,363 [INFO] 1 change detected
2026-05-12 16:48:46,724 [INFO] 1 change detected
2026-05-12 16:48:47,140 [INFO] 1 change detected
2026-05-12 16:48:47,546 [INFO] 1 change detected
2026-05-12 16:48:47,902 [INFO] 1 change detected
2026-05-12 16:48:48,315 [INFO] 1 change detected
2026-05-12 16:48:48,724 [INFO] 1 change detected
2026-05-12 16:48:49,083 [INFO] 1 change detected
2026-05-12 16:48:49,498 [INFO] 1 change detected
2026-05-12 16:48:49,906 [INFO] 1 change detected
2026-05-12 16:48:50,263 [INFO] 1 change detected
2026-05-12 16:48:50,676 [INFO] 1 change detected
2026-05-12 16:48:51,085 [INFO] 1 change detected
2026-05-12 16:48:51,447 [INFO] 1 change detected
2026-05-12 16:48:51,858 [INFO] 1 change detected
2026-05-12 16:48:52,267 [INFO] 1 change detected
2026-05-12 16:48:52,627 [INFO] 1 change detected
2026-05-12 16:48:53,043 [INFO] 1 change detected
2026-05-12 16:48:53,450 [INFO] 1 change detected
2026-05-12 16:48:53,856 [INFO] 1 change detected
2026-05-12 16:48:54,213 [INFO] 1 change detected
2026-05-12 16:48:54,625 [INFO] 1 change detected
2026-05-12 16:48:55,031 [INFO] 1 change detected
2026-05-12 16:48:55,386 [INFO] 1 change detected
2026-05-12 16:48:55,796 [INFO] 1 change detected
2026-05-12 16:48:56,202 [INFO] 1 change detected
2026-05-12 16:48:56,558 [INFO] 1 change detected
2026-05-12 16:48:56,968 [INFO] 1 change detected
2026-05-12 16:48:57,378 [INFO] 1 change detected
2026-05-12 16:48:57,735 [INFO] 1 change detected
2026-05-12 16:48:58,144 [INFO] 1 change detected
2026-05-12 16:48:58,553 [INFO] 1 change detected
2026-05-12 16:48:58,915 [INFO] 1 change detected
2026-05-12 16:48:59,327 [INFO] 1 change detected
2026-05-12 16:48:59,733 [INFO] 1 change detected
2026-05-12 16:49:00,091 [INFO] 1 change detected
2026-05-12 16:49:00,505 [INFO] 1 change detected
2026-05-12 16:49:00,917 [INFO] 1 change detected
2026-05-12 16:49:01,274 [INFO] 1 change detected
2026-05-12 16:49:01,683 [INFO] 1 change detected
2026-05-12 16:49:02,095 [INFO] 1 change detected
2026-05-12 16:49:02,452 [INFO] 1 change detected
2026-05-12 16:49:02,865 [INFO] 1 change detected
2026-05-12 16:49:03,267 [INFO] 1 change detected
2026-05-12 16:49:03,675 [INFO] 1 change detected
2026-05-12 16:49:04,034 [INFO] 1 change detected
2026-05-12 16:49:04,447 [INFO] 1 change detected
2026-05-12 16:49:04,856 [INFO] 1 change detected
2026-05-12 16:49:05,218 [INFO] 1 change detected
2026-05-12 16:49:05,631 [INFO] 1 change detected
2026-05-12 16:49:06,038 [INFO] 1 change detected
2026-05-12 16:49:06,393 [INFO] 1 change detected
2026-05-12 16:49:06,803 [INFO] 1 change detected
2026-05-12 16:49:07,210 [INFO] 1 change detected
2026-05-12 16:49:07,570 [INFO] 1 change detected
2026-05-12 16:49:07,986 [INFO] 1 change detected
2026-05-12 16:49:08,395 [INFO] 1 change detected
2026-05-12 16:49:08,752 [INFO] 1 change detected
2026-05-12 16:49:09,163 [INFO] 1 change detected
2026-05-12 16:49:09,570 [INFO] 1 change detected
2026-05-12 16:49:09,929 [INFO] 1 change detected
2026-05-12 16:49:10,341 [INFO] 1 change detected
2026-05-12 16:49:10,747 [INFO] 1 change detected
2026-05-12 16:49:11,105 [INFO] 1 change detected
2026-05-12 16:49:11,517 [INFO] 1 change detected
2026-05-12 16:49:11,927 [INFO] 1 change detected
2026-05-12 16:49:12,285 [INFO] 1 change detected
2026-05-12 16:49:12,700 [INFO] 1 change detected
2026-05-12 16:49:13,058 [INFO] 1 change detected
2026-05-12 16:49:13,468 [INFO] 1 change detected
2026-05-12 16:49:13,879 [INFO] 1 change detected
2026-05-12 16:49:14,237 [INFO] 1 change detected
2026-05-12 16:49:14,650 [INFO] 1 change detected
2026-05-12 16:49:15,060 [INFO] 1 change detected
2026-05-12 16:49:15,416 [INFO] 1 change detected
2026-05-12 16:49:15,828 [INFO] 1 change detected
2026-05-12 16:49:16,235 [INFO] 1 change detected
2026-05-12 16:49:16,594 [INFO] 1 change detected
2026-05-12 16:49:17,008 [INFO] 1 change detected
2026-05-12 16:49:17,420 [INFO] 1 change detected
2026-05-12 16:49:17,779 [INFO] 1 change detected
2026-05-12 16:49:18,191 [INFO] 1 change detected
2026-05-12 16:49:18,598 [INFO] 1 change detected
2026-05-12 16:49:18,957 [INFO] 1 change detected
2026-05-12 16:49:19,369 [INFO] 1 change detected
2026-05-12 16:49:19,777 [INFO] 1 change detected
2026-05-12 16:49:20,135 [INFO] 1 change detected
2026-05-12 16:49:20,548 [INFO] 1 change detected
2026-05-12 16:49:20,956 [INFO] 1 change detected
2026-05-12 16:49:21,315 [INFO] 1 change detected
2026-05-12 16:49:21,726 [INFO] 1 change detected
2026-05-12 16:49:22,136 [INFO] 1 change detected
2026-05-12 16:49:22,497 [INFO] 1 change detected
2026-05-12 16:49:22,908 [INFO] 1 change detected
2026-05-12 16:49:23,316 [INFO] 1 change detected
2026-05-12 16:49:23,672 [INFO] 1 change detected
2026-05-12 16:49:24,083 [INFO] 1 change detected
2026-05-12 16:49:24,491 [INFO] 1 change detected
2026-05-12 16:49:24,851 [INFO] 1 change detected
2026-05-12 16:49:25,264 [INFO] 1 change detected
2026-05-12 16:49:25,676 [INFO] 1 change detected
2026-05-12 16:49:26,034 [INFO] 1 change detected
2026-05-12 16:49:26,445 [INFO] 1 change detected
2026-05-12 16:49:26,852 [INFO] 1 change detected
2026-05-12 16:49:27,212 [INFO] 1 change detected
2026-05-12 16:49:27,623 [INFO] 1 change detected
2026-05-12 16:49:28,031 [INFO] 1 change detected
2026-05-12 16:49:28,392 [INFO] 1 change detected
2026-05-12 16:49:28,801 [INFO] 1 change detected
2026-05-12 16:49:29,211 [INFO] 1 change detected
2026-05-12 16:49:29,568 [INFO] 1 change detected
2026-05-12 16:49:29,979 [INFO] 1 change detected
2026-05-12 16:49:30,387 [INFO] 1 change detected
2026-05-12 16:49:30,748 [INFO] 1 change detected
2026-05-12 16:49:31,159 [INFO] 1 change detected
2026-05-12 16:49:31,567 [INFO] 1 change detected
2026-05-12 16:49:31,928 [INFO] 1 change detected
2026-05-12 16:49:32,341 [INFO] 1 change detected
2026-05-12 16:49:32,752 [INFO] 1 change detected
2026-05-12 16:49:33,113 [INFO] 1 change detected
2026-05-12 16:49:33,522 [INFO] 1 change detected
2026-05-12 16:49:33,932 [INFO] 1 change detected
2026-05-12 16:49:34,291 [INFO] 1 change detected
2026-05-12 16:49:34,701 [INFO] 1 change detected
2026-05-12 16:49:35,106 [INFO] 1 change detected
2026-05-12 16:49:35,462 [INFO] 1 change detected
2026-05-12 16:49:35,872 [INFO] 1 change detected
2026-05-12 16:49:36,281 [INFO] 1 change detected
2026-05-12 16:49:36,638 [INFO] 1 change detected
2026-05-12 16:49:37,050 [INFO] 1 change detected
2026-05-12 16:49:37,455 [INFO] 1 change detected
2026-05-12 16:49:37,862 [INFO] 1 change detected
2026-05-12 16:49:38,217 [INFO] 1 change detected
2026-05-12 16:49:38,630 [INFO] 1 change detected
2026-05-12 16:49:39,040 [INFO] 1 change detected
2026-05-12 16:49:39,401 [INFO] 1 change detected
2026-05-12 16:49:39,812 [INFO] 1 change detected
2026-05-12 16:49:40,222 [INFO] 1 change detected
2026-05-12 16:49:40,578 [INFO] 1 change detected
2026-05-12 16:49:40,985 [INFO] 1 change detected
2026-05-12 16:49:41,390 [INFO] 1 change detected
2026-05-12 16:49:41,797 [INFO] 1 change detected
2026-05-12 16:49:42,157 [INFO] 1 change detected
2026-05-12 16:49:42,568 [INFO] 1 change detected
2026-05-12 16:49:42,975 [INFO] 1 change detected
2026-05-12 16:49:43,336 [INFO] 1 change detected
2026-05-12 16:49:43,745 [INFO] 1 change detected
2026-05-12 16:49:44,154 [INFO] 1 change detected
2026-05-12 16:49:44,509 [INFO] 1 change detected
2026-05-12 16:49:44,920 [INFO] 1 change detected
2026-05-12 16:49:45,326 [INFO] 1 change detected
2026-05-12 16:49:45,685 [INFO] 1 change detected
2026-05-12 16:49:46,098 [INFO] 1 change detected
2026-05-12 16:49:46,506 [INFO] 1 change detected
2026-05-12 16:49:46,862 [INFO] 1 change detected
2026-05-12 16:49:47,274 [INFO] 1 change detected
2026-05-12 16:49:47,686 [INFO] 1 change detected
2026-05-30 00:56:37,741 [INFO] Starting Air Quality AI server...
2026-05-30 00:56:37,742 [INFO] Database initialized.
2026-05-30 00:56:37,744 [INFO] Server ready at http://0.0.0.0:8000
2026-05-30 00:56:37,744 [INFO] Docs at http://localhost:8000/docs
2026-05-30 00:56:37,814 [INFO] 5 changes detected
2026-05-30 00:58:20,249 [INFO] 1 change detected
2026-05-30 00:58:52,236 [INFO] 1 change detected
2026-05-30 00:58:54,135 [INFO] Starting Air Quality AI server...
2026-05-30 00:58:54,137 [INFO] Database initialized.
2026-05-30 00:58:54,137 [INFO] Server ready at http://0.0.0.0:8000
2026-05-30 00:58:54,137 [INFO] Docs at http://localhost:8000/docs
2026-05-30 00:58:54,205 [INFO] 6 changes detected
2026-05-30 00:58:54,608 [INFO] 1 change detected
2026-05-30 00:58:54,963 [INFO] 1 change detected
2026-05-30 00:58:55,374 [INFO] 1 change detected
2026-05-30 00:58:55,776 [INFO] 1 change detected
2026-05-30 00:58:56,182 [INFO] 1 change detected
2026-05-30 00:58:56,590 [INFO] 1 change detected
2026-05-30 00:58:56,994 [INFO] 1 change detected
2026-05-30 00:58:57,403 [INFO] 1 change detected
2026-05-30 00:58:57,811 [INFO] 1 change detected
2026-05-30 00:58:58,219 [INFO] 1 change detected
2026-05-30 00:58:58,626 [INFO] 1 change detected
2026-05-30 00:58:59,033 [INFO] 1 change detected
2026-05-30 00:58:59,438 [INFO] 1 change detected
2026-05-30 00:58:59,846 [INFO] 1 change detected
2026-05-30 00:59:00,207 [INFO] 1 change detected
2026-05-30 00:59:00,617 [INFO] 1 change detected
2026-05-30 00:59:01,023 [INFO] 1 change detected
2026-05-30 00:59:01,428 [INFO] 1 change detected
2026-05-30 00:59:01,835 [INFO] 1 change detected
2026-05-30 00:59:02,193 [INFO] 1 change detected
2026-05-30 00:59:02,605 [INFO] 1 change detected
2026-05-30 00:59:03,013 [INFO] 1 change detected
2026-05-30 00:59:03,422 [INFO] 1 change detected
2026-05-30 00:59:03,829 [INFO] 1 change detected
2026-05-30 00:59:04,231 [INFO] 1 change detected
2026-05-30 00:59:04,638 [INFO] 1 change detected
2026-05-30 01:00:54,207 [INFO] Starting Air Quality AI server...
2026-05-30 01:00:54,209 [INFO] Database initialized.
2026-05-30 01:00:54,209 [INFO] Server ready at http://0.0.0.0:8000
2026-05-30 01:00:54,209 [INFO] Docs at http://localhost:8000/docs
2026-05-30 01:01:49,580 [INFO] Starting Air Quality AI server...
2026-05-30 01:01:49,581 [INFO] Database initialized.
2026-05-30 01:01:49,581 [INFO] Server ready at http://0.0.0.0:8000
2026-05-30 01:01:49,581 [INFO] Docs at http://localhost:8000/docs
2026-05-30 01:02:49,514 [INFO] 1 change detected
2026-05-30 01:02:49,869 [INFO] 1 change detected
2026-05-30 01:02:50,229 [INFO] 1 change detected
2026-05-30 01:02:50,637 [INFO] 1 change detected
2026-05-30 01:02:51,041 [INFO] 1 change detected
2026-05-30 01:02:51,449 [INFO] 1 change detected
2026-05-30 01:02:51,856 [INFO] 1 change detected
2026-05-30 01:02:52,262 [INFO] 1 change detected
2026-05-30 01:02:52,668 [INFO] 1 change detected
2026-05-30 01:02:53,074 [INFO] 1 change detected
2026-05-30 01:02:53,477 [INFO] 1 change detected
2026-05-30 01:02:53,887 [INFO] 1 change detected
2026-05-30 01:02:54,293 [INFO] 1 change detected
2026-05-30 01:02:54,701 [INFO] 1 change detected
2026-05-30 01:02:55,109 [INFO] 1 change detected
2026-05-30 01:02:55,511 [INFO] 1 change detected
2026-05-30 01:02:55,914 [INFO] 1 change detected
2026-05-30 01:02:56,320 [INFO] 1 change detected
2026-05-30 01:02:56,677 [INFO] 1 change detected
2026-05-30 01:02:57,086 [INFO] 1 change detected
2026-05-30 01:02:57,491 [INFO] 1 change detected
2026-05-30 01:02:57,895 [INFO] 1 change detected
2026-05-30 01:02:58,301 [INFO] 1 change detected
2026-05-30 01:02:58,704 [INFO] 1 change detected
2026-05-30 01:02:59,111 [INFO] 1 change detected
2026-05-30 01:02:59,512 [INFO] 1 change detected
2026-05-30 01:02:59,916 [INFO] 1 change detected
2026-05-30 01:03:00,320 [INFO] 1 change detected
2026-05-30 01:03:00,729 [INFO] 1 change detected
2026-05-30 01:03:01,136 [INFO] 1 change detected
2026-05-30 01:03:01,540 [INFO] 1 change detected
2026-05-30 01:03:01,945 [INFO] 1 change detected
2026-05-30 01:03:02,350 [INFO] 1 change detected
2026-05-30 01:03:02,758 [INFO] 1 change detected
2026-05-30 01:03:03,116 [INFO] 1 change detected
2026-05-30 01:03:03,529 [INFO] 1 change detected
2026-05-30 01:03:03,937 [INFO] 1 change detected
2026-05-30 01:03:04,345 [INFO] 1 change detected
2026-05-30 01:03:04,702 [INFO] 1 change detected
2026-05-30 01:03:05,111 [INFO] 1 change detected
2026-05-30 01:03:05,514 [INFO] 1 change detected
2026-05-30 01:03:05,926 [INFO] 1 change detected
2026-05-30 01:03:06,339 [INFO] 1 change detected
2026-05-30 01:03:06,743 [INFO] 1 change detected
2026-05-30 01:03:07,150 [INFO] 1 change detected
2026-05-30 01:03:07,506 [INFO] 1 change detected
2026-05-30 01:03:07,915 [INFO] 1 change detected
2026-05-30 01:03:08,319 [INFO] 1 change detected
2026-05-30 01:03:08,726 [INFO] 1 change detected
2026-05-30 01:03:09,128 [INFO] 1 change detected
2026-05-30 01:03:09,582 [INFO] 1 change detected
2026-05-30 01:03:09,985 [INFO] 1 change detected
2026-05-30 01:03:10,393 [INFO] 1 change detected
2026-05-30 01:03:10,752 [INFO] 1 change detected
2026-05-30 01:03:11,163 [INFO] 1 change detected
2026-05-30 01:03:11,568 [INFO] 1 change detected
2026-05-30 01:03:11,972 [INFO] 1 change detected
2026-05-30 01:03:12,377 [INFO] 1 change detected
2026-05-30 01:03:12,782 [INFO] 1 change detected
2026-05-30 01:03:13,188 [INFO] 1 change detected
2026-05-30 01:03:13,596 [INFO] 1 change detected
2026-05-30 01:03:14,004 [INFO] 1 change detected
2026-05-30 01:03:14,408 [INFO] 1 change detected
2026-05-30 01:03:14,818 [INFO] 1 change detected
2026-05-30 01:03:15,225 [INFO] 1 change detected
2026-05-30 01:03:15,630 [INFO] 1 change detected
2026-05-30 01:03:16,035 [INFO] 1 change detected
2026-05-30 01:03:16,437 [INFO] 1 change detected
2026-05-30 01:03:16,842 [INFO] 1 change detected
2026-05-30 01:03:17,199 [INFO] 1 change detected
2026-05-30 01:03:17,608 [INFO] 1 change detected
2026-05-30 01:03:18,014 [INFO] 1 change detected
2026-05-30 01:03:18,423 [INFO] 1 change detected
2026-05-30 01:03:18,825 [INFO] 1 change detected
2026-05-30 01:03:19,279 [INFO] 1 change detected
2026-05-30 01:03:19,684 [INFO] 1 change detected
2026-05-30 01:03:20,089 [INFO] 1 change detected
2026-05-30 01:03:20,495 [INFO] 1 change detected
2026-05-30 01:03:20,902 [INFO] 1 change detected
2026-05-30 01:03:21,307 [INFO] 1 change detected
2026-05-30 01:03:21,717 [INFO] 1 change detected
2026-05-30 01:03:22,123 [INFO] 1 change detected
2026-05-30 01:03:22,527 [INFO] 1 change detected
2026-05-30 01:03:22,931 [INFO] 1 change detected
2026-05-30 01:03:23,334 [INFO] 1 change detected
2026-05-30 01:03:23,736 [INFO] 1 change detected
2026-05-30 01:03:24,189 [INFO] 1 change detected
2026-05-30 01:03:24,552 [INFO] 1 change detected
2026-05-30 01:03:24,958 [INFO] 1 change detected
2026-05-30 01:03:25,362 [INFO] 1 change detected
2026-05-30 01:03:25,768 [INFO] 1 change detected
2026-05-30 01:03:26,176 [INFO] 1 change detected
2026-05-30 01:03:26,583 [INFO] 1 change detected
2026-05-30 01:03:26,990 [INFO] 1 change detected
2026-05-30 01:03:27,356 [INFO] 1 change detected
2026-05-30 01:03:27,766 [INFO] 1 change detected
2026-05-30 01:03:28,173 [INFO] 1 change detected
2026-05-30 01:03:28,579 [INFO] 1 change detected
2026-05-30 01:03:28,986 [INFO] 1 change detected
2026-05-30 01:03:29,390 [INFO] 1 change detected
2026-05-30 01:03:29,793 [INFO] 1 change detected
2026-05-30 01:03:30,203 [INFO] 1 change detected
2026-05-30 01:03:30,607 [INFO] 1 change detected
2026-05-30 01:03:31,015 [INFO] 1 change detected
2026-05-30 01:03:31,422 [INFO] 1 change detected
2026-05-30 01:03:31,826 [INFO] 1 change detected
2026-05-30 01:03:32,231 [INFO] 1 change detected
2026-05-30 01:03:32,640 [INFO] 1 change detected
2026-05-30 01:03:33,045 [INFO] 1 change detected
2026-05-30 01:03:33,452 [INFO] 1 change detected
2026-05-30 01:03:33,858 [INFO] 1 change detected
2026-05-30 01:03:34,264 [INFO] 1 change detected
2026-05-30 01:03:34,671 [INFO] 1 change detected
2026-05-30 01:03:35,077 [INFO] 1 change detected
2026-05-30 01:03:35,486 [INFO] 1 change detected
2026-05-30 01:03:35,888 [INFO] 1 change detected
2026-05-30 01:03:36,248 [INFO] 1 change detected
2026-05-30 01:03:36,658 [INFO] 1 change detected
2026-05-30 01:03:37,064 [INFO] 1 change detected
2026-05-30 01:03:37,471 [INFO] 1 change detected
2026-05-30 01:03:37,882 [INFO] 1 change detected
2026-05-30 01:03:38,288 [INFO] 1 change detected
2026-05-30 01:03:38,696 [INFO] 1 change detected
2026-05-30 01:03:39,103 [INFO] 1 change detected
2026-05-30 01:03:39,462 [INFO] 1 change detected
2026-05-30 01:03:39,871 [INFO] 1 change detected
2026-05-30 01:03:40,280 [INFO] 1 change detected
2026-05-30 01:03:40,684 [INFO] 1 change detected
2026-05-30 01:03:41,094 [INFO] 1 change detected
2026-05-30 01:03:41,502 [INFO] 1 change detected
2026-05-30 01:03:41,861 [INFO] 1 change detected
2026-05-30 01:03:42,270 [INFO] 1 change detected
2026-05-30 01:03:42,676 [INFO] 1 change detected
2026-05-30 01:03:43,083 [INFO] 1 change detected
2026-05-30 01:03:43,491 [INFO] 1 change detected
2026-05-30 01:03:43,897 [INFO] 1 change detected
2026-05-30 01:03:44,307 [INFO] 1 change detected
2026-05-30 01:03:44,713 [INFO] 1 change detected
2026-05-30 01:03:45,121 [INFO] 1 change detected
2026-05-30 01:03:45,526 [INFO] 1 change detected
2026-05-30 01:03:45,933 [INFO] 1 change detected
2026-05-30 01:03:46,340 [INFO] 1 change detected
2026-05-30 01:03:46,746 [INFO] 1 change detected
2026-05-30 01:03:47,151 [INFO] 1 change detected
2026-05-30 01:03:47,556 [INFO] 1 change detected
2026-05-30 01:03:47,962 [INFO] 1 change detected
2026-05-30 01:03:48,371 [INFO] 1 change detected
2026-05-30 01:03:48,777 [INFO] 1 change detected
2026-05-30 01:03:49,183 [INFO] 1 change detected
2026-05-30 01:03:49,590 [INFO] 1 change detected
2026-05-30 01:03:49,946 [INFO] 1 change detected
2026-05-30 01:03:50,357 [INFO] 1 change detected
2026-05-30 01:03:50,762 [INFO] 1 change detected
2026-05-30 01:03:51,172 [INFO] 1 change detected
2026-05-30 01:03:51,579 [INFO] 1 change detected
2026-05-30 01:03:51,983 [INFO] 1 change detected
2026-05-30 01:03:52,389 [INFO] 1 change detected
2026-05-30 01:03:52,795 [INFO] 1 change detected
2026-05-30 01:03:53,202 [INFO] 1 change detected
2026-05-30 01:03:53,609 [INFO] 1 change detected
2026-05-30 01:03:54,018 [INFO] 1 change detected
2026-05-30 01:03:54,426 [INFO] 1 change detected
2026-05-30 01:03:54,833 [INFO] 1 change detected
2026-05-30 01:03:55,238 [INFO] 1 change detected
2026-05-30 01:03:55,645 [INFO] 1 change detected
2026-05-30 01:03:56,050 [INFO] 1 change detected
2026-05-30 01:03:56,457 [INFO] 1 change detected
2026-05-30 01:03:56,865 [INFO] 1 change detected
2026-05-30 01:03:57,274 [INFO] 1 change detected
2026-05-30 01:03:57,679 [INFO] 1 change detected
2026-05-30 01:03:58,086 [INFO] 1 change detected
2026-05-30 01:03:58,490 [INFO] 1 change detected
2026-05-30 01:03:58,898 [INFO] 1 change detected
2026-05-30 01:03:59,255 [INFO] 1 change detected
2026-05-30 01:03:59,666 [INFO] 1 change detected
2026-05-30 01:04:00,072 [INFO] 1 change detected
2026-05-30 01:04:00,478 [INFO] 1 change detected
2026-05-30 01:04:00,883 [INFO] 1 change detected
2026-05-30 01:04:01,292 [INFO] 1 change detected
2026-05-30 01:04:01,698 [INFO] 1 change detected
2026-05-30 01:04:02,105 [INFO] 1 change detected
2026-05-30 01:04:02,511 [INFO] 1 change detected
2026-05-30 01:04:02,869 [INFO] 1 change detected
2026-05-30 01:04:03,280 [INFO] 1 change detected
2026-05-30 01:04:03,687 [INFO] 1 change detected
2026-05-30 01:04:04,094 [INFO] 1 change detected
2026-05-30 01:04:04,501 [INFO] 1 change detected
2026-05-30 01:04:04,908 [INFO] 1 change detected
2026-05-30 01:04:05,316 [INFO] 1 change detected
2026-05-30 01:04:05,723 [INFO] 1 change detected
2026-05-30 01:04:06,131 [INFO] 1 change detected
2026-05-30 01:04:06,539 [INFO] 1 change detected
2026-05-30 01:04:06,893 [INFO] 1 change detected
2026-05-30 01:04:07,307 [INFO] 1 change detected
2026-05-30 01:04:07,712 [INFO] 1 change detected
2026-05-30 01:04:08,119 [INFO] 1 change detected
2026-05-30 01:04:08,527 [INFO] 1 change detected
2026-05-30 01:04:08,934 [INFO] 1 change detected
2026-05-30 01:04:09,338 [INFO] 1 change detected
2026-05-30 01:04:09,745 [INFO] 1 change detected
2026-05-30 01:04:10,151 [INFO] 1 change detected
2026-05-30 01:04:10,554 [INFO] 1 change detected
2026-05-30 01:04:10,909 [INFO] 1 change detected
2026-05-30 01:04:11,314 [INFO] 1 change detected
2026-05-30 01:04:11,720 [INFO] 1 change detected
2026-05-30 01:04:12,131 [INFO] 1 change detected
2026-05-30 01:04:12,536 [INFO] 1 change detected
2026-05-30 01:04:12,942 [INFO] 1 change detected
2026-05-30 01:04:13,348 [INFO] 1 change detected
2026-05-30 01:04:13,753 [INFO] 1 change detected
2026-05-30 01:04:14,161 [INFO] 1 change detected
2026-05-30 01:04:14,565 [INFO] 1 change detected
2026-05-30 01:04:14,969 [INFO] 1 change detected
2026-05-30 01:04:15,374 [INFO] 1 change detected
2026-05-30 01:04:15,779 [INFO] 1 change detected
2026-05-30 01:04:16,185 [INFO] 1 change detected
2026-05-30 01:04:16,542 [INFO] 1 change detected
2026-05-30 01:04:16,950 [INFO] 1 change detected
2026-05-30 01:04:17,356 [INFO] 1 change detected
2026-05-30 01:04:17,760 [INFO] 1 change detected
2026-05-30 01:04:18,166 [INFO] 1 change detected
2026-05-30 01:04:18,572 [INFO] 1 change detected
2026-05-30 01:04:18,981 [INFO] 1 change detected
2026-05-30 01:04:19,389 [INFO] 1 change detected
2026-05-30 01:04:19,797 [INFO] 1 change detected
2026-05-30 01:04:20,201 [INFO] 1 change detected
2026-05-30 01:04:20,607 [INFO] 1 change detected
2026-05-30 01:04:21,013 [INFO] 1 change detected
2026-05-30 01:04:21,370 [INFO] 1 change detected
2026-05-30 01:04:21,780 [INFO] 1 change detected
2026-05-30 01:04:22,189 [INFO] 1 change detected
2026-05-30 01:04:22,596 [INFO] 1 change detected
2026-05-30 01:04:23,003 [INFO] 1 change detected
2026-05-30 01:04:23,411 [INFO] 1 change detected
2026-05-30 01:04:23,816 [INFO] 1 change detected
2026-05-30 01:04:24,223 [INFO] 1 change detected
2026-05-30 01:04:24,628 [INFO] 1 change detected
2026-05-30 01:04:25,034 [INFO] 1 change detected
2026-05-30 01:04:25,440 [INFO] 1 change detected
2026-05-30 01:04:25,845 [INFO] 1 change detected
2026-05-30 01:04:26,202 [INFO] 1 change detected
2026-05-30 01:04:26,610 [INFO] 1 change detected
2026-05-30 01:04:27,015 [INFO] 1 change detected
2026-05-30 01:04:27,422 [INFO] 1 change detected
2026-05-30 01:04:27,826 [INFO] 1 change detected
2026-05-30 01:04:28,232 [INFO] 1 change detected
2026-05-30 01:04:28,636 [INFO] 1 change detected
2026-05-30 01:04:28,992 [INFO] 1 change detected
2026-05-30 01:04:29,401 [INFO] 1 change detected
2026-05-30 01:04:29,805 [INFO] 1 change detected
2026-05-30 01:04:30,212 [INFO] 1 change detected
2026-05-30 01:04:30,618 [INFO] 1 change detected
2026-05-30 01:04:31,023 [INFO] 1 change detected
2026-05-30 01:04:31,430 [INFO] 1 change detected
2026-05-30 01:04:31,837 [INFO] 1 change detected
2026-05-30 01:04:32,241 [INFO] 1 change detected
2026-05-30 01:04:32,645 [INFO] 1 change detected
2026-05-30 01:04:33,051 [INFO] 1 change detected
2026-05-30 01:04:33,457 [INFO] 1 change detected
2026-05-30 01:04:33,864 [INFO] 1 change detected
2026-05-30 01:04:34,269 [INFO] 1 change detected
2026-05-30 01:04:34,672 [INFO] 1 change detected
2026-05-30 01:04:35,080 [INFO] 1 change detected
2026-05-30 01:04:35,485 [INFO] 1 change detected
2026-05-30 01:04:35,893 [INFO] 1 change detected
2026-05-30 01:04:36,301 [INFO] 1 change detected
2026-05-30 01:04:36,705 [INFO] 1 change detected
2026-05-30 01:04:37,110 [INFO] 1 change detected
2026-05-30 01:04:37,517 [INFO] 1 change detected
2026-05-30 01:04:37,923 [INFO] 1 change detected
2026-05-30 01:04:38,326 [INFO] 1 change detected
2026-05-30 01:04:38,729 [INFO] 1 change detected
2026-05-30 01:04:39,135 [INFO] 1 change detected
2026-05-30 01:04:39,542 [INFO] 1 change detected
2026-05-30 01:04:39,899 [INFO] 1 change detected
2026-05-30 01:04:40,308 [INFO] 1 change detected
2026-05-30 01:04:40,715 [INFO] 1 change detected
2026-05-30 01:04:41,124 [INFO] 1 change detected
2026-05-30 01:04:41,533 [INFO] 1 change detected
2026-05-30 01:04:41,940 [INFO] 1 change detected
2026-05-30 01:04:42,349 [INFO] 1 change detected
2026-05-30 01:04:42,756 [INFO] 1 change detected
2026-05-30 01:04:43,165 [INFO] 1 change detected
2026-05-30 01:04:43,569 [INFO] 1 change detected
2026-05-30 01:04:43,976 [INFO] 1 change detected
2026-05-30 01:04:44,381 [INFO] 1 change detected
2026-05-30 01:04:44,787 [INFO] 1 change detected
2026-05-30 01:04:45,192 [INFO] 1 change detected
2026-05-30 01:04:45,598 [INFO] 1 change detected
2026-05-30 01:04:46,005 [INFO] 1 change detected
2026-05-30 01:04:46,407 [INFO] 1 change detected
2026-05-30 01:04:46,814 [INFO] 1 change detected
2026-05-30 01:04:47,170 [INFO] 1 change detected
2026-05-30 01:04:47,631 [INFO] 1 change detected
2026-05-30 01:04:47,982 [INFO] 1 change detected
2026-05-30 01:04:48,390 [INFO] 1 change detected
2026-05-30 01:04:48,793 [INFO] 1 change detected
2026-05-30 01:04:49,199 [INFO] 1 change detected
2026-05-30 01:04:49,604 [INFO] 1 change detected
2026-05-30 01:04:50,010 [INFO] 1 change detected
2026-05-30 01:04:50,418 [INFO] 1 change detected
2026-05-30 01:04:50,826 [INFO] 1 change detected
2026-05-30 01:04:51,228 [INFO] 1 change detected
2026-05-30 01:04:51,637 [INFO] 1 change detected
2026-05-30 01:04:52,046 [INFO] 1 change detected
2026-05-30 01:04:52,450 [INFO] 1 change detected
2026-05-30 01:04:52,855 [INFO] 1 change detected
2026-05-30 01:04:53,260 [INFO] 1 change detected
2026-05-30 01:04:53,671 [INFO] 1 change detected
2026-05-30 01:04:54,036 [INFO] 1 change detected
2026-05-30 01:04:54,441 [INFO] 1 change detected
2026-05-30 01:04:54,845 [INFO] 1 change detected
2026-05-30 01:04:55,247 [INFO] 1 change detected
2026-05-30 01:04:55,663 [INFO] 1 change detected
2026-05-30 01:04:56,079 [INFO] 1 change detected
2026-05-30 01:04:56,442 [INFO] 1 change detected
2026-05-30 01:04:56,845 [INFO] 1 change detected
2026-05-30 01:04:57,259 [INFO] 1 change detected
2026-05-30 01:04:57,670 [INFO] 1 change detected
2026-05-30 01:04:58,028 [INFO] 1 change detected
2026-05-30 01:04:58,438 [INFO] 1 change detected
2026-05-30 01:04:58,841 [INFO] 1 change detected
2026-05-30 01:04:59,243 [INFO] 1 change detected
2026-05-30 01:04:59,649 [INFO] 1 change detected
2026-05-30 01:05:00,056 [INFO] 1 change detected
2026-05-30 01:05:00,460 [INFO] 1 change detected
2026-05-30 01:05:00,866 [INFO] 1 change detected
2026-05-30 01:05:01,282 [INFO] 1 change detected
2026-05-30 01:05:01,685 [INFO] 1 change detected
2026-05-30 01:05:02,088 [INFO] 1 change detected
2026-05-30 01:05:02,490 [INFO] 1 change detected
2026-05-30 01:05:02,905 [INFO] 1 change detected
2026-05-30 01:05:03,308 [INFO] 1 change detected
2026-05-30 01:05:03,711 [INFO] 1 change detected
2026-05-30 01:05:04,075 [INFO] 1 change detected
2026-05-30 01:05:04,492 [INFO] 1 change detected
2026-05-30 01:05:04,907 [INFO] 1 change detected
2026-05-30 01:05:05,313 [INFO] 1 change detected
2026-05-30 01:05:05,670 [INFO] 1 change detected
2026-05-30 01:05:06,080 [INFO] 1 change detected
2026-05-30 01:05:06,487 [INFO] 1 change detected
2026-05-30 01:05:06,890 [INFO] 1 change detected
2026-05-30 01:05:07,296 [INFO] 1 change detected
2026-05-30 01:05:07,700 [INFO] 1 change detected
2026-05-30 01:05:08,108 [INFO] 1 change detected
2026-05-30 01:05:08,511 [INFO] 1 change detected
2026-05-30 01:05:08,917 [INFO] 1 change detected
2026-05-30 01:05:09,319 [INFO] 1 change detected
2026-05-30 01:05:09,724 [INFO] 1 change detected
2026-05-30 01:05:10,131 [INFO] 1 change detected
2026-05-30 01:05:10,488 [INFO] 1 change detected
2026-05-30 01:05:10,897 [INFO] 1 change detected
2026-05-30 01:05:11,307 [INFO] 1 change detected
2026-05-30 01:05:11,713 [INFO] 1 change detected
2026-05-30 01:05:12,069 [INFO] 1 change detected
2026-05-30 01:05:12,483 [INFO] 1 change detected
2026-05-30 01:05:12,889 [INFO] 1 change detected
2026-05-30 01:05:13,295 [INFO] 1 change detected
2026-05-30 01:05:13,700 [INFO] 1 change detected
2026-05-30 01:05:14,107 [INFO] 1 change detected
2026-05-30 01:05:14,512 [INFO] 1 change detected
2026-05-30 01:05:14,915 [INFO] 1 change detected
2026-05-30 01:05:15,319 [INFO] 1 change detected
2026-05-30 01:05:15,724 [INFO] 1 change detected
2026-05-30 01:05:16,130 [INFO] 1 change detected
2026-05-30 01:05:16,534 [INFO] 1 change detected
2026-05-30 01:05:16,888 [INFO] 1 change detected
2026-05-30 01:05:17,299 [INFO] 1 change detected
2026-05-30 01:05:17,703 [INFO] 1 change detected
2026-05-30 01:05:18,112 [INFO] 1 change detected
2026-05-30 01:05:18,520 [INFO] 1 change detected
2026-05-30 01:05:18,927 [INFO] 1 change detected
2026-05-30 01:05:19,333 [INFO] 1 change detected
2026-05-30 01:05:19,739 [INFO] 1 change detected
2026-05-30 01:05:20,145 [INFO] 1 change detected
2026-05-30 01:05:20,554 [INFO] 1 change detected
2026-05-30 01:05:20,961 [INFO] 1 change detected
2026-05-30 01:05:21,367 [INFO] 1 change detected
2026-05-30 01:05:21,772 [INFO] 1 change detected
2026-05-30 01:05:22,178 [INFO] 1 change detected
2026-05-30 01:05:22,534 [INFO] 1 change detected
2026-05-30 01:05:22,946 [INFO] 1 change detected
2026-05-30 01:05:23,356 [INFO] 1 change detected
2026-05-30 01:05:23,762 [INFO] 1 change detected
2026-05-30 01:05:24,168 [INFO] 1 change detected
2026-05-30 01:05:24,574 [INFO] 1 change detected
2026-05-30 01:05:24,978 [INFO] 1 change detected
2026-05-30 01:05:25,387 [INFO] 1 change detected
2026-05-30 01:05:25,790 [INFO] 1 change detected
2026-05-30 01:05:26,145 [INFO] 1 change detected
2026-05-30 01:05:26,559 [INFO] 1 change detected
2026-05-30 01:05:26,966 [INFO] 1 change detected
2026-05-30 01:05:27,324 [INFO] 1 change detected
2026-05-30 01:05:27,734 [INFO] 1 change detected
2026-05-30 01:05:28,138 [INFO] 1 change detected
2026-05-30 01:05:28,543 [INFO] 1 change detected
2026-05-30 01:05:28,950 [INFO] 1 change detected
2026-05-30 01:05:29,356 [INFO] 1 change detected
2026-05-30 01:05:29,760 [INFO] 1 change detected
2026-05-30 01:05:30,169 [INFO] 1 change detected
2026-05-30 01:05:30,572 [INFO] 1 change detected
2026-05-30 01:05:30,988 [INFO] 1 change detected
2026-05-30 01:05:31,352 [INFO] 1 change detected
2026-05-30 01:05:31,759 [INFO] 1 change detected
2026-05-30 01:05:32,160 [INFO] 1 change detected
2026-05-30 01:05:32,576 [INFO] 1 change detected
2026-05-30 01:05:32,990 [INFO] 1 change detected
2026-05-30 01:05:33,348 [INFO] 1 change detected
2026-05-30 01:05:33,760 [INFO] 1 change detected
2026-05-30 01:05:34,175 [INFO] 1 change detected
2026-05-30 01:05:34,593 [INFO] 1 change detected
2026-05-30 01:05:35,009 [INFO] 1 change detected
2026-05-30 01:05:35,412 [INFO] 1 change detected
2026-05-30 01:05:35,770 [INFO] 1 change detected
2026-05-30 01:05:36,179 [INFO] 1 change detected
2026-05-30 01:05:36,584 [INFO] 1 change detected
2026-05-30 01:05:36,991 [INFO] 1 change detected
2026-05-30 01:05:37,394 [INFO] 1 change detected
2026-05-30 01:05:37,803 [INFO] 1 change detected
2026-05-30 01:05:38,212 [INFO] 1 change detected
2026-05-30 01:05:38,618 [INFO] 1 change detected
2026-05-30 01:05:39,022 [INFO] 1 change detected
2026-05-30 01:05:39,430 [INFO] 1 change detected
2026-05-30 01:05:39,835 [INFO] 1 change detected
2026-05-30 01:05:40,240 [INFO] 1 change detected
2026-05-30 01:05:40,646 [INFO] 1 change detected
2026-05-30 01:05:41,048 [INFO] 1 change detected
2026-05-30 01:05:41,454 [INFO] 1 change detected
2026-05-30 01:05:41,862 [INFO] 1 change detected
2026-05-30 01:05:42,269 [INFO] 1 change detected
2026-05-30 01:05:42,674 [INFO] 1 change detected
2026-05-30 01:05:43,079 [INFO] 1 change detected
2026-05-30 01:05:43,484 [INFO] 1 change detected
2026-05-30 01:05:43,891 [INFO] 1 change detected
2026-05-30 01:05:44,297 [INFO] 1 change detected
2026-05-30 01:05:44,700 [INFO] 1 change detected
2026-05-30 01:05:45,105 [INFO] 1 change detected
2026-05-30 01:05:45,508 [INFO] 1 change detected
2026-05-30 01:05:45,912 [INFO] 1 change detected
2026-05-30 01:05:46,318 [INFO] 1 change detected
2026-05-30 01:05:46,725 [INFO] 1 change detected
2026-05-30 01:05:47,129 [INFO] 1 change detected
2026-05-30 01:05:47,534 [INFO] 1 change detected
2026-05-30 01:05:47,939 [INFO] 1 change detected
2026-05-30 01:05:48,347 [INFO] 1 change detected
2026-05-30 01:05:48,703 [INFO] 1 change detected
2026-05-30 01:05:49,112 [INFO] 1 change detected
2026-05-30 01:05:49,518 [INFO] 1 change detected
2026-05-30 01:05:49,925 [INFO] 1 change detected
2026-05-30 01:05:50,332 [INFO] 1 change detected
2026-05-30 01:05:50,696 [INFO] 1 change detected
2026-05-30 01:05:51,102 [INFO] 1 change detected
2026-05-30 01:05:51,518 [INFO] 1 change detected
2026-05-30 01:05:51,919 [INFO] 1 change detected
2026-05-30 01:05:52,326 [INFO] 1 change detected
2026-05-30 01:05:52,733 [INFO] 1 change detected
2026-05-30 01:05:53,160 [INFO] 1 change detected
2026-05-30 01:05:53,567 [INFO] 1 change detected
2026-05-30 01:05:53,940 [INFO] 1 change detected
2026-05-30 01:05:54,350 [INFO] 1 change detected
2026-05-30 01:05:54,770 [INFO] 1 change detected
2026-05-30 01:05:55,189 [INFO] 1 change detected
2026-05-30 01:05:55,602 [INFO] 1 change detected
2026-05-30 01:05:55,976 [INFO] 1 change detected
2026-05-30 01:05:56,381 [INFO] 1 change detected
2026-05-30 01:05:56,793 [INFO] 1 change detected
2026-05-30 01:05:57,212 [INFO] 1 change detected
2026-05-30 01:05:57,592 [INFO] 1 change detected
2026-05-30 01:05:58,018 [INFO] 1 change detected
2026-05-30 01:05:58,383 [INFO] 1 change detected
2026-05-30 01:05:58,822 [INFO] 1 change detected
2026-05-30 01:05:59,255 [INFO] 1 change detected
2026-05-30 01:05:59,626 [INFO] 1 change detected
2026-05-30 01:06:00,043 [INFO] 1 change detected
2026-05-30 01:06:00,465 [INFO] 1 change detected
2026-05-30 01:06:00,894 [INFO] 1 change detected
2026-05-30 01:06:01,314 [INFO] 1 change detected
2026-05-30 01:06:01,703 [INFO] 1 change detected
2026-05-30 01:06:02,082 [INFO] 1 change detected
2026-05-30 01:06:02,486 [INFO] 1 change detected
2026-05-30 01:06:02,894 [INFO] 1 change detected
2026-05-30 01:06:03,300 [INFO] 1 change detected
2026-05-30 01:06:03,707 [INFO] 1 change detected
2026-05-30 01:06:04,112 [INFO] 1 change detected
2026-05-30 01:06:04,517 [INFO] 1 change detected
2026-05-30 01:06:04,921 [INFO] 1 change detected
2026-05-30 01:06:05,328 [INFO] 1 change detected
2026-05-30 01:06:05,732 [INFO] 1 change detected
2026-05-30 01:06:06,138 [INFO] 1 change detected
2026-05-30 01:06:06,547 [INFO] 1 change detected
2026-05-30 01:06:06,952 [INFO] 1 change detected
2026-05-30 01:06:07,361 [INFO] 1 change detected
2026-05-30 01:06:07,766 [INFO] 1 change detected
2026-05-30 01:06:08,122 [INFO] 1 change detected
2026-05-30 01:06:08,530 [INFO] 1 change detected
2026-05-30 01:06:08,935 [INFO] 1 change detected
2026-05-30 01:06:09,338 [INFO] 1 change detected
2026-05-30 01:06:09,744 [INFO] 1 change detected
2026-05-30 01:06:10,148 [INFO] 1 change detected
2026-05-30 01:06:10,554 [INFO] 1 change detected
2026-05-30 01:06:10,961 [INFO] 1 change detected
2026-05-30 01:06:11,364 [INFO] 1 change detected
2026-05-30 01:06:11,767 [INFO] 1 change detected
2026-05-30 01:06:12,220 [INFO] 1 change detected
2026-05-30 01:06:12,584 [INFO] 1 change detected
2026-05-30 01:06:12,989 [INFO] 1 change detected
2026-05-30 01:06:13,393 [INFO] 1 change detected
2026-05-30 01:06:13,799 [INFO] 1 change detected
2026-05-30 01:06:14,204 [INFO] 1 change detected
2026-05-30 01:06:14,609 [INFO] 1 change detected
2026-05-30 01:06:15,016 [INFO] 1 change detected
2026-05-30 01:06:15,422 [INFO] 1 change detected
2026-05-30 01:06:15,827 [INFO] 1 change detected
2026-05-30 01:06:16,232 [INFO] 1 change detected
2026-05-30 01:06:16,648 [INFO] 1 change detected
2026-05-30 01:06:17,013 [INFO] 1 change detected
2026-05-30 01:06:17,416 [INFO] 1 change detected
2026-05-30 01:06:17,869 [INFO] 1 change detected
2026-05-30 01:06:18,272 [INFO] 1 change detected
2026-05-30 01:06:18,673 [INFO] 1 change detected
2026-05-30 01:06:19,079 [INFO] 1 change detected
2026-05-30 01:06:19,481 [INFO] 1 change detected
2026-05-30 01:06:19,888 [INFO] 1 change detected
2026-05-30 01:06:20,293 [INFO] 1 change detected
2026-05-30 01:06:20,658 [INFO] 1 change detected
2026-05-30 01:06:21,067 [INFO] 1 change detected
2026-05-30 01:06:21,473 [INFO] 1 change detected
2026-05-30 01:06:21,883 [INFO] 1 change detected
2026-05-30 01:06:22,285 [INFO] 1 change detected
2026-05-30 01:06:22,690 [INFO] 1 change detected
2026-05-30 01:06:23,094 [INFO] 1 change detected
2026-05-30 01:06:23,499 [INFO] 1 change detected
2026-05-30 01:06:23,855 [INFO] 1 change detected
2026-05-30 01:06:24,265 [INFO] 1 change detected
2026-05-30 01:06:24,671 [INFO] 1 change detected
2026-05-30 01:06:25,079 [INFO] 1 change detected
2026-05-30 01:06:25,480 [INFO] 1 change detected
2026-05-30 01:06:25,885 [INFO] 1 change detected
2026-05-30 01:06:26,291 [INFO] 1 change detected
2026-05-30 01:06:26,692 [INFO] 1 change detected
2026-05-30 01:06:27,107 [INFO] 1 change detected
2026-05-30 01:06:27,522 [INFO] 1 change detected
2026-05-30 01:06:27,927 [INFO] 1 change detected
2026-05-30 01:06:28,283 [INFO] 1 change detected
2026-05-30 01:06:28,693 [INFO] 1 change detected
2026-05-30 01:06:29,096 [INFO] 1 change detected
2026-05-30 01:06:29,497 [INFO] 1 change detected
2026-05-30 01:06:29,914 [INFO] 1 change detected
2026-05-30 01:06:30,327 [INFO] 1 change detected
2026-05-30 01:06:30,691 [INFO] 1 change detected
2026-05-30 01:06:31,095 [INFO] 1 change detected
2026-05-30 01:06:31,511 [INFO] 1 change detected
2026-05-30 01:06:31,912 [INFO] 1 change detected
2026-05-30 01:06:32,314 [INFO] 1 change detected
2026-05-30 01:06:32,721 [INFO] 1 change detected
2026-05-30 01:06:33,124 [INFO] 1 change detected
2026-05-30 01:06:33,476 [INFO] 4 changes detected
2026-05-30 01:06:33,834 [INFO] 1 change detected
2026-05-30 01:06:34,192 [INFO] 1 change detected
2026-05-30 01:06:34,549 [INFO] 1 change detected
2026-05-30 01:06:34,957 [INFO] 1 change detected
2026-05-30 01:06:35,365 [INFO] 1 change detected
2026-05-30 01:06:35,767 [INFO] 1 change detected
2026-05-30 01:06:36,172 [INFO] 1 change detected
2026-05-30 01:06:36,578 [INFO] 1 change detected
2026-05-30 01:06:36,983 [INFO] 1 change detected
2026-05-30 01:06:37,389 [INFO] 1 change detected
2026-05-30 01:06:37,793 [INFO] 1 change detected
2026-05-30 01:06:38,299 [INFO] 5 changes detected
2026-05-30 01:06:38,709 [INFO] 1 change detected
2026-05-30 01:06:39,115 [INFO] 1 change detected
2026-05-30 01:06:39,518 [INFO] 1 change detected
2026-05-30 01:06:39,923 [INFO] 1 change detected
2026-05-30 01:06:40,330 [INFO] 1 change detected
2026-05-30 01:06:40,733 [INFO] 1 change detected
2026-05-30 01:06:41,139 [INFO] 1 change detected
2026-05-30 01:06:41,542 [INFO] 1 change detected
2026-05-30 01:06:41,946 [INFO] 1 change detected
2026-05-30 01:06:42,349 [INFO] 1 change detected
2026-05-30 01:06:42,754 [INFO] 1 change detected
2026-05-30 01:06:43,159 [INFO] 1 change detected
2026-05-30 01:06:43,513 [INFO] 4 changes detected
2026-05-30 01:06:43,872 [INFO] 1 change detected
2026-05-30 01:06:44,232 [INFO] 1 change detected
2026-05-30 01:06:44,594 [INFO] 1 change detected
2026-05-30 01:06:44,949 [INFO] 1 change detected
2026-05-30 01:06:45,309 [INFO] 1 change detected
2026-05-30 01:06:45,718 [INFO] 1 change detected
2026-05-30 01:06:46,124 [INFO] 1 change detected
2026-05-30 01:06:46,527 [INFO] 1 change detected
2026-05-30 01:06:46,931 [INFO] 1 change detected
2026-05-30 01:06:47,287 [INFO] 1 change detected
2026-05-30 01:06:47,697 [INFO] 1 change detected
2026-05-30 01:06:48,102 [INFO] 1 change detected
2026-05-30 01:06:48,457 [INFO] 4 changes detected
2026-05-30 01:06:48,815 [INFO] 1 change detected
2026-05-30 01:06:49,177 [INFO] 1 change detected
2026-05-30 01:06:49,533 [INFO] 1 change detected
2026-05-30 01:06:49,941 [INFO] 1 change detected
2026-05-30 01:06:50,345 [INFO] 1 change detected
2026-05-30 01:06:50,748 [INFO] 1 change detected
2026-05-30 01:06:51,155 [INFO] 1 change detected
2026-05-30 01:06:51,561 [INFO] 1 change detected
2026-05-30 01:06:51,965 [INFO] 1 change detected
2026-05-30 01:06:52,322 [INFO] 1 change detected
2026-05-30 01:06:52,728 [INFO] 1 change detected
2026-05-30 01:06:53,132 [INFO] 1 change detected
2026-05-30 01:06:53,484 [INFO] 4 changes detected
2026-05-30 01:06:53,842 [INFO] 1 change detected
2026-05-30 01:06:54,200 [INFO] 1 change detected
2026-05-30 01:06:54,560 [INFO] 1 change detected
2026-05-30 01:06:54,921 [INFO] 1 change detected
2026-05-30 01:06:55,282 [INFO] 1 change detected
2026-05-30 01:06:55,692 [INFO] 1 change detected
2026-05-30 01:06:56,097 [INFO] 1 change detected
2026-05-30 01:06:56,502 [INFO] 1 change detected
2026-05-30 01:06:56,907 [INFO] 1 change detected
2026-05-30 01:06:57,311 [INFO] 1 change detected
2026-05-30 01:06:57,713 [INFO] 1 change detected
2026-05-30 01:06:58,119 [INFO] 1 change detected
2026-05-30 01:06:58,474 [INFO] 4 changes detected
2026-05-30 01:06:58,832 [INFO] 1 change detected
2026-05-30 01:06:59,192 [INFO] 1 change detected
2026-05-30 01:06:59,549 [INFO] 1 change detected
2026-05-30 01:06:59,909 [INFO] 1 change detected
2026-05-30 01:07:00,267 [INFO] 1 change detected
2026-05-30 01:07:00,676 [INFO] 1 change detected
2026-05-30 01:07:01,084 [INFO] 1 change detected
2026-05-30 01:07:01,490 [INFO] 1 change detected
2026-05-30 01:07:01,892 [INFO] 1 change detected
2026-05-30 01:07:02,297 [INFO] 1 change detected
2026-05-30 01:07:02,703 [INFO] 1 change detected
2026-05-30 01:07:03,108 [INFO] 1 change detected
2026-05-30 01:07:03,463 [INFO] 4 changes detected
2026-05-30 01:07:03,824 [INFO] 1 change detected
2026-05-30 01:07:04,184 [INFO] 1 change detected
2026-05-30 01:07:04,544 [INFO] 1 change detected
2026-05-30 01:07:04,906 [INFO] 1 change detected
2026-05-30 01:07:05,314 [INFO] 1 change detected
2026-05-30 01:07:05,672 [INFO] 1 change detected
2026-05-30 01:07:06,081 [INFO] 1 change detected
2026-05-30 01:07:06,483 [INFO] 1 change detected
2026-05-30 01:07:06,888 [INFO] 1 change detected
2026-05-30 01:07:07,294 [INFO] 1 change detected
2026-05-30 01:07:07,699 [INFO] 1 change detected
2026-05-30 01:07:08,102 [INFO] 1 change detected
2026-05-30 01:07:08,457 [INFO] 4 changes detected
2026-05-30 01:07:08,816 [INFO] 1 change detected
2026-05-30 01:07:09,173 [INFO] 1 change detected
2026-05-30 01:07:09,530 [INFO] 1 change detected
2026-05-30 01:07:09,935 [INFO] 1 change detected
2026-05-30 01:07:10,341 [INFO] 1 change detected
2026-05-30 01:07:10,746 [INFO] 1 change detected
2026-05-30 01:07:11,111 [INFO] 1 change detected
2026-05-30 01:07:11,520 [INFO] 1 change detected
2026-05-30 01:07:11,925 [INFO] 1 change detected
2026-05-30 01:07:12,341 [INFO] 1 change detected
2026-05-30 01:07:12,745 [INFO] 1 change detected
2026-05-30 01:07:13,149 [INFO] 1 change detected
2026-05-30 01:07:13,503 [INFO] 4 changes detected
2026-05-30 01:07:13,856 [INFO] 1 change detected
2026-05-30 01:07:14,213 [INFO] 1 change detected
2026-05-30 01:07:14,570 [INFO] 1 change detected
2026-05-30 01:07:14,929 [INFO] 1 change detected
2026-05-30 01:07:15,288 [INFO] 1 change detected
2026-05-30 01:07:15,696 [INFO] 1 change detected
2026-05-30 01:07:16,113 [INFO] 1 change detected
2026-05-30 01:07:16,515 [INFO] 1 change detected
2026-05-30 01:07:16,919 [INFO] 1 change detected
2026-05-30 01:07:17,286 [INFO] 1 change detected
2026-05-30 01:07:17,691 [INFO] 1 change detected
2026-05-30 01:07:18,097 [INFO] 1 change detected
2026-05-30 01:07:18,463 [INFO] 4 changes detected
2026-05-30 01:07:18,820 [INFO] 1 change detected
2026-05-30 01:07:19,176 [INFO] 1 change detected
2026-05-30 01:07:19,535 [INFO] 1 change detected
2026-05-30 01:07:19,892 [INFO] 1 change detected
2026-05-30 01:07:20,300 [INFO] 1 change detected
2026-05-30 01:07:20,702 [INFO] 1 change detected
2026-05-30 01:07:21,109 [INFO] 1 change detected
2026-05-30 01:07:21,514 [INFO] 1 change detected
2026-05-30 01:07:21,920 [INFO] 1 change detected
2026-05-30 01:07:22,326 [INFO] 1 change detected
2026-05-30 01:07:22,731 [INFO] 1 change detected
2026-05-30 01:07:23,136 [INFO] 1 change detected
2026-05-30 01:07:23,493 [INFO] 4 changes detected
2026-05-30 01:07:23,852 [INFO] 1 change detected
2026-05-30 01:07:24,209 [INFO] 1 change detected
2026-05-30 01:07:24,570 [INFO] 1 change detected
2026-05-30 01:07:24,976 [INFO] 1 change detected
2026-05-30 01:07:25,393 [INFO] 1 change detected
2026-05-30 01:07:25,794 [INFO] 1 change detected
2026-05-30 01:07:26,203 [INFO] 1 change detected
2026-05-30 01:07:26,609 [INFO] 1 change detected
2026-05-30 01:07:27,013 [INFO] 1 change detected
2026-05-30 01:07:27,416 [INFO] 1 change detected
2026-05-30 01:07:27,824 [INFO] 1 change detected
2026-05-30 01:07:28,226 [INFO] 5 changes detected
2026-05-30 01:07:28,680 [INFO] 1 change detected
2026-05-30 01:07:29,094 [INFO] 1 change detected
2026-05-30 01:07:29,497 [INFO] 1 change detected
2026-05-30 01:07:29,900 [INFO] 1 change detected
2026-05-30 01:07:30,304 [INFO] 1 change detected
2026-05-30 01:07:30,710 [INFO] 1 change detected
2026-05-30 01:07:31,114 [INFO] 1 change detected
2026-05-30 01:07:31,520 [INFO] 1 change detected
2026-05-30 01:07:31,925 [INFO] 1 change detected
2026-05-30 01:07:32,333 [INFO] 1 change detected
2026-05-30 01:07:32,737 [INFO] 1 change detected
2026-05-30 01:07:33,142 [INFO] 1 change detected
2026-05-30 01:07:33,493 [INFO] 4 changes detected
2026-05-30 01:07:33,849 [INFO] 1 change detected
2026-05-30 01:07:34,207 [INFO] 1 change detected
2026-05-30 01:07:34,563 [INFO] 1 change detected
2026-05-30 01:07:34,919 [INFO] 1 change detected
2026-05-30 01:07:35,280 [INFO] 1 change detected
2026-05-30 01:07:35,686 [INFO] 1 change detected
2026-05-30 01:07:36,093 [INFO] 1 change detected
2026-05-30 01:07:36,498 [INFO] 1 change detected
2026-05-30 01:07:36,905 [INFO] 1 change detected
2026-05-30 01:07:37,310 [INFO] 1 change detected
2026-05-30 01:07:37,715 [INFO] 1 change detected
2026-05-30 01:07:38,122 [INFO] 1 change detected
2026-05-30 01:07:38,474 [INFO] 4 changes detected
2026-05-30 01:07:38,832 [INFO] 1 change detected
2026-05-30 01:07:39,189 [INFO] 1 change detected
2026-05-30 01:07:39,549 [INFO] 1 change detected
2026-05-30 01:07:39,959 [INFO] 1 change detected
2026-05-30 01:07:40,362 [INFO] 1 change detected
2026-05-30 01:07:40,770 [INFO] 1 change detected
2026-05-30 01:07:41,176 [INFO] 1 change detected
2026-05-30 01:07:41,582 [INFO] 1 change detected
2026-05-30 01:07:41,987 [INFO] 1 change detected
2026-05-30 01:07:42,389 [INFO] 1 change detected
2026-05-30 01:07:42,795 [INFO] 1 change detected
2026-05-30 01:07:43,252 [INFO] 5 changes detected
2026-05-30 01:07:43,655 [INFO] 1 change detected
2026-05-30 01:07:44,060 [INFO] 1 change detected
2026-05-30 01:07:44,465 [INFO] 1 change detected
2026-05-30 01:07:44,869 [INFO] 1 change detected
2026-05-30 01:07:45,275 [INFO] 1 change detected
2026-05-30 01:07:45,677 [INFO] 1 change detected
2026-05-30 01:07:46,081 [INFO] 1 change detected
2026-05-30 01:07:46,485 [INFO] 1 change detected
2026-05-30 01:07:46,892 [INFO] 1 change detected
2026-05-30 01:07:47,309 [INFO] 1 change detected
2026-05-30 01:07:47,714 [INFO] 1 change detected
2026-05-30 01:07:48,118 [INFO] 1 change detected
2026-05-30 01:07:48,473 [INFO] 4 changes detected
2026-05-30 01:07:48,832 [INFO] 1 change detected
2026-05-30 01:07:49,193 [INFO] 1 change detected
2026-05-30 01:07:49,552 [INFO] 1 change detected
2026-05-30 01:07:49,962 [INFO] 1 change detected
2026-05-30 01:07:50,368 [INFO] 1 change detected
2026-05-30 01:07:50,775 [INFO] 1 change detected
2026-05-30 01:07:51,181 [INFO] 1 change detected
2026-05-30 01:07:51,585 [INFO] 1 change detected
2026-05-30 01:07:51,992 [INFO] 1 change detected
2026-05-30 01:07:52,397 [INFO] 1 change detected
2026-05-30 01:07:52,802 [INFO] 1 change detected
2026-05-30 01:07:53,260 [INFO] 5 changes detected
2026-05-30 01:07:53,626 [INFO] 1 change detected
2026-05-30 01:07:53,984 [INFO] 6 changes detected
2026-05-30 01:07:54,344 [INFO] 4 changes detected
2026-05-30 01:07:54,700 [INFO] 1 change detected
2026-05-30 01:07:55,061 [INFO] 1 change detected
2026-05-30 01:07:55,420 [INFO] 1 change detected
2026-05-30 01:07:55,780 [INFO] 1 change detected
2026-05-30 01:07:56,139 [INFO] 1 change detected
2026-05-30 01:07:56,547 [INFO] 1 change detected
2026-05-30 01:07:56,949 [INFO] 1 change detected
2026-05-30 01:07:57,354 [INFO] 1 change detected
2026-05-30 01:07:57,757 [INFO] 1 change detected
2026-05-30 01:07:58,163 [INFO] 1 change detected
2026-05-30 01:07:58,517 [INFO] 4 changes detected
2026-05-30 01:07:58,874 [INFO] 1 change detected
2026-05-30 01:07:59,232 [INFO] 1 change detected
2026-05-30 01:07:59,588 [INFO] 1 change detected
2026-05-30 01:07:59,945 [INFO] 1 change detected
2026-05-30 01:08:00,304 [INFO] 1 change detected
2026-05-30 01:08:00,712 [INFO] 1 change detected
2026-05-30 01:08:01,114 [INFO] 1 change detected
2026-05-30 01:08:01,519 [INFO] 1 change detected
2026-05-30 01:08:01,926 [INFO] 1 change detected
2026-05-30 01:08:02,330 [INFO] 1 change detected
2026-05-30 01:08:02,732 [INFO] 1 change detected
2026-05-30 01:08:03,135 [INFO] 1 change detected
2026-05-30 01:08:03,487 [INFO] 4 changes detected
2026-05-30 01:08:03,844 [INFO] 1 change detected
2026-05-30 01:08:04,203 [INFO] 1 change detected
2026-05-30 01:08:04,560 [INFO] 1 change detected
2026-05-30 01:08:04,920 [INFO] 1 change detected
2026-05-30 01:08:05,328 [INFO] 1 change detected
2026-05-30 01:08:05,732 [INFO] 1 change detected
2026-05-30 01:08:06,136 [INFO] 1 change detected
2026-05-30 01:08:06,542 [INFO] 1 change detected
2026-05-30 01:08:06,948 [INFO] 1 change detected
2026-05-30 01:08:07,354 [INFO] 1 change detected
2026-05-30 01:08:07,759 [INFO] 1 change detected
2026-05-30 01:08:08,165 [INFO] 1 change detected
2026-05-30 01:08:08,520 [INFO] 4 changes detected
2026-05-30 01:08:08,878 [INFO] 1 change detected
2026-05-30 01:08:09,234 [INFO] 1 change detected
2026-05-30 01:08:09,594 [INFO] 1 change detected
2026-05-30 01:08:09,954 [INFO] 1 change detected
2026-05-30 01:08:10,363 [INFO] 1 change detected
2026-05-30 01:08:10,767 [INFO] 1 change detected
2026-05-30 01:08:11,171 [INFO] 1 change detected
2026-05-30 01:08:11,577 [INFO] 1 change detected
2026-05-30 01:08:11,932 [INFO] 1 change detected
2026-05-30 01:08:12,341 [INFO] 1 change detected
2026-05-30 01:08:12,747 [INFO] 1 change detected
2026-05-30 01:08:13,152 [INFO] 1 change detected
2026-05-30 01:08:13,506 [INFO] 4 changes detected
2026-05-30 01:08:13,865 [INFO] 1 change detected
2026-05-30 01:08:14,226 [INFO] 1 change detected
2026-05-30 01:08:14,582 [INFO] 1 change detected
2026-05-30 01:08:14,941 [INFO] 1 change detected
2026-05-30 01:08:15,351 [INFO] 1 change detected
2026-05-30 01:08:15,756 [INFO] 1 change detected
2026-05-30 01:08:16,165 [INFO] 1 change detected
2026-05-30 01:08:16,569 [INFO] 1 change detected
2026-05-30 01:08:16,971 [INFO] 1 change detected
2026-05-30 01:08:17,375 [INFO] 1 change detected
2026-05-30 01:08:17,781 [INFO] 1 change detected
2026-05-30 01:08:18,238 [INFO] 5 changes detected
2026-05-30 01:08:18,642 [INFO] 1 change detected
2026-05-30 01:08:19,050 [INFO] 1 change detected
2026-05-30 01:08:19,457 [INFO] 1 change detected
2026-05-30 01:08:19,862 [INFO] 1 change detected
2026-05-30 01:08:20,267 [INFO] 1 change detected
2026-05-30 01:08:20,677 [INFO] 1 change detected
2026-05-30 01:08:21,083 [INFO] 1 change detected
2026-05-30 01:08:21,488 [INFO] 1 change detected
2026-05-30 01:08:21,895 [INFO] 1 change detected
2026-05-30 01:08:22,304 [INFO] 1 change detected
2026-05-30 01:08:22,662 [INFO] 1 change detected
2026-05-30 01:08:23,075 [INFO] 1 change detected
2026-05-30 01:08:23,479 [INFO] 5 changes detected
2026-05-30 01:08:23,887 [INFO] 1 change detected
2026-05-30 01:08:24,245 [INFO] 1 change detected
2026-05-30 01:08:24,657 [INFO] 1 change detected
2026-05-30 01:08:25,065 [INFO] 1 change detected
2026-05-30 01:08:25,427 [INFO] 1 change detected
2026-05-30 01:08:25,836 [INFO] 1 change detected
2026-05-30 01:08:26,245 [INFO] 1 change detected
2026-05-30 01:08:26,654 [INFO] 1 change detected
2026-05-30 01:08:27,061 [INFO] 1 change detected
2026-05-30 01:08:27,469 [INFO] 1 change detected
2026-05-30 01:08:27,875 [INFO] 1 change detected
2026-05-30 01:08:28,277 [INFO] 5 changes detected
2026-05-30 01:08:28,681 [INFO] 1 change detected
2026-05-30 01:08:29,089 [INFO] 1 change detected
2026-05-30 01:08:29,495 [INFO] 1 change detected
2026-05-30 01:08:29,900 [INFO] 1 change detected
2026-05-30 01:08:30,306 [INFO] 1 change detected
2026-05-30 01:08:30,714 [INFO] 1 change detected
2026-05-30 01:08:31,121 [INFO] 1 change detected
2026-05-30 01:08:31,527 [INFO] 1 change detected
2026-05-30 01:08:31,936 [INFO] 1 change detected
2026-05-30 01:08:32,347 [INFO] 1 change detected
2026-05-30 01:08:32,705 [INFO] 1 change detected
2026-05-30 01:08:33,117 [INFO] 1 change detected
2026-05-30 01:08:33,472 [INFO] 4 changes detected
2026-05-30 01:08:33,831 [INFO] 1 change detected
2026-05-30 01:08:34,192 [INFO] 1 change detected
2026-05-30 01:08:34,552 [INFO] 1 change detected
2026-05-30 01:08:34,910 [INFO] 1 change detected
2026-05-30 01:08:35,321 [INFO] 1 change detected
2026-05-30 01:08:35,726 [INFO] 1 change detected
2026-05-30 01:08:36,132 [INFO] 1 change detected
2026-05-30 01:08:36,537 [INFO] 1 change detected
2026-05-30 01:08:36,944 [INFO] 1 change detected
2026-05-30 01:08:37,349 [INFO] 1 change detected
2026-05-30 01:08:37,755 [INFO] 1 change detected
2026-05-30 01:08:38,161 [INFO] 1 change detected
2026-05-30 01:08:38,519 [INFO] 4 changes detected
2026-05-30 01:08:38,881 [INFO] 1 change detected
2026-05-30 01:08:39,238 [INFO] 1 change detected
2026-05-30 01:08:39,602 [INFO] 1 change detected
2026-05-30 01:08:39,960 [INFO] 1 change detected
2026-05-30 01:08:40,319 [INFO] 1 change detected
2026-05-30 01:08:40,730 [INFO] 1 change detected
2026-05-30 01:08:41,136 [INFO] 1 change detected
2026-05-30 01:08:41,545 [INFO] 1 change detected
2026-05-30 01:08:41,953 [INFO] 1 change detected
2026-05-30 01:08:42,362 [INFO] 1 change detected
2026-05-30 01:08:42,770 [INFO] 1 change detected
2026-05-30 01:08:43,275 [INFO] 5 changes detected
2026-05-30 01:08:43,689 [INFO] 1 change detected
2026-05-30 01:08:44,097 [INFO] 1 change detected
2026-05-30 01:08:44,504 [INFO] 1 change detected
2026-05-30 01:08:44,911 [INFO] 1 change detected
2026-05-30 01:08:45,316 [INFO] 1 change detected
2026-05-30 01:08:45,724 [INFO] 1 change detected
2026-05-30 01:08:46,129 [INFO] 1 change detected
2026-05-30 01:08:46,536 [INFO] 1 change detected
2026-05-30 01:08:46,940 [INFO] 1 change detected
2026-05-30 01:08:47,345 [INFO] 1 change detected
2026-05-30 01:08:47,749 [INFO] 1 change detected
2026-05-30 01:08:48,159 [INFO] 1 change detected
2026-05-30 01:08:48,512 [INFO] 4 changes detected
2026-05-30 01:08:48,870 [INFO] 1 change detected
2026-05-30 01:08:49,231 [INFO] 1 change detected
2026-05-30 01:08:49,590 [INFO] 1 change detected
2026-05-30 01:08:49,997 [INFO] 1 change detected
2026-05-30 01:08:50,413 [INFO] 1 change detected
2026-05-30 01:08:50,767 [INFO] 1 change detected
2026-05-30 01:08:51,176 [INFO] 1 change detected
2026-05-30 01:08:51,586 [INFO] 1 change detected
2026-05-30 01:08:51,995 [INFO] 1 change detected
2026-05-30 01:08:52,402 [INFO] 1 change detected
2026-05-30 01:08:52,806 [INFO] 1 change detected
2026-05-30 01:08:53,214 [INFO] 1 change detected
2026-05-30 01:08:53,573 [INFO] 4 changes detected
2026-05-30 01:08:53,932 [INFO] 1 change detected
2026-05-30 01:08:54,293 [INFO] 1 change detected
2026-05-30 01:08:54,654 [INFO] 1 change detected
2026-05-30 01:08:55,015 [INFO] 1 change detected
2026-05-30 01:08:55,427 [INFO] 1 change detected
2026-05-30 01:08:55,836 [INFO] 1 change detected
2026-05-30 01:08:56,242 [INFO] 1 change detected
2026-05-30 01:08:56,650 [INFO] 1 change detected
2026-05-30 01:08:57,058 [INFO] 1 change detected
2026-05-30 01:08:57,418 [INFO] 1 change detected
2026-05-30 01:08:57,831 [INFO] 1 change detected
2026-05-30 01:08:58,236 [INFO] 5 changes detected
2026-05-30 01:08:58,689 [INFO] 1 change detected
2026-05-30 01:08:59,091 [INFO] 1 change detected
2026-05-30 01:08:59,450 [INFO] 1 change detected
2026-05-30 01:08:59,861 [INFO] 1 change detected
2026-05-30 01:09:00,265 [INFO] 1 change detected
2026-05-30 01:09:00,671 [INFO] 1 change detected
2026-05-30 01:09:01,074 [INFO] 1 change detected
2026-05-30 01:09:01,478 [INFO] 1 change detected
2026-05-30 01:09:01,882 [INFO] 1 change detected
2026-05-30 01:09:02,288 [INFO] 1 change detected
2026-05-30 01:09:02,692 [INFO] 1 change detected
2026-05-30 01:09:03,100 [INFO] 1 change detected
2026-05-30 01:09:03,453 [INFO] 4 changes detected
2026-05-30 01:09:03,810 [INFO] 1 change detected
2026-05-30 01:09:04,166 [INFO] 1 change detected
2026-05-30 01:09:04,525 [INFO] 1 change detected
2026-05-30 01:09:04,885 [INFO] 1 change detected
2026-05-30 01:09:05,295 [INFO] 1 change detected
2026-05-30 01:09:05,697 [INFO] 1 change detected
2026-05-30 01:09:06,100 [INFO] 1 change detected
2026-05-30 01:09:06,506 [INFO] 1 change detected
2026-05-30 01:09:06,911 [INFO] 1 change detected
2026-05-30 01:09:07,317 [INFO] 1 change detected
2026-05-30 01:09:07,724 [INFO] 1 change detected
2026-05-30 01:09:08,128 [INFO] 1 change detected
2026-05-30 01:09:08,486 [INFO] 4 changes detected
2026-05-30 01:09:08,849 [INFO] 1 change detected
2026-05-30 01:09:09,208 [INFO] 1 change detected
2026-05-30 01:09:09,569 [INFO] 1 change detected
2026-05-30 01:09:09,927 [INFO] 1 change detected
2026-05-30 01:09:10,286 [INFO] 1 change detected
2026-05-30 01:09:10,696 [INFO] 1 change detected
2026-05-30 01:09:11,099 [INFO] 1 change detected
2026-05-30 01:09:11,505 [INFO] 1 change detected
2026-05-30 01:09:11,912 [INFO] 1 change detected
2026-05-30 01:09:12,319 [INFO] 1 change detected
2026-05-30 01:09:12,725 [INFO] 1 change detected
2026-05-30 01:09:13,129 [INFO] 1 change detected
2026-05-30 01:09:13,486 [INFO] 4 changes detected
2026-05-30 01:09:13,846 [INFO] 1 change detected
2026-05-30 01:09:14,205 [INFO] 1 change detected
2026-05-30 01:09:14,568 [INFO] 1 change detected
2026-05-30 01:09:14,927 [INFO] 1 change detected
2026-05-30 01:09:15,288 [INFO] 1 change detected
2026-05-30 01:09:15,700 [INFO] 1 change detected
2026-05-30 01:09:16,104 [INFO] 1 change detected
2026-05-30 01:09:16,509 [INFO] 1 change detected
2026-05-30 01:09:16,913 [INFO] 1 change detected
2026-05-30 01:09:17,318 [INFO] 1 change detected
2026-05-30 01:09:17,724 [INFO] 1 change detected
2026-05-30 01:09:18,083 [INFO] 1 change detected
2026-05-30 01:09:18,488 [INFO] 5 changes detected
2026-05-30 01:09:18,891 [INFO] 1 change detected
2026-05-30 01:09:19,295 [INFO] 1 change detected
2026-05-30 01:09:19,701 [INFO] 1 change detected
2026-05-30 01:09:20,107 [INFO] 1 change detected
2026-05-30 01:09:20,514 [INFO] 1 change detected
2026-05-30 01:09:20,916 [INFO] 1 change detected
2026-05-30 01:09:21,322 [INFO] 1 change detected
2026-05-30 01:09:21,727 [INFO] 1 change detected
2026-05-30 01:09:22,132 [INFO] 1 change detected
2026-05-30 01:09:22,537 [INFO] 1 change detected
2026-05-30 01:09:22,941 [INFO] 1 change detected
2026-05-30 01:09:23,348 [INFO] 5 changes detected
2026-05-30 01:09:23,704 [INFO] 1 change detected
2026-05-30 01:09:24,112 [INFO] 1 change detected
2026-05-30 01:09:24,469 [INFO] 1 change detected
2026-05-30 01:09:24,879 [INFO] 1 change detected
2026-05-30 01:09:25,283 [INFO] 1 change detected
2026-05-30 01:09:25,689 [INFO] 1 change detected
2026-05-30 01:09:26,095 [INFO] 1 change detected
2026-05-30 01:09:26,502 [INFO] 1 change detected
2026-05-30 01:09:26,909 [INFO] 1 change detected
2026-05-30 01:09:27,314 [INFO] 1 change detected
2026-05-30 01:09:27,719 [INFO] 1 change detected
2026-05-30 01:09:28,128 [INFO] 1 change detected
2026-05-30 01:09:28,483 [INFO] 5 changes detected
2026-05-30 01:09:28,941 [INFO] 6 changes detected
2026-05-30 01:09:29,294 [INFO] 4 changes detected
2026-05-30 01:09:29,652 [INFO] 1 change detected
2026-05-30 01:09:30,009 [INFO] 1 change detected
2026-05-30 01:09:30,370 [INFO] 1 change detected
2026-05-30 01:09:30,730 [INFO] 1 change detected
2026-05-30 01:09:31,086 [INFO] 1 change detected
2026-05-30 01:09:31,496 [INFO] 1 change detected
2026-05-30 01:09:31,902 [INFO] 1 change detected
2026-05-30 01:09:32,310 [INFO] 1 change detected
2026-05-30 01:09:32,715 [INFO] 1 change detected
2026-05-30 01:09:33,120 [INFO] 1 change detected
2026-05-30 01:09:33,471 [INFO] 4 changes detected
2026-05-30 01:09:33,832 [INFO] 1 change detected
2026-05-30 01:09:34,194 [INFO] 1 change detected
2026-05-30 01:09:34,553 [INFO] 1 change detected
2026-05-30 01:09:34,913 [INFO] 1 change detected
2026-05-30 01:09:35,324 [INFO] 1 change detected
2026-05-30 01:09:35,729 [INFO] 1 change detected
2026-05-30 01:09:36,135 [INFO] 1 change detected
2026-05-30 01:09:36,542 [INFO] 1 change detected
2026-05-30 01:09:36,950 [INFO] 1 change detected
2026-05-30 01:09:37,355 [INFO] 1 change detected
2026-05-30 01:09:37,762 [INFO] 1 change detected
2026-05-30 01:09:38,167 [INFO] 1 change detected
2026-05-30 01:09:38,523 [INFO] 4 changes detected
2026-05-30 01:09:38,884 [INFO] 1 change detected
2026-05-30 01:09:39,242 [INFO] 1 change detected
2026-05-30 01:09:39,600 [INFO] 1 change detected
2026-05-30 01:09:39,964 [INFO] 1 change detected
2026-05-30 01:09:40,323 [INFO] 1 change detected
2026-05-30 01:09:40,736 [INFO] 1 change detected
2026-05-30 01:09:41,143 [INFO] 1 change detected
2026-05-30 01:09:41,550 [INFO] 1 change detected
2026-05-30 01:09:41,904 [INFO] 1 change detected
2026-05-30 01:09:42,318 [INFO] 1 change detected
2026-05-30 01:09:42,725 [INFO] 1 change detected
2026-05-30 01:09:43,135 [INFO] 1 change detected
2026-05-30 01:09:43,495 [INFO] 4 changes detected
2026-05-30 01:09:43,855 [INFO] 1 change detected
2026-05-30 01:09:44,216 [INFO] 1 change detected
2026-05-30 01:09:44,577 [INFO] 1 change detected
2026-05-30 01:09:44,988 [INFO] 1 change detected
2026-05-30 01:09:45,398 [INFO] 1 change detected
2026-05-30 01:09:45,808 [INFO] 1 change detected
2026-05-30 01:09:46,214 [INFO] 1 change detected
2026-05-30 01:09:46,622 [INFO] 1 change detected
2026-05-30 01:09:47,027 [INFO] 1 change detected
2026-05-30 01:09:47,433 [INFO] 1 change detected
2026-05-30 01:09:47,837 [INFO] 1 change detected
2026-05-30 01:09:48,244 [INFO] 1 change detected
2026-05-30 01:09:48,599 [INFO] 4 changes detected
2026-05-30 01:09:48,956 [INFO] 1 change detected
2026-05-30 01:09:49,318 [INFO] 1 change detected
2026-05-30 01:09:49,676 [INFO] 1 change detected
2026-05-30 01:09:50,038 [INFO] 1 change detected
2026-05-30 01:09:50,398 [INFO] 1 change detected
2026-05-30 01:09:50,807 [INFO] 1 change detected
2026-05-30 01:09:51,220 [INFO] 1 change detected
2026-05-30 01:09:51,627 [INFO] 1 change detected
2026-05-30 01:09:51,988 [INFO] 1 change detected
2026-05-30 01:09:52,400 [INFO] 1 change detected
2026-05-30 01:09:52,806 [INFO] 1 change detected
2026-05-30 01:09:53,212 [INFO] 1 change detected
2026-05-30 01:09:53,567 [INFO] 4 changes detected
2026-05-30 01:09:53,928 [INFO] 1 change detected
2026-05-30 01:09:54,290 [INFO] 1 change detected
2026-05-30 01:09:54,653 [INFO] 1 change detected
2026-05-30 01:09:55,014 [INFO] 1 change detected
2026-05-30 01:09:55,371 [INFO] 1 change detected
2026-05-30 01:09:55,782 [INFO] 1 change detected
2026-05-30 01:09:56,190 [INFO] 1 change detected
2026-05-30 01:09:56,601 [INFO] 1 change detected
2026-05-30 01:09:57,008 [INFO] 1 change detected
2026-05-30 01:09:57,416 [INFO] 1 change detected
2026-05-30 01:09:57,826 [INFO] 1 change detected
2026-05-30 01:09:58,233 [INFO] 5 changes detected
2026-05-30 01:09:58,643 [INFO] 1 change detected
2026-05-30 01:09:59,049 [INFO] 1 change detected
2026-05-30 01:09:59,455 [INFO] 1 change detected
2026-05-30 01:09:59,813 [INFO] 1 change detected
2026-05-30 01:10:00,224 [INFO] 1 change detected
2026-05-30 01:10:00,633 [INFO] 1 change detected
2026-05-30 01:10:01,040 [INFO] 1 change detected
2026-05-30 01:10:01,448 [INFO] 1 change detected
2026-05-30 01:10:01,855 [INFO] 1 change detected
2026-05-30 01:10:02,261 [INFO] 1 change detected
2026-05-30 01:10:02,669 [INFO] 1 change detected
2026-05-30 01:10:03,076 [INFO] 1 change detected
2026-05-30 01:10:03,478 [INFO] 5 changes detected
2026-05-30 01:10:03,887 [INFO] 1 change detected
2026-05-30 01:10:04,246 [INFO] 1 change detected
2026-05-30 01:10:04,655 [INFO] 1 change detected
2026-05-30 01:10:05,065 [INFO] 1 change detected
2026-05-30 01:10:05,472 [INFO] 1 change detected
2026-05-30 01:10:05,879 [INFO] 1 change detected
2026-05-30 01:10:06,285 [INFO] 1 change detected
2026-05-30 01:10:06,695 [INFO] 1 change detected
2026-05-30 01:10:07,103 [INFO] 1 change detected
2026-05-30 01:10:07,508 [INFO] 1 change detected
2026-05-30 01:10:07,912 [INFO] 1 change detected
2026-05-30 01:10:08,316 [INFO] 5 changes detected
2026-05-30 01:10:08,774 [INFO] 1 change detected
2026-05-30 01:10:09,177 [INFO] 1 change detected
2026-05-30 01:10:09,584 [INFO] 1 change detected
2026-05-30 01:10:09,937 [INFO] 1 change detected
2026-05-30 01:10:10,345 [INFO] 1 change detected
2026-05-30 01:10:10,756 [INFO] 1 change detected
2026-05-30 01:10:11,160 [INFO] 1 change detected
2026-05-30 01:10:11,518 [INFO] 1 change detected
2026-05-30 01:10:11,927 [INFO] 1 change detected
2026-05-30 01:10:12,330 [INFO] 1 change detected
2026-05-30 01:10:12,737 [INFO] 1 change detected
2026-05-30 01:10:13,143 [INFO] 1 change detected
2026-05-30 01:10:13,497 [INFO] 4 changes detected
2026-05-30 01:10:13,855 [INFO] 1 change detected
2026-05-30 01:10:14,216 [INFO] 1 change detected
2026-05-30 01:10:14,622 [INFO] 1 change detected
2026-05-30 01:10:15,029 [INFO] 1 change detected
2026-05-30 01:10:15,434 [INFO] 1 change detected
2026-05-30 01:10:15,838 [INFO] 1 change detected
2026-05-30 01:10:16,242 [INFO] 1 change detected
2026-05-30 01:10:16,648 [INFO] 1 change detected
2026-05-30 01:10:17,052 [INFO] 1 change detected
2026-05-30 01:10:17,457 [INFO] 1 change detected
2026-05-30 01:10:17,864 [INFO] 1 change detected
2026-05-30 01:10:18,271 [INFO] 5 changes detected
2026-05-30 01:10:18,677 [INFO] 1 change detected
2026-05-30 01:10:19,083 [INFO] 1 change detected
2026-05-30 01:10:19,499 [INFO] 1 change detected
2026-05-30 01:10:19,906 [INFO] 1 change detected
2026-05-30 01:10:20,313 [INFO] 1 change detected
2026-05-30 01:10:20,719 [INFO] 1 change detected
2026-05-30 01:10:21,124 [INFO] 1 change detected
2026-05-30 01:10:21,530 [INFO] 1 change detected
2026-05-30 01:10:21,935 [INFO] 1 change detected
2026-05-30 01:10:22,344 [INFO] 1 change detected
2026-05-30 01:10:22,701 [INFO] 1 change detected
2026-05-30 01:10:23,111 [INFO] 1 change detected
2026-05-30 01:10:23,527 [INFO] 5 changes detected
2026-05-30 01:10:23,937 [INFO] 1 change detected
2026-05-30 01:10:24,341 [INFO] 1 change detected
2026-05-30 01:10:24,746 [INFO] 1 change detected
2026-05-30 01:10:25,154 [INFO] 1 change detected
2026-05-30 01:10:25,509 [INFO] 1 change detected
2026-05-30 01:10:25,917 [INFO] 1 change detected
2026-05-30 01:10:26,321 [INFO] 1 change detected
2026-05-30 01:10:26,729 [INFO] 1 change detected
2026-05-30 01:10:27,141 [INFO] 1 change detected
2026-05-30 01:10:27,544 [INFO] 1 change detected
2026-05-30 01:10:27,947 [INFO] 1 change detected
2026-05-30 01:10:28,353 [INFO] 5 changes detected
2026-05-30 01:10:28,758 [INFO] 1 change detected
2026-05-30 01:10:29,165 [INFO] 1 change detected
2026-05-30 01:10:29,572 [INFO] 1 change detected
2026-05-30 01:10:29,930 [INFO] 1 change detected
2026-05-30 01:10:30,339 [INFO] 1 change detected
2026-05-30 01:10:30,747 [INFO] 1 change detected
2026-05-30 01:10:31,156 [INFO] 1 change detected
2026-05-30 01:10:31,563 [INFO] 1 change detected
2026-05-30 01:10:31,972 [INFO] 1 change detected
2026-05-30 01:10:32,377 [INFO] 1 change detected
2026-05-30 01:10:32,782 [INFO] 1 change detected
2026-05-30 01:10:33,237 [INFO] 5 changes detected
2026-05-30 01:10:33,691 [INFO] 1 change detected
2026-05-30 01:10:34,108 [INFO] 1 change detected
2026-05-30 01:10:34,510 [INFO] 1 change detected
2026-05-30 01:10:34,913 [INFO] 1 change detected
2026-05-30 01:10:35,317 [INFO] 1 change detected
2026-05-30 01:10:35,723 [INFO] 1 change detected
2026-05-30 01:10:36,133 [INFO] 1 change detected
2026-05-30 01:10:36,534 [INFO] 1 change detected
2026-05-30 01:10:36,939 [INFO] 1 change detected
2026-05-30 01:10:37,290 [INFO] 1 change detected
2026-05-30 01:10:37,695 [INFO] 1 change detected
2026-05-30 01:10:38,111 [INFO] 1 change detected
2026-05-30 01:10:38,466 [INFO] 4 changes detected
2026-05-30 01:10:38,822 [INFO] 1 change detected
2026-05-30 01:10:39,179 [INFO] 1 change detected
2026-05-30 01:10:39,539 [INFO] 1 change detected
2026-05-30 01:10:39,896 [INFO] 1 change detected
2026-05-30 01:10:40,254 [INFO] 1 change detected
2026-05-30 01:10:40,664 [INFO] 1 change detected
2026-05-30 01:10:41,073 [INFO] 1 change detected
2026-05-30 01:10:41,480 [INFO] 1 change detected
2026-05-30 01:10:41,885 [INFO] 1 change detected
2026-05-30 01:10:42,289 [INFO] 1 change detected
2026-05-30 01:10:42,695 [INFO] 1 change detected
2026-05-30 01:10:43,102 [INFO] 1 change detected
2026-05-30 01:10:43,454 [INFO] 4 changes detected
2026-05-30 01:10:43,809 [INFO] 1 change detected
2026-05-30 01:10:44,163 [INFO] 1 change detected
2026-05-30 01:10:44,521 [INFO] 1 change detected
2026-05-30 01:10:44,880 [INFO] 1 change detected
2026-05-30 01:10:45,288 [INFO] 1 change detected
2026-05-30 01:10:45,698 [INFO] 1 change detected
2026-05-30 01:10:46,100 [INFO] 1 change detected
2026-05-30 01:10:46,509 [INFO] 1 change detected
2026-05-30 01:10:46,917 [INFO] 1 change detected
2026-05-30 01:10:47,274 [INFO] 1 change detected
2026-05-30 01:10:47,683 [INFO] 1 change detected
2026-05-30 01:10:48,090 [INFO] 1 change detected
2026-05-30 01:10:48,443 [INFO] 4 changes detected
2026-05-30 01:10:48,802 [INFO] 1 change detected
2026-05-30 01:10:49,160 [INFO] 1 change detected
2026-05-30 01:10:49,520 [INFO] 1 change detected
2026-05-30 01:10:49,880 [INFO] 1 change detected
2026-05-30 01:10:50,291 [INFO] 1 change detected
2026-05-30 01:10:50,695 [INFO] 1 change detected
2026-05-30 01:10:51,100 [INFO] 1 change detected
2026-05-30 01:10:51,506 [INFO] 1 change detected
2026-05-30 01:10:51,913 [INFO] 1 change detected
2026-05-30 01:10:52,322 [INFO] 1 change detected
2026-05-30 01:10:52,732 [INFO] 1 change detected
2026-05-30 01:10:53,139 [INFO] 1 change detected
2026-05-30 01:10:53,495 [INFO] 4 changes detected
2026-05-30 01:10:53,855 [INFO] 1 change detected
2026-05-30 01:10:54,213 [INFO] 1 change detected
2026-05-30 01:10:54,572 [INFO] 1 change detected
2026-05-30 01:10:54,930 [INFO] 1 change detected
2026-05-30 01:10:55,289 [INFO] 1 change detected
2026-05-30 01:10:55,700 [INFO] 1 change detected
2026-05-30 01:10:56,105 [INFO] 1 change detected
2026-05-30 01:10:56,510 [INFO] 1 change detected
2026-05-30 01:10:56,916 [INFO] 1 change detected
2026-05-30 01:10:57,323 [INFO] 1 change detected
2026-05-30 01:10:57,731 [INFO] 1 change detected
2026-05-30 01:10:58,135 [INFO] 1 change detected
2026-05-30 01:10:58,488 [INFO] 4 changes detected
2026-05-30 01:10:58,849 [INFO] 1 change detected
2026-05-30 01:10:59,203 [INFO] 1 change detected
2026-05-30 01:10:59,564 [INFO] 1 change detected
2026-05-30 01:10:59,972 [INFO] 1 change detected
2026-05-30 01:11:00,330 [INFO] 1 change detected
2026-05-30 01:11:00,739 [INFO] 1 change detected
2026-05-30 01:11:01,195 [INFO] 1 change detected
2026-05-30 01:11:01,598 [INFO] 1 change detected
2026-05-30 01:11:02,002 [INFO] 1 change detected
2026-05-30 01:11:02,410 [INFO] 1 change detected
2026-05-30 01:11:02,819 [INFO] 1 change detected
2026-05-30 01:11:03,278 [INFO] 5 changes detected
2026-05-30 01:11:03,743 [INFO] 1 change detected
2026-05-30 01:11:04,147 [INFO] 1 change detected
2026-05-30 01:11:04,551 [INFO] 1 change detected
2026-05-30 01:11:04,910 [INFO] 1 change detected
2026-05-30 01:11:05,320 [INFO] 1 change detected
2026-05-30 01:11:05,727 [INFO] 1 change detected
2026-05-30 01:11:06,133 [INFO] 1 change detected
2026-05-30 01:11:06,539 [INFO] 1 change detected
2026-05-30 01:11:06,943 [INFO] 1 change detected
2026-05-30 01:11:07,350 [INFO] 1 change detected
2026-05-30 01:11:07,767 [INFO] 1 change detected
2026-05-30 01:11:08,224 [INFO] 5 changes detected
2026-05-30 01:11:08,677 [INFO] 1 change detected
2026-05-30 01:11:09,095 [INFO] 1 change detected
2026-05-30 01:11:09,453 [INFO] 1 change detected
2026-05-30 01:11:09,868 [INFO] 1 change detected
2026-05-30 01:11:10,273 [INFO] 1 change detected
2026-05-30 01:11:10,679 [INFO] 1 change detected
2026-05-30 01:11:11,084 [INFO] 1 change detected
2026-05-30 01:11:11,490 [INFO] 1 change detected
2026-05-30 01:11:11,895 [INFO] 1 change detected
2026-05-30 01:11:12,302 [INFO] 1 change detected
2026-05-30 01:11:12,708 [INFO] 1 change detected
2026-05-30 01:11:13,161 [INFO] 1 change detected
2026-05-30 01:11:13,513 [INFO] 4 changes detected
2026-05-30 01:11:13,873 [INFO] 1 change detected
2026-05-30 01:11:14,228 [INFO] 1 change detected
2026-05-30 01:11:14,586 [INFO] 1 change detected
2026-05-30 01:11:14,998 [INFO] 1 change detected
2026-05-30 01:11:15,357 [INFO] 1 change detected
2026-05-30 01:11:15,766 [INFO] 1 change detected
2026-05-30 01:11:16,276 [INFO] 1 change detected
2026-05-30 01:11:16,693 [INFO] 1 change detected
2026-05-30 01:11:17,094 [INFO] 1 change detected
2026-05-30 01:11:17,497 [INFO] 1 change detected
2026-05-30 01:11:17,905 [INFO] 1 change detected
2026-05-30 01:11:18,361 [INFO] 5 changes detected
2026-05-30 01:11:18,777 [INFO] 1 change detected
2026-05-30 01:11:19,183 [INFO] 1 change detected
2026-05-30 01:11:19,588 [INFO] 1 change detected
2026-05-30 01:11:19,992 [INFO] 1 change detected
2026-05-30 01:11:20,397 [INFO] 1 change detected
2026-05-30 01:11:20,805 [INFO] 1 change detected
2026-05-30 01:11:21,209 [INFO] 1 change detected
2026-05-30 01:11:21,617 [INFO] 1 change detected
2026-05-30 01:11:22,027 [INFO] 1 change detected
2026-05-30 01:11:22,435 [INFO] 1 change detected
2026-05-30 01:11:22,842 [INFO] 1 change detected
2026-05-30 01:11:23,245 [INFO] 5 changes detected
2026-05-30 01:11:23,702 [INFO] 1 change detected
2026-05-30 01:11:24,170 [INFO] 1 change detected
2026-05-30 01:11:24,575 [INFO] 1 change detected
2026-05-30 01:11:24,983 [INFO] 1 change detected
2026-05-30 01:11:25,343 [INFO] 1 change detected
2026-05-30 01:11:25,754 [INFO] 1 change detected
2026-05-30 01:11:26,159 [INFO] 1 change detected
2026-05-30 01:11:26,564 [INFO] 1 change detected
2026-05-30 01:11:26,968 [INFO] 1 change detected
2026-05-30 01:11:27,374 [INFO] 1 change detected
2026-05-30 01:11:27,781 [INFO] 1 change detected
2026-05-30 01:11:28,238 [INFO] 5 changes detected
2026-05-30 01:11:28,655 [INFO] 1 change detected
2026-05-30 01:11:29,062 [INFO] 1 change detected
2026-05-30 01:11:29,467 [INFO] 1 change detected
2026-05-30 01:11:29,875 [INFO] 1 change detected
2026-05-30 01:11:30,280 [INFO] 1 change detected
2026-05-30 01:11:30,684 [INFO] 1 change detected
2026-05-30 01:11:31,087 [INFO] 1 change detected
2026-05-30 01:11:31,491 [INFO] 1 change detected
2026-05-30 01:11:31,898 [INFO] 1 change detected
2026-05-30 01:11:32,264 [INFO] 1 change detected
2026-05-30 01:11:32,672 [INFO] 1 change detected
2026-05-30 01:11:33,075 [INFO] 1 change detected
2026-05-30 01:11:33,429 [INFO] 4 changes detected
2026-05-30 01:11:33,786 [INFO] 1 change detected
2026-05-30 01:11:34,143 [INFO] 1 change detected
2026-05-30 01:11:34,499 [INFO] 1 change detected
2026-05-30 01:11:34,908 [INFO] 1 change detected
2026-05-30 01:11:35,314 [INFO] 1 change detected
2026-05-30 01:11:35,719 [INFO] 1 change detected
2026-05-30 01:11:36,126 [INFO] 1 change detected
2026-05-30 01:11:36,531 [INFO] 1 change detected
2026-05-30 01:11:36,934 [INFO] 1 change detected
2026-05-30 01:11:37,342 [INFO] 1 change detected
2026-05-30 01:11:37,746 [INFO] 1 change detected
2026-05-30 01:11:38,152 [INFO] 1 change detected
2026-05-30 01:11:38,507 [INFO] 4 changes detected
2026-05-30 01:11:38,866 [INFO] 1 change detected
2026-05-30 01:11:39,226 [INFO] 1 change detected
2026-05-30 01:11:39,587 [INFO] 1 change detected
2026-05-30 01:11:40,000 [INFO] 1 change detected
2026-05-30 01:11:40,405 [INFO] 1 change detected
2026-05-30 01:11:40,762 [INFO] 1 change detected
2026-05-30 01:11:41,173 [INFO] 1 change detected
2026-05-30 01:11:41,580 [INFO] 1 change detected
2026-05-30 01:11:41,986 [INFO] 1 change detected
2026-05-30 01:11:42,395 [INFO] 1 change detected
2026-05-30 01:11:42,804 [INFO] 1 change detected
2026-05-30 01:11:43,211 [INFO] 1 change detected
2026-05-30 01:11:43,567 [INFO] 4 changes detected
2026-05-30 01:11:43,928 [INFO] 1 change detected
2026-05-30 01:11:44,286 [INFO] 1 change detected
2026-05-30 01:11:44,643 [INFO] 1 change detected
2026-05-30 01:11:45,001 [INFO] 1 change detected
2026-05-30 01:11:45,409 [INFO] 1 change detected
2026-05-30 01:11:45,814 [INFO] 1 change detected
2026-05-30 01:11:46,219 [INFO] 1 change detected
2026-05-30 01:11:46,625 [INFO] 1 change detected
2026-05-30 01:11:47,031 [INFO] 1 change detected
2026-05-30 01:11:47,437 [INFO] 1 change detected
2026-05-30 01:11:47,842 [INFO] 1 change detected
2026-05-30 01:11:48,248 [INFO] 5 changes detected
2026-05-30 01:11:48,652 [INFO] 1 change detected
2026-05-30 01:11:49,059 [INFO] 1 change detected
2026-05-30 01:11:49,463 [INFO] 1 change detected
2026-05-30 01:11:49,868 [INFO] 1 change detected
2026-05-30 01:11:50,270 [INFO] 1 change detected
2026-05-30 01:11:50,685 [INFO] 1 change detected
2026-05-30 01:11:51,101 [INFO] 1 change detected
2026-05-30 01:11:51,506 [INFO] 1 change detected
2026-05-30 01:11:51,909 [INFO] 1 change detected
2026-05-30 01:11:52,312 [INFO] 1 change detected
2026-05-30 01:11:52,716 [INFO] 1 change detected
2026-05-30 01:11:53,121 [INFO] 1 change detected
2026-05-30 01:11:53,476 [INFO] 4 changes detected
2026-05-30 01:11:53,833 [INFO] 1 change detected
2026-05-30 01:11:54,194 [INFO] 1 change detected
2026-05-30 01:11:54,553 [INFO] 1 change detected
2026-05-30 01:11:54,912 [INFO] 1 change detected
2026-05-30 01:11:55,272 [INFO] 1 change detected
2026-05-30 01:11:55,681 [INFO] 1 change detected
2026-05-30 01:11:56,084 [INFO] 1 change detected
2026-05-30 01:11:56,491 [INFO] 1 change detected
2026-05-30 01:11:56,896 [INFO] 1 change detected
2026-05-30 01:11:57,300 [INFO] 1 change detected
2026-05-30 01:11:57,707 [INFO] 1 change detected
2026-05-30 01:11:58,113 [INFO] 1 change detected
2026-05-30 01:11:58,468 [INFO] 4 changes detected
2026-05-30 01:11:58,826 [INFO] 1 change detected
2026-05-30 01:11:59,183 [INFO] 1 change detected
2026-05-30 01:11:59,543 [INFO] 1 change detected
2026-05-30 01:11:59,952 [INFO] 1 change detected
2026-05-30 01:12:00,308 [INFO] 1 change detected
2026-05-30 01:12:00,718 [INFO] 1 change detected
2026-05-30 01:12:01,127 [INFO] 1 change detected
2026-05-30 01:12:01,534 [INFO] 1 change detected
2026-05-30 01:12:01,940 [INFO] 1 change detected
2026-05-30 01:12:02,346 [INFO] 1 change detected
2026-05-30 01:12:02,750 [INFO] 1 change detected
2026-05-30 01:12:03,158 [INFO] 1 change detected
2026-05-30 01:12:03,513 [INFO] 4 changes detected
2026-05-30 01:12:03,871 [INFO] 1 change detected
2026-05-30 01:12:04,228 [INFO] 1 change detected
2026-05-30 01:12:04,587 [INFO] 1 change detected
2026-05-30 01:12:04,943 [INFO] 1 change detected
2026-05-30 01:12:05,355 [INFO] 1 change detected
2026-05-30 01:12:05,763 [INFO] 1 change detected
2026-05-30 01:12:06,164 [INFO] 1 change detected
2026-05-30 01:12:06,571 [INFO] 1 change detected
2026-05-30 01:12:06,980 [INFO] 1 change detected
2026-05-30 01:12:07,381 [INFO] 1 change detected
2026-05-30 01:12:07,789 [INFO] 1 change detected
2026-05-30 01:12:08,192 [INFO] 1 change detected
2026-05-30 01:12:08,544 [INFO] 4 changes detected
2026-05-30 01:12:08,902 [INFO] 1 change detected
2026-05-30 01:12:09,259 [INFO] 1 change detected
2026-05-30 01:12:09,615 [INFO] 1 change detected
2026-05-30 01:12:09,971 [INFO] 1 change detected
2026-05-30 01:12:10,377 [INFO] 1 change detected
2026-05-30 01:12:10,785 [INFO] 1 change detected
2026-05-30 01:12:11,190 [INFO] 1 change detected
2026-05-30 01:12:11,593 [INFO] 1 change detected
2026-05-30 01:12:11,949 [INFO] 1 change detected
2026-05-30 01:12:12,359 [INFO] 1 change detected
2026-05-30 01:12:12,764 [INFO] 1 change detected
2026-05-30 01:12:13,169 [INFO] 1 change detected
2026-05-30 01:12:13,522 [INFO] 4 changes detected
2026-05-30 01:12:13,881 [INFO] 1 change detected
2026-05-30 01:12:14,244 [INFO] 1 change detected
2026-05-30 01:12:14,601 [INFO] 1 change detected
2026-05-30 01:12:15,011 [INFO] 1 change detected
2026-05-30 01:12:15,369 [INFO] 1 change detected
2026-05-30 01:12:15,777 [INFO] 1 change detected
2026-05-30 01:12:16,181 [INFO] 1 change detected
2026-05-30 01:12:16,587 [INFO] 1 change detected
2026-05-30 01:12:16,993 [INFO] 1 change detected
2026-05-30 01:12:17,398 [INFO] 1 change detected
2026-05-30 01:12:17,800 [INFO] 1 change detected
2026-05-30 01:12:18,255 [INFO] 5 changes detected
2026-05-30 01:12:18,672 [INFO] 1 change detected
2026-05-30 01:12:19,077 [INFO] 1 change detected
2026-05-30 01:12:19,481 [INFO] 1 change detected
2026-05-30 01:12:19,889 [INFO] 1 change detected
2026-05-30 01:12:20,296 [INFO] 1 change detected
2026-05-30 01:12:20,703 [INFO] 1 change detected
2026-05-30 01:12:21,106 [INFO] 1 change detected
2026-05-30 01:12:21,511 [INFO] 1 change detected
2026-05-30 01:12:21,914 [INFO] 1 change detected
2026-05-30 01:12:22,318 [INFO] 1 change detected
2026-05-30 01:12:22,676 [INFO] 1 change detected
2026-05-30 01:12:23,084 [INFO] 1 change detected
2026-05-30 01:12:23,450 [INFO] 4 changes detected
2026-05-30 01:12:23,808 [INFO] 1 change detected
2026-05-30 01:12:24,166 [INFO] 1 change detected
2026-05-30 01:12:24,528 [INFO] 1 change detected
2026-05-30 01:12:24,938 [INFO] 1 change detected
2026-05-30 01:12:25,345 [INFO] 1 change detected
2026-05-30 01:12:25,752 [INFO] 1 change detected
2026-05-30 01:12:26,156 [INFO] 1 change detected
2026-05-30 01:12:26,561 [INFO] 1 change detected
2026-05-30 01:12:26,918 [INFO] 1 change detected
2026-05-30 01:12:27,332 [INFO] 1 change detected
2026-05-30 01:12:27,739 [INFO] 1 change detected
2026-05-30 01:12:28,143 [INFO] 1 change detected
2026-05-30 01:12:28,497 [INFO] 4 changes detected
2026-05-30 01:12:28,856 [INFO] 1 change detected
2026-05-30 01:12:29,219 [INFO] 1 change detected
2026-05-30 01:12:29,576 [INFO] 1 change detected
2026-05-30 01:12:29,937 [INFO] 1 change detected
2026-05-30 01:12:30,298 [INFO] 1 change detected
2026-05-30 01:12:30,708 [INFO] 1 change detected
2026-05-30 01:12:31,113 [INFO] 1 change detected
2026-05-30 01:12:31,517 [INFO] 1 change detected
2026-05-30 01:12:31,922 [INFO] 1 change detected
2026-05-30 01:12:32,325 [INFO] 1 change detected
2026-05-30 01:12:32,728 [INFO] 1 change detected
2026-05-30 01:12:33,131 [INFO] 1 change detected
2026-05-30 01:12:33,536 [INFO] 1 change detected
2026-05-30 01:12:33,942 [INFO] 1 change detected
2026-05-30 01:12:34,347 [INFO] 1 change detected
2026-05-30 01:12:34,751 [INFO] 1 change detected
2026-05-30 01:12:35,160 [INFO] 1 change detected
2026-05-30 01:12:35,563 [INFO] 1 change detected
2026-05-30 01:12:35,966 [INFO] 1 change detected
2026-05-30 01:12:36,373 [INFO] 1 change detected
2026-05-30 01:12:36,776 [INFO] 1 change detected
2026-05-30 01:12:37,181 [INFO] 1 change detected
2026-05-30 01:12:37,585 [INFO] 1 change detected
2026-05-30 01:12:37,989 [INFO] 1 change detected
2026-05-30 01:12:38,395 [INFO] 1 change detected
2026-05-30 01:12:38,800 [INFO] 1 change detected
2026-05-30 01:12:39,207 [INFO] 1 change detected
2026-05-30 01:12:39,567 [INFO] 1 change detected
2026-05-30 01:12:39,979 [INFO] 1 change detected
2026-05-30 01:12:40,386 [INFO] 1 change detected
2026-05-30 01:12:40,795 [INFO] 1 change detected
2026-05-30 01:12:41,200 [INFO] 1 change detected
2026-05-30 01:12:41,608 [INFO] 1 change detected
2026-05-30 01:12:42,016 [INFO] 1 change detected
