id,timestamp,pm25,pm10,temp,hum,mq,gps_fix,lat,lng
1,2026-06-13 06:05:08,32.2,37.4,30.6,79.0,751.3,0,0.0,0.0
2,2026-06-13 06:05:13,32.7,37.8,30.6,79.1,661.6,0,0.0,0.0
3,2026-06-13 06:05:18,32.4,37.9,30.6,79.0,624.4,0,0.0,0.0
4,2026-06-13 06:05:23,32.2,37.4,30.6,78.9,579.8,0,0.0,0.0
5,2026-06-13 06:05:28,32.1,37.2,30.6,78.9,564.1,0,0.0,0.0
6,2026-06-13 06:05:33,31.8,37.1,30.6,78.8,554.2,0,0.0,0.0
7,2026-06-13 06:05:38,31.4,37.0,30.6,78.7,548.7,0,0.0,0.0
8,2026-06-13 06:05:43,31.2,37.0,30.6,78.8,543.0,0,0.0,0.0
9,2026-06-13 06:05:48,31.1,37.0,30.6,78.7,545.7,0,0.0,0.0
10,2026-06-13 06:05:53,31.0,37.0,30.6,78.7,545.5,0,0.0,0.0
11,2026-06-13 06:05:58,31.5,37.0,30.6,78.9,545.3,0,0.0,0.0
12,2026-06-13 06:06:03,31.8,37.0,30.6,78.8,546.0,0,0.0,0.0
13,2026-06-13 06:06:08,31.9,37.0,30.6,78.9,542.7,0,0.0,0.0
14,2026-06-13 06:06:13,31.9,37.0,30.6,78.8,547.5,0,0.0,0.0
15,2026-06-13 06:06:18,32.0,37.0,30.6,78.8,549.8,0,0.0,0.0
16,2026-06-13 06:06:23,32.0,37.3,30.6,78.8,552.7,0,0.0,0.0
17,2026-06-13 06:06:28,32.0,37.2,30.6,78.9,554.6,0,0.0,0.0
18,2026-06-13 06:06:33,32.0,37.1,30.6,78.8,557.3,0,0.0,0.0
19,2026-06-13 06:06:38,32.0,37.0,30.6,78.8,556.8,0,0.0,0.0
20,2026-06-13 06:06:43,32.0,37.0,30.6,79.0,555.9,0,0.0,0.0
21,2026-06-13 06:06:48,31.6,36.8,30.6,79.0,556.1,0,0.0,0.0
22,2026-06-13 06:06:53,30.7,35.2,30.6,78.9,555.2,0,0.0,0.0
23,2026-06-13 06:06:58,30.4,34.7,30.6,78.9,554.0,0,0.0,0.0
24,2026-06-13 06:07:03,30.7,35.9,30.6,78.9,551.0,0,0.0,0.0
25,2026-06-13 06:07:08,30.9,36.4,30.6,78.9,549.0,0,0.0,0.0
26,2026-06-13 06:07:13,31.5,37.0,30.6,78.8,540.2,0,0.0,0.0
27,2026-06-13 06:07:18,31.7,37.4,30.6,79.0,541.5,0,0.0,0.0
28,2026-06-13 06:07:23,31.3,37.4,30.6,79.1,548.6,0,0.0,0.0
29,2026-06-13 06:07:28,31.6,37.7,30.6,79.0,551.9,0,0.0,0.0
30,2026-06-13 06:07:33,31.4,37.4,30.6,79.0,553.1,0,0.0,0.0
31,2026-06-13 06:07:38,31.2,37.2,30.6,78.9,553.4,0,0.0,0.0
32,2026-06-13 06:07:43,31.1,37.1,30.7,78.9,554.5,0,0.0,0.0
33,2026-06-13 06:07:48,31.1,37.1,30.6,79.0,550.4,0,0.0,0.0
34,2026-06-13 06:07:53,31.0,36.4,30.6,78.9,550.6,0,0.0,0.0
35,2026-06-13 06:07:58,31.0,36.3,30.6,78.9,549.3,0,0.0,0.0
36,2026-06-13 06:08:03,31.4,37.6,30.7,78.9,549.0,0,0.0,0.0
37,2026-06-13 06:08:08,31.7,37.9,30.6,79.0,547.1,0,0.0,0.0
38,2026-06-13 06:08:13,31.9,38.0,30.6,79.0,545.9,0,0.0,0.0
39,2026-06-13 06:08:18,31.9,38.0,30.6,79.0,541.1,0,0.0,0.0
40,2026-06-13 06:08:23,32.0,38.0,30.6,78.9,541.4,0,0.0,0.0
41,2026-06-13 06:08:28,32.0,37.7,30.7,78.9,542.0,0,0.0,0.0
42,2026-06-13 06:08:33,32.0,37.3,30.6,78.9,540.9,0,0.0,0.0
43,2026-06-13 06:08:38,32.0,37.2,30.7,79.0,541.9,0,0.0,0.0
44,2026-06-13 06:08:43,32.0,37.3,30.6,79.1,540.3,0,0.0,0.0
45,2026-06-13 06:08:48,32.0,37.6,30.6,79.0,539.2,0,0.0,0.0
46,2026-06-13 06:08:53,32.0,37.8,30.6,78.9,535.1,0,0.0,0.0
47,2026-06-13 06:08:58,32.0,37.9,30.6,79.0,535.0,0,0.0,0.0
48,2026-06-13 06:09:03,32.0,37.4,30.6,79.0,535.1,0,0.0,0.0
49,2026-06-13 06:09:08,31.6,37.2,30.7,78.9,535.3,0,0.0,0.0
50,2026-06-13 06:09:13,31.8,37.1,30.6,78.9,536.0,0,0.0,0.0
51,2026-06-13 06:09:18,31.9,37.5,30.6,78.9,535.6,0,0.0,0.0
52,2026-06-13 06:09:23,31.4,37.2,30.6,78.9,531.3,0,0.0,0.0
53,2026-06-13 06:09:28,31.2,37.1,30.6,78.9,531.7,0,0.0,0.0
54,2026-06-13 06:09:33,31.5,37.3,30.6,78.9,531.3,0,0.0,0.0
55,2026-06-13 06:09:38,31.7,37.6,30.6,78.8,529.5,0,0.0,0.0
56,2026-06-13 06:09:43,32.5,38.4,30.6,78.9,528.2,0,0.0,0.0
57,2026-06-13 06:09:48,32.7,38.7,30.6,78.9,527.6,0,0.0,0.0
58,2026-06-13 06:09:53,32.3,38.4,30.6,79.0,522.2,0,0.0,0.0
59,2026-06-13 06:09:58,32.2,38.2,30.6,79.0,521.7,0,0.0,0.0
60,2026-06-13 06:10:03,32.1,37.7,30.6,78.9,518.3,0,0.0,0.0
61,2026-06-13 06:10:08,32.0,37.4,30.6,79.0,518.7,0,0.0,0.0
62,2026-06-13 06:10:13,32.0,37.7,30.7,78.9,517.5,0,0.0,0.0
63,2026-06-13 06:10:18,32.0,37.4,30.6,78.9,513.9,0,0.0,0.0
64,2026-06-13 06:10:23,31.4,36.0,30.6,79.0,507.0,0,0.0,0.0
65,2026-06-13 06:10:28,31.2,35.6,30.6,79.0,500.5,0,0.0,0.0
66,2026-06-13 06:10:33,31.1,35.8,30.6,79.0,499.7,0,0.0,0.0
67,2026-06-13 06:10:38,31.1,35.9,30.6,79.0,502.7,0,0.0,0.0
68,2026-06-13 06:10:43,31.6,36.5,30.6,79.0,505.1,0,0.0,0.0
69,2026-06-13 06:10:48,31.8,36.7,30.6,79.0,506.3,0,0.0,0.0
70,2026-06-13 06:10:53,31.9,36.9,30.6,79.0,505.2,0,0.0,0.0
71,2026-06-13 06:10:58,31.9,37.2,30.6,79.0,503.0,0,0.0,0.0
72,2026-06-13 06:11:03,32.0,37.1,30.6,79.0,504.1,0,0.0,0.0
73,2026-06-13 06:11:08,32.0,37.0,30.6,79.0,505.2,0,0.0,0.0
74,2026-06-13 06:11:13,32.0,37.0,30.6,79.1,505.3,0,0.0,0.0
75,2026-06-13 06:11:18,31.6,37.0,30.6,79.1,504.5,0,0.0,0.0
76,2026-06-13 06:11:23,31.2,36.4,30.6,79.1,502.9,0,0.0,0.0
77,2026-06-13 06:11:28,31.1,36.5,30.5,79.1,504.1,0,0.0,0.0
78,2026-06-13 06:11:33,31.6,36.8,30.6,79.1,502.7,0,0.0,0.0
79,2026-06-13 06:11:38,31.5,36.9,30.5,79.1,504.0,0,0.0,0.0
80,2026-06-13 06:11:43,31.7,36.8,30.6,79.1,504.9,0,0.0,0.0
81,2026-06-13 06:11:48,31.8,36.9,30.6,79.1,506.3,0,0.0,0.0
82,2026-06-13 06:11:53,31.9,37.0,30.6,79.2,504.9,0,0.0,0.0
83,2026-06-13 06:11:58,31.5,37.0,30.6,79.2,504.3,0,0.0,0.0
84,2026-06-13 06:12:03,31.2,37.0,30.5,79.2,502.0,0,0.0,0.0
85,2026-06-13 06:12:08,31.1,37.0,30.5,79.2,502.5,0,0.0,0.0
86,2026-06-13 06:12:13,31.1,37.0,30.5,79.2,502.7,0,0.0,0.0
87,2026-06-13 06:12:18,31.0,37.0,30.5,79.2,502.7,0,0.0,0.0
88,2026-06-13 06:12:23,31.0,37.0,30.5,79.2,502.0,0,0.0,0.0
89,2026-06-13 06:12:28,31.0,37.0,30.6,79.2,502.9,0,0.0,0.0
90,2026-06-13 06:12:33,31.6,37.0,30.5,79.2,502.9,0,0.0,0.0
91,2026-06-13 06:12:38,31.3,36.6,30.5,79.2,500.1,0,0.0,0.0
92,2026-06-13 06:12:43,31.1,36.2,30.5,79.3,501.0,0,0.0,0.0
93,2026-06-13 06:12:48,31.1,36.1,30.5,79.3,500.8,0,0.0,0.0
94,2026-06-13 06:12:53,31.0,36.1,30.5,79.4,500.0,0,0.0,0.0
95,2026-06-13 06:12:58,31.0,36.0,30.5,79.3,500.6,0,0.0,0.0
96,2026-06-13 06:13:03,31.0,36.0,30.5,79.4,500.4,0,0.0,0.0
97,2026-06-13 06:13:08,31.0,36.0,30.5,79.4,498.4,0,0.0,0.0
98,2026-06-13 06:13:13,31.6,36.8,30.5,79.3,499.2,0,0.0,0.0
99,2026-06-13 06:13:18,32.2,37.3,30.5,79.3,498.1,0,0.0,0.0
100,2026-06-13 06:13:23,32.7,37.3,30.5,79.4,491.6,0,0.0,0.0
101,2026-06-13 06:13:28,32.8,37.2,30.5,79.4,486.2,0,0.0,0.0
102,2026-06-13 06:13:33,32.9,37.6,30.5,79.4,491.9,0,0.0,0.0
103,2026-06-13 06:13:38,33.0,37.8,30.5,79.5,494.7,0,0.0,0.0
104,2026-06-13 06:13:43,32.4,37.3,30.5,79.4,495.8,0,0.0,0.0
105,2026-06-13 06:13:48,32.2,37.2,30.5,79.5,495.9,0,0.0,0.0
106,2026-06-13 06:13:53,32.1,36.5,30.5,79.5,488.7,0,0.0,0.0
107,2026-06-13 06:13:58,32.1,36.3,30.5,79.5,491.1,0,0.0,0.0
108,2026-06-13 06:14:03,32.0,36.7,30.5,79.5,494.5,0,0.0,0.0
109,2026-06-13 06:14:08,32.0,36.8,30.5,79.5,494.9,0,0.0,0.0
110,2026-06-13 06:14:13,32.0,36.9,30.5,79.5,489.2,0,0.0,0.0
111,2026-06-13 06:14:18,32.0,37.0,30.5,79.5,490.7,0,0.0,0.0
112,2026-06-13 06:14:23,32.0,37.0,30.5,79.5,491.9,0,0.0,0.0
113,2026-06-13 06:14:28,32.0,37.0,30.5,79.5,492.8,0,0.0,0.0
114,2026-06-13 06:14:33,32.0,37.6,30.5,79.5,493.7,0,0.0,0.0
115,2026-06-13 06:14:38,32.0,37.8,30.5,79.5,492.7,0,0.0,0.0
116,2026-06-13 06:14:43,32.0,37.8,30.5,79.5,487.7,0,0.0,0.0
117,2026-06-13 06:14:48,32.0,37.9,30.5,79.5,489.2,0,0.0,0.0
118,2026-06-13 06:14:53,32.6,37.9,30.5,79.5,490.2,0,0.0,0.0
119,2026-06-13 06:14:58,32.8,38.0,30.5,79.5,487.0,0,0.0,0.0
120,2026-06-13 06:15:03,32.9,38.0,30.5,79.5,489.1,0,0.0,0.0
121,2026-06-13 06:15:08,32.9,38.0,30.5,79.6,489.4,0,0.0,0.0
122,2026-06-13 06:15:13,33.0,38.0,30.5,79.6,490.2,0,0.0,0.0
123,2026-06-13 06:15:18,33.0,38.0,30.5,79.6,487.6,0,0.0,0.0
124,2026-06-13 06:15:23,32.4,37.4,30.5,79.6,489.9,0,0.0,0.0
125,2026-06-13 06:15:28,32.2,37.0,30.5,79.6,489.5,0,0.0,0.0
126,2026-06-13 06:15:33,32.5,37.1,30.4,79.7,489.2,0,0.0,0.0
127,2026-06-13 06:15:38,32.7,37.5,30.4,79.7,491.4,0,0.0,0.0
128,2026-06-13 06:15:43,32.9,38.4,30.4,79.7,492.8,0,0.0,0.0
129,2026-06-13 06:15:48,32.9,38.2,30.4,79.7,489.5,0,0.0,0.0
130,2026-06-13 06:15:53,33.0,38.1,30.4,79.7,491.7,0,0.0,0.0
131,2026-06-13 06:15:58,33.0,38.0,30.4,79.7,493.3,0,0.0,0.0
132,2026-06-13 06:16:03,32.7,37.8,30.5,79.7,492.4,0,0.0,0.0
133,2026-06-13 06:16:08,32.4,37.4,30.4,79.7,491.8,0,0.0,0.0
134,2026-06-13 06:16:13,32.2,37.2,30.4,79.7,488.7,0,0.0,0.0
135,2026-06-13 06:16:18,32.1,37.1,30.4,79.7,474.4,0,0.0,0.0
136,2026-06-13 06:16:23,32.5,37.6,30.5,79.7,483.8,0,0.0,0.0
137,2026-06-13 06:16:28,32.7,37.8,30.4,79.7,489.4,0,0.0,0.0
138,2026-06-13 06:16:33,32.3,37.9,30.4,79.8,491.7,0,0.0,0.0
139,2026-06-13 06:16:38,32.2,37.9,30.4,79.8,493.8,0,0.0,0.0
140,2026-06-13 06:16:43,32.6,38.0,30.4,79.7,494.5,0,0.0,0.0
141,2026-06-13 06:16:48,32.8,38.0,30.4,79.8,493.4,0,0.0,0.0
142,2026-06-13 06:16:53,32.9,38.0,30.4,79.8,473.2,0,0.0,0.0
143,2026-06-13 06:16:58,33.0,38.0,30.4,79.8,475.4,0,0.0,0.0
144,2026-06-13 06:17:03,33.0,38.0,30.4,79.8,486.8,0,0.0,0.0
145,2026-06-13 06:17:08,33.0,38.0,30.4,79.9,491.9,0,0.0,0.0
146,2026-06-13 06:17:13,32.4,37.4,30.4,79.8,494.6,0,0.0,0.0
147,2026-06-13 06:17:18,32.2,37.2,30.4,79.9,494.6,0,0.0,0.0
148,2026-06-13 06:17:23,32.1,37.1,30.4,79.9,494.5,0,0.0,0.0
149,2026-06-13 06:17:28,32.1,37.1,30.4,79.9,488.9,0,0.0,0.0
150,2026-06-13 06:17:33,32.6,37.6,30.4,79.9,488.5,0,0.0,0.0
151,2026-06-13 06:17:38,32.8,38.0,30.4,80.0,486.4,0,0.0,0.0
152,2026-06-13 06:17:43,32.9,38.6,30.4,79.9,473.5,0,0.0,0.0
153,2026-06-13 06:17:48,32.9,38.8,30.4,80.0,472.9,0,0.0,0.0
154,2026-06-13 06:17:53,33.6,39.3,30.4,80.0,471.6,0,0.0,0.0
155,2026-06-13 06:17:58,33.5,39.6,30.4,79.9,470.8,0,0.0,0.0
156,2026-06-13 06:18:03,33.2,38.8,30.4,79.9,472.4,0,0.0,0.0
157,2026-06-13 06:18:08,32.7,38.5,30.4,79.9,476.9,0,0.0,0.0
158,2026-06-13 06:18:13,32.9,38.8,30.4,79.9,474.2,0,0.0,0.0
159,2026-06-13 06:18:18,32.9,38.9,30.5,79.9,477.0,0,0.0,0.0
160,2026-06-13 06:18:23,33.0,38.4,30.4,79.8,481.9,0,0.0,0.0
161,2026-06-13 06:18:28,33.0,38.2,30.4,79.8,483.0,0,0.0,0.0
162,2026-06-13 06:18:33,33.0,38.1,30.4,79.8,481.1,0,0.0,0.0
163,2026-06-13 06:18:38,33.0,38.5,30.4,79.9,487.2,0,0.0,0.0
164,2026-06-13 06:18:43,33.6,38.8,30.4,79.8,483.7,0,0.0,0.0
165,2026-06-13 06:18:48,33.8,39.1,30.5,79.8,486.6,0,0.0,0.0
166,2026-06-13 06:18:53,33.9,39.3,30.5,79.8,493.1,0,0.0,0.0
167,2026-06-13 06:18:58,33.9,39.6,30.5,79.9,493.5,0,0.0,0.0
168,2026-06-13 06:19:03,33.4,39.3,30.4,79.8,492.0,0,0.0,0.0
169,2026-06-13 06:19:08,33.2,39.1,30.4,79.8,495.5,0,0.0,0.0
170,2026-06-13 06:19:13,32.5,38.0,30.4,79.8,498.1,0,0.0,0.0
171,2026-06-13 06:19:18,32.5,38.1,30.4,79.9,501.9,0,0.0,0.0
172,2026-06-13 06:19:23,32.8,38.6,30.4,79.8,506.1,0,0.0,0.0
173,2026-06-13 06:19:28,32.9,39.0,30.4,79.9,514.2,0,0.0,0.0
174,2026-06-13 06:19:33,33.4,39.6,30.4,79.9,505.6,0,0.0,0.0
175,2026-06-13 06:19:38,33.7,39.8,30.4,79.9,504.1,0,0.0,0.0
176,2026-06-13 06:19:43,33.9,39.9,30.4,79.9,501.4,0,0.0,0.0
177,2026-06-13 06:19:48,33.9,39.7,30.5,79.9,502.4,0,0.0,0.0
178,2026-06-13 06:19:53,33.7,39.3,30.4,80.0,505.3,0,0.0,0.0
179,2026-06-13 06:19:58,33.4,38.9,30.4,79.9,503.9,0,0.0,0.0
180,2026-06-13 06:20:03,33.7,39.4,30.4,79.9,513.1,0,0.0,0.0
181,2026-06-13 06:20:08,33.9,40.1,30.4,79.9,505.2,0,0.0,0.0
182,2026-06-13 06:20:13,33.9,40.6,30.4,79.9,500.9,0,0.0,0.0
183,2026-06-13 06:20:18,34.4,40.8,30.4,79.9,510.7,0,0.0,0.0
184,2026-06-13 06:20:23,34.7,40.9,30.4,80.0,508.3,0,0.0,0.0
185,2026-06-13 06:20:28,34.9,40.9,30.4,80.0,506.3,0,0.0,0.0
186,2026-06-13 06:20:33,34.5,41.0,30.4,80.0,515.5,0,0.0,0.0
187,2026-06-13 06:20:38,34.3,41.0,30.4,80.0,515.2,0,0.0,0.0
188,2026-06-13 06:20:43,33.9,39.8,30.4,80.0,496.9,0,0.0,0.0
189,2026-06-13 06:20:48,33.5,39.5,30.4,80.0,493.9,0,0.0,0.0
190,2026-06-13 06:20:53,33.8,39.2,30.4,80.0,497.3,0,0.0,0.0
191,2026-06-13 06:20:58,33.9,39.1,30.4,80.0,494.5,0,0.0,0.0
192,2026-06-13 06:21:03,33.9,39.6,30.4,80.1,507.5,0,0.0,0.0
193,2026-06-13 06:21:08,34.0,39.8,30.4,80.1,516.4,0,0.0,0.0
194,2026-06-13 06:21:13,34.0,40.1,30.4,80.0,502.4,0,0.0,0.0
195,2026-06-13 06:21:18,34.0,40.0,30.4,80.0,492.4,0,0.0,0.0
196,2026-06-13 06:21:23,34.6,40.6,30.4,80.0,495.5,0,0.0,0.0
197,2026-06-13 06:21:28,34.8,40.8,30.4,80.0,498.3,0,0.0,0.0
198,2026-06-13 06:21:33,34.3,40.3,30.4,80.1,489.8,0,0.0,0.0
199,2026-06-13 06:21:38,34.2,40.2,30.4,80.0,504.2,0,0.0,0.0
200,2026-06-13 06:21:43,34.1,40.1,30.4,80.0,544.9,0,0.0,0.0
201,2026-06-13 06:21:48,34.0,40.0,30.4,80.0,543.6,0,0.0,0.0
202,2026-06-13 06:21:53,33.4,39.4,30.4,80.0,641.7,0,0.0,0.0
203,2026-06-13 06:21:58,33.2,39.2,30.4,80.0,689.7,0,0.0,0.0
204,2026-06-13 06:22:03,33.7,39.1,30.4,80.0,713.8,0,0.0,0.0
205,2026-06-13 06:22:08,33.8,39.1,30.4,80.1,721.3,0,0.0,0.0
206,2026-06-13 06:22:13,33.9,39.6,30.4,80.1,711.7,0,0.0,0.0
207,2026-06-13 06:22:18,34.0,39.8,30.4,80.0,621.1,0,0.0,0.0
208,2026-06-13 06:22:23,34.0,39.3,30.4,80.0,525.0,0,0.0,0.0
209,2026-06-13 06:22:28,34.0,39.2,30.4,80.0,457.0,0,0.0,0.0
210,2026-06-13 06:22:33,33.7,39.1,30.5,79.9,389.6,0,0.0,0.0
211,2026-06-13 06:22:38,33.4,39.0,30.4,80.0,361.9,0,0.0,0.0
212,2026-06-13 06:22:43,33.8,39.0,30.4,80.0,333.1,0,0.0,0.0
213,2026-06-13 06:22:48,33.9,39.0,30.5,80.0,321.3,0,0.0,0.0
214,2026-06-13 06:22:53,33.9,39.0,30.4,79.9,307.1,0,0.0,0.0
215,2026-06-13 06:22:58,34.0,39.0,30.4,79.9,301.7,0,0.0,0.0
216,2026-06-13 06:23:03,34.0,39.0,30.5,79.9,286.0,0,0.0,0.0
217,2026-06-13 06:23:08,34.0,39.0,30.4,79.9,273.6,0,0.0,0.0
218,2026-06-13 06:23:13,34.0,39.0,30.5,80.0,244.5,0,0.0,0.0
219,2026-06-13 06:23:18,34.0,39.0,30.5,79.9,236.4,0,0.0,0.0
220,2026-06-13 06:23:23,34.0,39.0,30.5,79.9,225.9,0,0.0,0.0
221,2026-06-13 06:23:28,34.0,39.3,30.5,79.9,227.7,0,0.0,0.0
222,2026-06-13 06:23:33,34.2,39.9,30.5,79.9,227.4,0,0.0,0.0
223,2026-06-13 06:23:38,34.6,40.4,30.5,79.9,233.5,0,0.0,0.0
224,2026-06-13 06:23:43,34.8,40.7,30.5,79.9,264.0,0,0.0,0.0
225,2026-06-13 06:23:48,34.9,40.9,30.5,80.0,281.8,0,0.0,0.0
226,2026-06-13 06:23:53,35.0,40.9,30.5,79.9,291.3,0,0.0,0.0
227,2026-06-13 06:23:58,35.0,41.0,30.5,80.0,293.5,0,0.0,0.0
228,2026-06-13 06:24:03,35.0,41.0,30.5,79.9,292.7,0,0.0,0.0
229,2026-06-13 06:24:08,35.0,41.0,30.5,80.0,291.3,0,0.0,0.0
230,2026-06-13 06:24:13,34.7,40.7,30.5,79.9,283.7,0,0.0,0.0
231,2026-06-13 06:24:18,34.4,40.4,30.5,79.9,283.3,0,0.0,0.0
232,2026-06-13 06:24:23,34.2,40.0,30.5,80.0,280.4,0,0.0,0.0
233,2026-06-13 06:24:28,34.1,40.0,30.5,80.0,276.9,0,0.0,0.0
234,2026-06-13 06:24:33,34.0,39.4,30.4,80.0,275.1,0,0.0,0.0
235,2026-06-13 06:24:38,34.0,39.2,30.5,80.0,273.7,0,0.0,0.0
236,2026-06-13 06:24:43,33.4,39.1,30.5,80.0,269.3,0,0.0,0.0
237,2026-06-13 06:24:48,33.2,39.1,30.5,80.0,268.8,0,0.0,0.0
238,2026-06-13 06:24:53,33.4,39.0,30.5,80.1,267.1,0,0.0,0.0
239,2026-06-13 06:24:58,33.6,39.0,30.4,80.0,263.5,0,0.0,0.0
240,2026-06-13 06:25:03,33.3,39.0,30.4,80.0,262.9,0,0.0,0.0
241,2026-06-13 06:25:08,33.6,39.0,30.5,80.0,262.5,0,0.0,0.0
242,2026-06-13 06:25:13,33.7,39.4,30.5,80.0,262.5,0,0.0,0.0
243,2026-06-13 06:25:18,33.8,39.7,30.5,80.0,260.8,0,0.0,0.0
244,2026-06-13 06:25:23,33.9,39.9,30.5,80.0,259.2,0,0.0,0.0
245,2026-06-13 06:25:28,34.0,39.9,30.5,80.0,258.4,0,0.0,0.0
246,2026-06-13 06:25:33,34.0,40.0,30.5,80.0,255.9,0,0.0,0.0
247,2026-06-13 06:25:38,34.0,40.2,30.5,80.1,255.6,0,0.0,0.0
248,2026-06-13 06:25:43,34.3,40.7,30.5,80.0,253.7,0,0.0,0.0
249,2026-06-13 06:25:48,34.2,40.6,30.5,80.0,253.6,0,0.0,0.0
250,2026-06-13 06:25:53,34.1,40.2,30.5,80.0,254.4,0,0.0,0.0
251,2026-06-13 06:25:58,34.0,40.1,30.5,80.0,256.5,0,0.0,0.0
252,2026-06-13 06:26:03,34.0,40.1,30.5,80.0,254.8,0,0.0,0.0
253,2026-06-13 06:26:08,34.0,40.0,30.5,80.0,255.5,0,0.0,0.0
254,2026-06-13 06:26:13,34.0,40.0,30.5,80.0,256.8,0,0.0,0.0
255,2026-06-13 06:26:18,34.0,40.0,30.5,80.0,256.4,0,0.0,0.0
256,2026-06-13 06:26:23,34.0,40.0,30.5,80.0,256.8,0,0.0,0.0
257,2026-06-13 06:26:28,34.0,40.0,30.5,80.0,257.4,0,0.0,0.0
258,2026-06-13 06:26:33,33.4,40.0,30.5,80.0,257.1,0,0.0,0.0
259,2026-06-13 06:26:38,33.5,40.0,30.5,80.0,256.8,0,0.0,0.0
260,2026-06-13 06:26:43,33.9,40.1,30.5,80.0,258.5,0,0.0,0.0
261,2026-06-13 06:26:48,34.0,40.1,30.5,80.0,257.8,0,0.0,0.0
262,2026-06-13 06:26:53,34.0,40.0,30.5,80.0,257.9,0,0.0,0.0
263,2026-06-13 06:26:58,33.6,40.0,30.5,80.1,257.7,0,0.0,0.0
264,2026-06-13 06:27:03,33.2,40.0,30.5,80.1,257.5,0,0.0,0.0
265,2026-06-13 06:27:08,33.6,40.0,30.5,80.1,255.6,0,0.0,0.0
266,2026-06-13 06:27:13,33.8,40.0,30.5,80.1,254.4,0,0.0,0.0
267,2026-06-13 06:27:18,33.9,40.0,30.5,80.1,255.4,0,0.0,0.0
268,2026-06-13 06:27:23,34.0,40.0,30.5,80.1,256.8,0,0.0,0.0
269,2026-06-13 06:27:28,34.0,40.0,30.5,80.1,257.0,0,0.0,0.0
270,2026-06-13 06:27:33,34.0,39.8,30.5,80.1,256.5,0,0.0,0.0
271,2026-06-13 06:27:38,34.0,39.9,30.5,80.1,256.7,0,0.0,0.0
272,2026-06-13 06:27:43,34.0,40.0,30.5,80.0,255.6,0,0.0,0.0
273,2026-06-13 06:27:48,34.2,40.0,30.5,80.0,256.0,0,0.0,0.0
274,2026-06-13 06:28:17,34.0,40.0,30.5,80.0,254.7,0,0.0,0.0
275,2026-06-13 06:28:22,34.0,40.0,30.5,80.1,254.2,0,0.0,0.0
276,2026-06-13 06:28:27,34.0,39.8,30.5,80.0,253.9,0,0.0,0.0
277,2026-06-13 06:28:32,34.0,39.4,30.5,80.0,251.4,0,0.0,0.0
278,2026-06-13 06:28:37,33.6,39.2,30.5,80.0,253.0,0,0.0,0.0
279,2026-06-13 06:28:42,33.6,39.4,30.5,80.0,253.5,0,0.0,0.0
280,2026-06-13 06:28:47,33.8,39.7,30.5,80.1,254.2,0,0.0,0.0
281,2026-06-13 06:28:52,33.9,40.1,30.5,80.0,253.6,0,0.0,0.0
282,2026-06-13 06:28:57,34.5,40.6,30.5,80.0,254.0,0,0.0,0.0
283,2026-06-13 06:29:02,34.7,40.8,30.5,80.0,254.6,0,0.0,0.0
284,2026-06-13 06:29:07,34.9,40.9,30.5,80.0,254.5,0,0.0,0.0
285,2026-06-13 06:29:12,34.9,40.9,30.5,80.0,254.8,0,0.0,0.0
286,2026-06-13 06:29:17,35.0,41.0,30.5,80.1,261.0,0,0.0,0.0
287,2026-06-13 06:29:22,35.0,41.0,30.5,80.1,261.8,0,0.0,0.0
288,2026-06-13 06:29:27,35.0,41.4,30.5,80.0,264.1,0,0.0,0.0
289,2026-06-13 06:29:32,35.0,41.7,30.5,80.0,264.4,0,0.0,0.0
290,2026-06-13 06:29:37,35.0,41.3,30.5,80.1,263.4,0,0.0,0.0
291,2026-06-13 06:29:42,35.0,41.2,30.5,80.0,264.1,0,0.0,0.0
292,2026-06-13 06:29:47,34.6,40.6,30.5,80.0,264.6,0,0.0,0.0
293,2026-06-13 06:29:52,34.3,40.4,30.5,80.0,266.1,0,0.0,0.0
294,2026-06-13 06:29:57,34.1,40.1,30.5,80.1,266.9,0,0.0,0.0
295,2026-06-13 06:30:02,34.1,40.3,30.5,80.1,267.0,0,0.0,0.0
296,2026-06-13 06:30:07,34.0,40.7,30.5,80.0,266.9,0,0.0,0.0
297,2026-06-13 06:30:12,34.0,40.8,30.5,80.1,264.4,0,0.0,0.0
298,2026-06-13 06:30:17,34.3,40.7,30.6,80.0,265.2,0,0.0,0.0
299,2026-06-13 06:30:22,34.6,40.9,30.5,80.0,265.4,0,0.0,0.0
300,2026-06-13 06:30:27,34.8,40.7,30.5,80.0,266.1,0,0.0,0.0
301,2026-06-13 06:30:32,34.9,40.4,30.6,80.1,266.5,0,0.0,0.0
302,2026-06-13 06:30:37,34.7,40.2,30.6,80.0,266.3,0,0.0,0.0
303,2026-06-13 06:30:42,34.4,40.1,30.5,80.0,266.7,0,0.0,0.0
304,2026-06-13 06:30:47,33.9,39.8,30.5,80.0,265.6,0,0.0,0.0
305,2026-06-13 06:30:52,33.5,39.4,30.6,80.0,265.7,0,0.0,0.0
306,2026-06-13 06:30:57,33.2,39.2,30.6,80.1,264.9,0,0.0,0.0
307,2026-06-13 06:31:02,33.1,39.1,30.6,80.0,263.8,0,0.0,0.0
308,2026-06-13 06:31:07,33.4,39.0,30.6,80.0,262.8,0,0.0,0.0
309,2026-06-13 06:31:12,33.2,39.0,30.6,80.0,263.2,0,0.0,0.0
310,2026-06-13 06:31:17,33.3,39.3,30.6,80.0,262.1,0,0.0,0.0
311,2026-06-13 06:31:22,33.6,39.6,30.6,80.0,261.3,0,0.0,0.0
312,2026-06-13 06:31:27,34.1,39.8,30.6,80.0,247.6,0,0.0,0.0
313,2026-06-13 06:31:32,34.5,39.9,30.6,80.0,249.4,0,0.0,0.0
314,2026-06-13 06:31:37,34.8,40.2,30.6,80.0,253.3,0,0.0,0.0
315,2026-06-13 06:31:42,34.9,40.6,30.6,80.0,255.2,0,0.0,0.0
316,2026-06-13 06:31:47,35.2,41.1,30.6,80.0,260.7,0,0.0,0.0
317,2026-06-13 06:31:52,35.5,41.9,30.6,80.0,265.3,0,0.0,0.0
318,2026-06-13 06:31:57,35.6,42.3,30.5,80.0,252.1,0,0.0,0.0
319,2026-06-13 06:32:02,35.3,41.7,30.5,80.1,241.0,0,0.0,0.0
320,2026-06-13 06:32:07,34.3,40.2,30.6,80.0,231.0,0,0.0,0.0
321,2026-06-13 06:32:12,33.7,39.3,30.5,80.0,231.4,0,0.0,0.0
322,2026-06-13 06:32:17,33.8,39.0,30.6,80.0,228.4,0,0.0,0.0
323,2026-06-13 06:32:22,34.3,39.9,30.6,80.1,226.0,0,0.0,0.0
324,2026-06-13 06:32:27,34.7,40.5,30.6,80.1,232.1,0,0.0,0.0
325,2026-06-13 06:32:32,34.8,40.7,30.6,80.1,237.5,0,0.0,0.0
326,2026-06-13 06:32:37,34.9,40.9,30.6,80.1,244.1,0,0.0,0.0
327,2026-06-13 06:32:42,35.0,40.9,30.5,80.1,247.5,0,0.0,0.0
328,2026-06-13 06:32:47,34.4,41.0,30.6,80.1,254.3,0,0.0,0.0
329,2026-06-13 06:32:52,34.2,41.0,30.6,80.1,252.9,0,0.0,0.0
330,2026-06-13 06:33:21,35.0,41.0,30.6,80.1,256.3,0,0.0,0.0
331,2026-06-13 06:33:26,35.0,41.0,30.6,80.0,259.1,0,0.0,0.0
332,2026-06-13 06:33:31,34.8,41.0,30.6,80.1,263.5,0,0.0,0.0
333,2026-06-13 06:33:36,34.4,40.8,30.6,80.0,265.3,0,0.0,0.0
334,2026-06-13 06:33:41,34.2,40.3,30.6,80.0,269.0,0,0.0,0.0
335,2026-06-13 06:33:46,34.1,40.2,30.6,80.0,272.1,0,0.0,0.0
336,2026-06-13 06:33:51,34.3,40.1,30.6,79.9,272.2,0,0.0,0.0
337,2026-06-13 06:33:56,34.6,40.5,30.6,79.9,276.0,0,0.0,0.0
338,2026-06-13 06:34:01,34.4,40.8,30.6,79.9,280.2,0,0.0,0.0
339,2026-06-13 06:34:06,34.7,40.9,30.7,79.9,281.5,0,0.0,0.0
340,2026-06-13 06:34:11,34.9,41.5,30.6,79.8,284.2,0,0.0,0.0
341,2026-06-13 06:34:16,34.9,41.7,30.7,79.9,283.1,0,0.0,0.0
342,2026-06-13 06:34:21,35.0,41.6,30.7,79.8,284.3,0,0.0,0.0
343,2026-06-13 06:34:26,35.0,41.4,30.7,79.8,294.8,0,0.0,0.0
344,2026-06-13 06:34:31,35.0,41.2,30.7,79.8,306.8,0,0.0,0.0
345,2026-06-13 06:34:36,35.0,41.1,30.7,79.8,311.8,0,0.0,0.0
346,2026-06-13 06:34:41,35.0,41.0,30.7,79.8,305.4,0,0.0,0.0
347,2026-06-13 06:34:46,35.0,41.0,30.7,79.8,296.0,0,0.0,0.0
348,2026-06-13 06:34:51,35.2,41.0,30.7,79.8,285.5,0,0.0,0.0
349,2026-06-13 06:34:56,35.6,41.4,30.7,79.8,275.7,0,0.0,0.0
350,2026-06-13 06:35:01,35.8,41.8,30.7,79.8,270.1,0,0.0,0.0
351,2026-06-13 06:35:06,35.9,41.6,30.7,79.8,269.3,0,0.0,0.0
352,2026-06-13 06:35:11,36.0,41.3,30.7,79.8,269.4,0,0.0,0.0
353,2026-06-13 06:35:16,36.0,41.1,30.7,79.8,271.0,0,0.0,0.0
354,2026-06-13 06:35:21,36.0,41.1,30.7,79.8,271.7,0,0.0,0.0
355,2026-06-13 06:35:26,35.6,41.0,30.7,79.8,272.3,0,0.0,0.0
356,2026-06-13 06:35:31,35.2,41.0,30.7,79.7,269.8,0,0.0,0.0
357,2026-06-13 06:35:36,35.1,41.0,30.7,79.7,272.9,0,0.0,0.0
358,2026-06-13 06:35:41,35.1,41.0,30.7,79.8,274.7,0,0.0,0.0
359,2026-06-13 06:35:46,35.0,41.0,30.7,79.8,275.3,0,0.0,0.0
360,2026-06-13 06:35:51,35.0,41.3,30.7,79.9,276.8,0,0.0,0.0
361,2026-06-13 06:35:56,35.0,41.6,30.7,79.9,277.6,0,0.0,0.0
362,2026-06-13 06:36:01,35.3,41.8,30.7,79.9,279.0,0,0.0,0.0
363,2026-06-13 06:36:06,35.6,42.1,30.7,79.9,279.0,0,0.0,0.0
364,2026-06-13 06:36:11,36.1,43.1,30.7,79.9,278.5,0,0.0,0.0
365,2026-06-13 06:36:16,36.5,44.0,30.7,79.9,277.4,0,0.0,0.0
366,2026-06-13 06:36:21,36.8,44.1,30.7,79.9,277.0,0,0.0,0.0
367,2026-06-13 06:36:26,36.6,44.1,30.7,79.8,278.2,0,0.0,0.0
368,2026-06-13 06:36:31,36.3,43.6,30.7,79.8,277.9,0,0.0,0.0
369,2026-06-13 06:36:36,36.1,43.3,30.7,79.8,280.3,0,0.0,0.0
370,2026-06-13 06:36:41,36.1,42.9,30.7,79.8,280.9,0,0.0,0.0
371,2026-06-13 06:36:46,36.0,42.5,30.7,79.8,282.3,0,0.0,0.0
372,2026-06-13 06:36:51,36.0,42.2,30.7,79.8,283.5,0,0.0,0.0
373,2026-06-13 06:36:56,36.0,42.1,30.7,79.9,284.8,0,0.0,0.0
374,2026-06-13 06:37:01,36.0,42.1,30.7,79.9,286.1,0,0.0,0.0
375,2026-06-13 06:37:06,35.8,42.0,30.7,79.9,283.3,0,0.0,0.0
376,2026-06-13 06:37:11,35.6,42.0,30.7,79.9,285.0,0,0.0,0.0
377,2026-06-13 06:37:16,35.8,42.0,30.7,79.9,286.5,0,0.0,0.0
378,2026-06-13 06:37:21,35.9,42.0,30.7,79.8,287.4,0,0.0,0.0
379,2026-06-13 06:37:26,35.9,42.0,30.7,79.9,287.8,0,0.0,0.0
380,2026-06-13 06:37:31,36.0,42.4,30.7,79.8,286.9,0,0.0,0.0
381,2026-06-13 06:37:36,36.0,42.7,30.7,79.8,282.1,0,0.0,0.0
382,2026-06-13 06:37:41,36.0,42.6,30.7,79.8,282.4,0,0.0,0.0
383,2026-06-13 06:37:46,36.0,42.3,30.7,79.8,282.2,0,0.0,0.0
384,2026-06-13 06:37:51,36.0,42.1,30.7,79.8,282.2,0,0.0,0.0
385,2026-06-13 06:37:56,35.7,42.1,30.7,79.9,281.6,0,0.0,0.0
386,2026-06-13 06:38:01,35.6,41.7,30.8,79.8,281.4,0,0.0,0.0
387,2026-06-13 06:38:06,35.8,41.8,30.7,79.8,282.8,0,0.0,0.0
388,2026-06-13 06:38:11,35.9,41.9,30.7,79.8,281.6,0,0.0,0.0
389,2026-06-13 06:38:16,35.9,42.0,30.7,79.8,284.7,0,0.0,0.0
390,2026-06-13 06:38:21,35.7,42.0,30.7,79.8,288.7,0,0.0,0.0
391,2026-06-13 06:38:26,35.4,42.0,30.7,79.8,289.7,0,0.0,0.0
392,2026-06-13 06:38:31,35.6,42.0,30.7,79.9,294.3,0,0.0,0.0
393,2026-06-13 06:38:36,35.8,42.0,30.7,79.9,294.6,0,0.0,0.0
394,2026-06-13 06:38:41,36.3,42.4,30.6,79.9,291.5,0,0.0,0.0
395,2026-06-13 06:38:46,36.6,42.7,30.7,79.9,292.5,0,0.0,0.0
396,2026-06-13 06:38:51,36.8,42.9,30.7,79.9,297.2,0,0.0,0.0
397,2026-06-13 06:38:56,36.5,42.5,30.7,80.0,296.3,0,0.0,0.0
398,2026-06-13 06:39:01,35.6,41.6,30.7,79.9,297.3,0,0.0,0.0
399,2026-06-13 06:39:06,35.4,41.4,30.7,80.0,296.4,0,0.0,0.0
400,2026-06-13 06:39:11,35.1,41.1,30.7,80.0,296.4,0,0.0,0.0
401,2026-06-13 06:39:16,35.1,41.1,30.7,80.0,290.4,0,0.0,0.0
402,2026-06-13 06:39:21,35.3,41.5,30.7,80.0,291.5,0,0.0,0.0
403,2026-06-13 06:39:26,35.6,42.0,30.7,80.0,291.8,0,0.0,0.0
404,2026-06-13 06:39:31,36.3,43.0,30.6,80.1,291.0,0,0.0,0.0
405,2026-06-13 06:39:36,36.6,43.4,30.7,80.1,289.7,0,0.0,0.0
406,2026-06-13 06:39:41,36.4,43.1,30.6,80.1,292.3,0,0.0,0.0
407,2026-06-13 06:39:46,36.2,42.6,30.6,80.1,291.8,0,0.0,0.0
408,2026-06-13 06:39:51,36.1,42.3,30.6,80.1,289.5,0,0.0,0.0
409,2026-06-13 06:39:56,36.1,42.1,30.6,80.1,290.0,0,0.0,0.0
410,2026-06-13 06:40:01,36.0,42.6,30.6,80.1,290.0,0,0.0,0.0
411,2026-06-13 06:40:06,36.0,43.2,30.7,80.2,289.6,0,0.0,0.0
412,2026-06-13 06:40:11,36.6,44.1,30.6,80.1,293.9,0,0.0,0.0
413,2026-06-13 06:40:16,36.8,44.5,30.6,80.2,291.5,0,0.0,0.0
414,2026-06-13 06:40:21,36.9,44.8,30.6,80.2,285.0,0,0.0,0.0
415,2026-06-13 06:40:26,36.9,44.9,30.6,80.2,282.8,0,0.0,0.0
416,2026-06-13 06:40:31,37.2,45.0,30.6,80.3,280.8,0,0.0,0.0
417,2026-06-13 06:40:36,37.1,45.0,30.6,80.3,283.4,0,0.0,0.0
418,2026-06-13 06:40:41,37.6,45.0,30.6,80.3,283.1,0,0.0,0.0
419,2026-06-13 06:40:46,37.3,45.0,30.6,80.3,280.8,0,0.0,0.0
420,2026-06-13 06:40:51,37.1,44.4,30.6,80.3,275.5,0,0.0,0.0
421,2026-06-13 06:40:56,37.1,44.2,30.6,80.3,276.7,0,0.0,0.0
422,2026-06-13 06:41:01,37.0,43.7,30.6,80.3,279.5,0,0.0,0.0
423,2026-06-13 06:41:06,37.0,43.4,30.6,80.3,279.2,0,0.0,0.0
424,2026-06-13 06:41:11,37.0,43.7,30.6,80.3,280.4,0,0.0,0.0
425,2026-06-13 06:41:16,37.0,43.4,30.6,80.4,285.7,0,0.0,0.0
426,2026-06-13 06:41:21,36.0,42.3,30.6,80.4,279.6,0,0.0,0.0
427,2026-06-13 06:41:26,35.6,41.7,30.6,80.4,276.0,0,0.0,0.0
428,2026-06-13 06:41:31,35.7,42.0,30.6,80.4,279.2,0,0.0,0.0
429,2026-06-13 06:41:36,36.1,42.4,30.6,80.4,279.7,0,0.0,0.0
430,2026-06-13 06:41:41,36.6,43.3,30.6,80.4,280.3,0,0.0,0.0
431,2026-06-13 06:41:46,36.8,43.6,30.6,80.4,281.1,0,0.0,0.0
432,2026-06-13 06:41:51,36.9,43.8,30.6,80.4,283.2,0,0.0,0.0
433,2026-06-13 06:41:56,37.2,44.3,30.6,80.4,280.4,0,0.0,0.0
434,2026-06-13 06:42:01,37.7,45.2,30.6,80.4,284.5,0,0.0,0.0
435,2026-06-13 06:42:06,37.8,45.3,30.6,80.4,287.2,0,0.0,0.0
436,2026-06-13 06:42:11,37.3,44.7,30.6,80.4,289.8,0,0.0,0.0
437,2026-06-13 06:42:16,37.2,44.4,30.6,80.4,288.9,0,0.0,0.0
438,2026-06-13 06:42:21,37.1,44.3,30.6,80.4,290.7,0,0.0,0.0
439,2026-06-13 06:42:26,37.0,44.2,30.6,80.4,286.8,0,0.0,0.0
440,2026-06-13 06:42:31,37.0,44.1,30.6,80.3,284.6,0,0.0,0.0
441,2026-06-13 06:42:36,37.0,44.0,30.7,80.3,286.8,0,0.0,0.0
442,2026-06-13 06:42:41,37.0,44.0,30.7,80.4,287.8,0,0.0,0.0
443,2026-06-13 06:42:46,37.0,44.0,30.7,80.4,290.1,0,0.0,0.0
444,2026-06-13 06:42:51,37.0,44.0,30.7,80.3,290.6,0,0.0,0.0
445,2026-06-13 06:42:56,37.0,44.0,30.7,80.2,291.4,0,0.0,0.0
446,2026-06-13 06:43:01,37.0,44.0,30.7,80.2,288.1,0,0.0,0.0
447,2026-06-13 06:43:06,37.3,44.4,30.7,80.2,290.1,0,0.0,0.0
448,2026-06-13 06:43:11,37.7,44.8,30.7,80.2,290.3,0,0.0,0.0
449,2026-06-13 06:43:16,37.8,44.9,30.7,80.2,290.4,0,0.0,0.0
450,2026-06-13 06:43:21,37.5,44.9,30.7,80.1,290.5,0,0.0,0.0
451,2026-06-13 06:43:26,37.3,44.7,30.7,80.2,290.4,0,0.0,0.0
452,2026-06-13 06:43:31,37.1,44.3,30.7,80.2,287.6,0,0.0,0.0
453,2026-06-13 06:43:36,37.1,44.2,30.7,80.2,284.7,0,0.0,0.0
454,2026-06-13 06:43:41,37.0,43.8,30.7,80.2,290.1,0,0.0,0.0
455,2026-06-13 06:43:46,37.0,43.5,30.7,80.2,291.9,0,0.0,0.0
456,2026-06-13 06:43:51,37.0,43.2,30.7,80.2,293.3,0,0.0,0.0
457,2026-06-13 06:43:56,37.3,43.1,30.7,80.2,292.5,0,0.0,0.0
458,2026-06-13 06:44:01,37.7,43.6,30.7,80.2,287.4,0,0.0,0.0
459,2026-06-13 06:44:06,37.8,43.8,30.7,80.2,283.2,0,0.0,0.0
460,2026-06-13 06:44:11,37.5,43.5,30.7,80.2,283.6,0,0.0,0.0
461,2026-06-13 06:44:16,37.3,43.3,30.7,80.2,284.0,0,0.0,0.0
462,2026-06-13 06:44:21,37.1,43.1,30.7,80.2,283.8,0,0.0,0.0
463,2026-06-13 06:44:26,36.6,43.1,30.7,80.2,284.0,0,0.0,0.0
464,2026-06-13 06:44:31,36.7,43.0,30.6,80.2,284.2,0,0.0,0.0
465,2026-06-13 06:44:36,36.8,43.0,30.7,80.2,284.0,0,0.0,0.0
466,2026-06-13 06:44:41,36.9,43.0,30.7,80.3,281.9,0,0.0,0.0
467,2026-06-13 06:44:46,37.0,43.0,30.6,80.3,282.5,0,0.0,0.0
468,2026-06-13 06:44:51,37.0,43.0,30.7,80.3,283.8,0,0.0,0.0
469,2026-06-13 06:44:56,37.0,43.0,30.6,80.3,283.7,0,0.0,0.0
470,2026-06-13 06:45:01,37.0,43.6,30.6,80.3,285.5,0,0.0,0.0
471,2026-06-13 06:45:06,37.4,43.8,30.7,80.3,285.9,0,0.0,0.0
472,2026-06-13 06:45:11,37.3,43.5,30.6,80.3,279.5,0,0.0,0.0
473,2026-06-13 06:45:16,37.2,43.3,30.6,80.3,278.1,0,0.0,0.0
474,2026-06-13 06:45:21,37.1,43.5,30.7,80.3,275.5,0,0.0,0.0
475,2026-06-13 06:45:26,37.0,43.7,30.7,80.4,275.1,0,0.0,0.0
476,2026-06-13 06:45:31,37.0,44.3,30.6,80.3,274.9,0,0.0,0.0
477,2026-06-13 06:45:36,37.0,44.6,30.6,80.3,274.3,0,0.0,0.0
478,2026-06-13 06:45:41,37.0,44.8,30.7,80.4,271.2,0,0.0,0.0
479,2026-06-13 06:45:46,37.0,44.9,30.6,80.3,274.8,0,0.0,0.0
480,2026-06-13 06:45:51,37.4,45.0,30.6,80.4,279.7,0,0.0,0.0
481,2026-06-13 06:45:56,37.4,45.0,30.6,80.3,283.2,0,0.0,0.0
482,2026-06-13 06:46:01,37.2,45.0,30.7,80.4,288.9,0,0.0,0.0
483,2026-06-13 06:46:06,37.1,45.0,30.7,80.4,292.0,0,0.0,0.0
484,2026-06-13 06:46:11,36.8,44.6,30.6,80.4,288.2,0,0.0,0.0
485,2026-06-13 06:46:16,36.7,44.3,30.6,80.4,286.3,0,0.0,0.0
486,2026-06-13 06:46:21,36.9,44.4,30.6,80.4,293.3,0,0.0,0.0
487,2026-06-13 06:46:26,37.2,44.7,30.6,80.4,300.7,0,0.0,0.0
488,2026-06-13 06:46:31,37.7,44.9,30.6,80.5,299.5,0,0.0,0.0
489,2026-06-13 06:46:36,37.8,44.9,30.6,80.4,290.7,0,0.0,0.0
490,2026-06-13 06:46:41,37.9,45.0,30.6,80.5,287.0,0,0.0,0.0
491,2026-06-13 06:46:46,38.0,45.4,30.6,80.5,282.7,0,0.0,0.0
492,2026-06-13 06:46:51,38.0,45.5,30.6,80.5,285.0,0,0.0,0.0
493,2026-06-13 06:46:56,37.7,45.0,30.6,80.5,289.9,0,0.0,0.0
494,2026-06-13 06:47:01,37.3,44.4,30.6,80.5,288.6,0,0.0,0.0
495,2026-06-13 06:47:06,37.2,44.2,30.6,80.5,293.2,0,0.0,0.0
496,2026-06-13 06:47:11,37.1,44.1,30.6,80.5,296.5,0,0.0,0.0
497,2026-06-13 06:47:16,37.0,44.1,30.6,80.5,298.8,0,0.0,0.0
498,2026-06-13 06:47:21,37.5,44.5,30.6,80.4,295.3,0,0.0,0.0
499,2026-06-13 06:47:26,37.7,44.7,30.7,80.4,297.5,0,0.0,0.0
500,2026-06-13 06:47:31,37.9,44.9,30.6,80.4,294.8,0,0.0,0.0
501,2026-06-13 06:47:43,39.0,46.0,30.6,80.4,274.0,0,0.0,0.0
502,2026-06-13 06:47:48,39.0,46.0,30.6,80.4,277.4,0,0.0,0.0
503,2026-06-13 06:47:53,39.0,46.0,30.6,80.4,280.8,0,0.0,0.0
504,2026-06-13 06:47:58,39.0,46.2,30.6,80.5,284.3,0,0.0,0.0
505,2026-06-13 06:48:03,39.0,46.4,30.6,80.4,290.7,0,0.0,0.0
506,2026-06-13 06:48:08,38.5,45.5,30.6,80.4,293.3,0,0.0,0.0
507,2026-06-13 06:48:13,37.6,44.1,30.6,80.5,294.3,0,0.0,0.0
508,2026-06-13 06:48:18,37.4,43.6,30.6,80.6,292.1,0,0.0,0.0
509,2026-06-13 06:48:23,37.2,43.5,30.6,80.5,298.3,0,0.0,0.0
510,2026-06-13 06:48:28,37.1,43.7,30.6,80.5,300.8,0,0.0,0.0
511,2026-06-13 06:48:33,37.3,44.4,30.6,80.5,303.1,0,0.0,0.0
512,2026-06-13 06:48:38,37.6,45.1,30.6,80.5,305.0,0,0.0,0.0
513,2026-06-13 06:48:43,38.1,45.6,30.6,80.6,314.2,0,0.0,0.0
514,2026-06-13 06:48:48,38.5,45.8,30.6,80.6,312.4,0,0.0,0.0
515,2026-06-13 06:48:53,38.8,45.9,30.6,80.6,310.2,0,0.0,0.0
516,2026-06-13 06:48:58,38.9,45.9,30.6,80.6,311.4,0,0.0,0.0
517,2026-06-13 06:49:03,38.9,46.0,30.7,80.6,314.3,0,0.0,0.0
518,2026-06-13 06:49:08,39.0,46.0,30.7,80.6,316.1,0,0.0,0.0
519,2026-06-13 06:49:13,38.4,45.6,30.7,80.5,314.9,0,0.0,0.0
520,2026-06-13 06:49:18,38.2,45.3,30.6,80.6,314.1,0,0.0,0.0
521,2026-06-13 06:49:23,38.1,45.1,30.7,80.6,310.3,0,0.0,0.0
522,2026-06-13 06:49:28,38.1,45.1,30.6,80.6,306.1,0,0.0,0.0
523,2026-06-13 06:49:33,37.6,44.6,30.6,80.6,309.5,0,0.0,0.0
524,2026-06-13 06:49:38,37.3,44.3,30.6,80.6,304.6,0,0.0,0.0
525,2026-06-13 06:49:43,37.6,44.6,30.7,80.6,307.8,0,0.0,0.0
526,2026-06-13 06:49:48,37.8,44.8,30.6,80.6,308.6,0,0.0,0.0
527,2026-06-13 06:49:53,37.9,44.9,30.7,80.6,310.9,0,0.0,0.0
528,2026-06-13 06:49:58,37.9,45.4,30.6,80.6,309.3,0,0.0,0.0
529,2026-06-13 06:50:03,38.0,45.7,30.7,80.6,307.3,0,0.0,0.0
530,2026-06-13 06:50:08,38.0,45.4,30.6,80.6,306.7,0,0.0,0.0
531,2026-06-13 06:50:13,38.0,45.2,30.6,80.6,306.4,0,0.0,0.0
532,2026-06-13 06:50:18,38.0,45.1,30.6,80.7,304.9,0,0.0,0.0
533,2026-06-13 06:50:23,38.0,45.0,30.6,80.7,302.5,0,0.0,0.0
534,2026-06-13 06:50:28,38.0,45.0,30.6,80.7,291.0,0,0.0,0.0
535,2026-06-13 06:50:33,38.0,45.4,30.7,80.8,300.2,0,0.0,0.0
536,2026-06-13 06:50:38,38.0,45.3,30.6,80.7,299.0,0,0.0,0.0
537,2026-06-13 06:50:43,38.0,45.1,30.7,80.7,312.7,0,0.0,0.0
538,2026-06-13 06:50:48,38.0,45.1,30.6,80.6,315.2,0,0.0,0.0
539,2026-06-13 06:50:53,38.0,45.5,30.6,80.7,313.9,0,0.0,0.0
540,2026-06-13 06:50:58,38.2,45.4,30.6,80.7,309.4,0,0.0,0.0
541,2026-06-13 06:51:03,38.1,45.2,30.6,80.8,305.9,0,0.0,0.0
542,2026-06-13 06:51:08,38.0,45.1,30.6,80.8,305.1,0,0.0,0.0
543,2026-06-13 06:51:13,38.6,45.6,30.6,80.8,302.1,0,0.0,0.0
544,2026-06-13 06:51:18,38.5,45.8,30.6,80.8,297.2,0,0.0,0.0
545,2026-06-13 06:51:23,38.2,45.9,30.6,80.8,296.5,0,0.0,0.0
546,2026-06-13 06:51:28,38.1,45.9,30.6,80.8,293.6,0,0.0,0.0
547,2026-06-13 06:51:33,38.1,45.5,30.6,80.8,286.0,0,0.0,0.0
548,2026-06-13 06:51:38,37.6,45.3,30.6,80.9,289.6,0,0.0,0.0
549,2026-06-13 06:51:43,37.5,45.1,30.6,80.9,286.4,0,0.0,0.0
550,2026-06-13 06:51:48,37.3,45.1,30.6,80.9,284.9,0,0.0,0.0
551,2026-06-13 06:51:53,37.1,45.0,30.6,80.9,275.4,0,0.0,0.0
552,2026-06-13 06:51:58,37.5,45.0,30.6,80.9,279.3,0,0.0,0.0
553,2026-06-13 06:52:03,37.8,45.0,30.6,80.8,267.9,0,0.0,0.0
554,2026-06-13 06:52:08,37.4,44.6,30.6,80.8,273.0,0,0.0,0.0
555,2026-06-13 06:52:13,37.2,44.2,30.6,80.9,274.5,0,0.0,0.0
556,2026-06-13 06:52:18,37.1,44.1,30.6,80.8,279.9,0,0.0,0.0
557,2026-06-13 06:52:23,37.0,44.1,30.6,80.9,281.3,0,0.0,0.0
558,2026-06-13 06:52:28,37.5,44.9,30.6,80.8,285.6,0,0.0,0.0
559,2026-06-13 06:52:33,37.8,45.5,30.6,80.8,289.4,0,0.0,0.0
560,2026-06-13 06:52:38,37.9,45.7,30.6,80.8,285.9,0,0.0,0.0
561,2026-06-13 06:52:43,37.9,45.5,30.6,80.8,293.6,0,0.0,0.0
562,2026-06-13 06:52:48,37.7,45.3,30.6,80.8,298.0,0,0.0,0.0
563,2026-06-13 06:52:53,37.3,45.1,30.6,80.8,300.6,0,0.0,0.0
564,2026-06-13 06:52:58,37.2,45.1,30.6,80.8,301.1,0,0.0,0.0
565,2026-06-13 06:53:03,37.1,44.4,30.6,80.9,296.5,0,0.0,0.0
566,2026-06-13 06:53:08,37.0,44.3,30.6,80.8,292.1,0,0.0,0.0
567,2026-06-13 06:53:13,37.0,44.1,30.6,80.8,290.7,0,0.0,0.0
568,2026-06-13 06:53:18,37.3,44.6,30.6,80.9,293.0,0,0.0,0.0
569,2026-06-13 06:53:23,37.7,45.4,30.6,80.8,289.0,0,0.0,0.0
570,2026-06-13 06:53:28,37.6,45.0,30.6,80.9,288.7,0,0.0,0.0
571,2026-06-13 06:53:33,37.2,44.4,30.6,80.9,292.1,0,0.0,0.0
572,2026-06-13 06:53:38,37.1,44.2,30.6,80.8,291.2,0,0.0,0.0
573,2026-06-13 06:53:43,37.1,44.1,30.6,80.8,290.4,0,0.0,0.0
574,2026-06-13 06:53:48,37.0,43.8,30.6,80.8,288.1,0,0.0,0.0
575,2026-06-13 06:53:53,37.0,43.3,30.6,80.9,289.4,0,0.0,0.0
576,2026-06-13 06:53:58,37.0,42.9,30.6,80.9,290.2,0,0.0,0.0
577,2026-06-13 06:54:03,37.0,43.0,30.6,80.9,288.9,0,0.0,0.0
578,2026-06-13 06:54:08,37.0,43.0,30.6,80.9,287.5,0,0.0,0.0
579,2026-06-13 06:54:13,37.0,43.0,30.6,80.9,280.2,0,0.0,0.0
580,2026-06-13 06:54:18,37.0,43.0,30.6,80.9,277.2,0,0.0,0.0
581,2026-06-13 06:54:23,37.0,43.0,30.6,80.9,274.0,0,0.0,0.0
582,2026-06-13 06:54:28,37.0,43.0,30.6,80.8,274.2,0,0.0,0.0
583,2026-06-13 06:54:33,37.0,43.0,30.6,80.8,275.3,0,0.0,0.0
584,2026-06-13 06:54:38,37.0,43.0,30.6,80.8,274.7,0,0.0,0.0
585,2026-06-13 06:54:43,37.0,43.0,30.6,80.8,273.1,0,0.0,0.0
586,2026-06-13 06:54:48,37.0,43.2,30.6,80.8,269.1,0,0.0,0.0
587,2026-06-13 06:54:53,37.0,43.7,30.6,80.8,268.4,0,0.0,0.0
588,2026-06-13 06:54:58,37.2,44.0,30.6,80.8,269.6,0,0.0,0.0
589,2026-06-13 06:55:03,37.1,44.0,30.6,80.8,270.5,0,0.0,0.0
590,2026-06-13 06:55:08,37.0,43.8,30.7,80.8,271.9,0,0.0,0.0
591,2026-06-13 06:55:13,37.0,43.3,30.6,80.8,275.9,0,0.0,0.0
592,2026-06-13 06:55:18,37.0,43.4,30.6,80.8,274.0,0,0.0,0.0
593,2026-06-13 06:55:23,37.0,43.8,30.6,80.8,277.0,0,0.0,0.0
594,2026-06-13 06:55:28,37.3,43.9,30.6,80.8,276.5,0,0.0,0.0
595,2026-06-13 06:55:33,37.7,43.9,30.6,80.8,276.2,0,0.0,0.0
596,2026-06-13 06:55:38,37.4,44.0,30.6,80.8,276.4,0,0.0,0.0
597,2026-06-13 06:55:43,37.2,44.0,30.6,80.8,274.4,0,0.0,0.0
598,2026-06-13 06:55:48,37.1,44.0,30.6,80.8,273.6,0,0.0,0.0
599,2026-06-13 06:55:53,37.0,44.0,30.6,80.8,269.8,0,0.0,0.0
600,2026-06-13 06:55:58,37.0,44.2,30.6,80.8,269.8,0,0.0,0.0
601,2026-06-13 06:56:03,37.0,44.7,30.6,80.9,269.6,0,0.0,0.0
602,2026-06-13 06:56:08,37.0,44.8,30.6,80.8,273.1,0,0.0,0.0
603,2026-06-13 06:56:13,37.0,44.9,30.6,80.8,273.3,0,0.0,0.0
604,2026-06-13 06:56:18,37.0,45.0,30.6,80.8,272.1,0,0.0,0.0
605,2026-06-13 06:56:23,37.0,44.4,30.6,80.9,266.8,0,0.0,0.0
606,2026-06-13 06:56:28,36.6,44.0,30.6,80.8,270.2,0,0.0,0.0
607,2026-06-13 06:56:33,36.5,43.4,30.6,80.9,272.9,0,0.0,0.0
608,2026-06-13 06:56:38,36.7,43.7,30.6,80.9,274.0,0,0.0,0.0
609,2026-06-13 06:56:43,36.9,43.9,30.6,80.9,276.6,0,0.0,0.0
610,2026-06-13 06:56:48,36.9,43.9,30.6,80.9,276.5,0,0.0,0.0
611,2026-06-13 06:56:53,37.2,44.4,30.6,80.9,273.1,0,0.0,0.0
612,2026-06-13 06:56:58,37.6,44.7,30.6,80.9,274.9,0,0.0,0.0
613,2026-06-13 06:57:03,37.4,44.4,30.6,80.9,277.2,0,0.0,0.0
614,2026-06-13 06:57:08,37.0,44.0,30.6,81.0,277.3,0,0.0,0.0
615,2026-06-13 06:57:13,36.4,43.7,30.6,81.0,273.6,0,0.0,0.0
616,2026-06-13 06:57:18,36.2,43.6,30.6,81.0,274.1,0,0.0,0.0
617,2026-06-13 06:57:23,36.1,43.2,30.6,81.0,275.2,0,0.0,0.0
618,2026-06-13 06:57:28,36.1,43.1,30.6,81.0,272.2,0,0.0,0.0
619,2026-06-13 06:57:33,36.0,43.1,30.6,81.0,274.5,0,0.0,0.0
620,2026-06-13 06:57:38,36.0,43.0,30.6,81.0,275.2,0,0.0,0.0
621,2026-06-13 06:57:43,36.0,43.0,30.6,81.0,275.7,0,0.0,0.0
622,2026-06-13 06:57:48,36.3,43.0,30.6,81.1,275.9,0,0.0,0.0
623,2026-06-13 06:57:53,36.7,43.0,30.6,81.0,275.9,0,0.0,0.0
624,2026-06-13 06:57:58,36.8,43.0,30.6,81.0,273.3,0,0.0,0.0
625,2026-06-13 06:58:03,36.9,43.0,30.6,81.0,272.4,0,0.0,0.0
626,2026-06-13 06:58:08,37.0,43.0,30.6,81.0,272.1,0,0.0,0.0
627,2026-06-13 06:58:13,37.0,42.8,30.6,81.0,272.3,0,0.0,0.0
628,2026-06-18 22:37:25,0.0,0.0,0.0,0.0,3.6,0,0.0,0.0
629,2026-06-18 22:37:38,0.0,0.0,0.0,0.0,2.3,0,0.0,0.0
630,2026-06-18 22:37:38,0.0,0.0,0.0,0.0,11.5,0,0.0,0.0
631,2026-06-18 22:37:40,0.0,0.0,0.0,0.0,7.9,0,0.0,0.0
632,2026-06-18 22:37:57,0.0,0.0,0.0,0.0,4.1,0,0.0,0.0
633,2026-06-18 22:37:57,0.0,0.0,0.0,0.0,13.8,0,0.0,0.0
634,2026-06-18 22:37:57,0.0,0.0,0.0,0.0,7.1,0,0.0,0.0
635,2026-06-18 22:38:00,0.0,0.0,0.0,0.0,12.1,0,0.0,0.0
636,2026-06-18 22:38:05,0.0,0.0,0.0,0.0,6.2,0,0.0,0.0
637,2026-06-18 22:38:10,0.0,0.0,0.0,0.0,4.0,0,0.0,0.0
638,2026-06-18 22:38:15,0.0,0.0,0.0,0.0,2.0,0,0.0,0.0
639,2026-06-18 22:38:20,0.0,0.0,0.0,0.0,1.3,0,0.0,0.0
640,2026-06-18 22:38:28,0.0,0.0,0.0,0.0,0.7,0,0.0,0.0
641,2026-06-18 22:39:55,0.0,0.0,0.0,0.0,3.1,0,0.0,0.0
642,2026-06-18 22:40:00,0.0,0.0,0.0,0.0,12.7,0,0.0,0.0
643,2026-06-18 22:40:05,0.0,0.0,0.0,0.0,18.7,0,0.0,0.0
644,2026-06-18 22:40:10,0.0,0.0,0.0,0.0,12.0,0,0.0,0.0
645,2026-06-18 22:40:15,0.0,0.0,0.0,0.0,12.0,0,0.0,0.0
646,2026-06-18 22:40:20,0.0,0.0,0.0,0.0,7.7,0,0.0,0.0
647,2026-06-18 22:40:25,0.0,0.0,0.0,0.0,11.1,0,0.0,0.0
648,2026-06-18 22:40:30,0.0,0.0,0.0,0.0,7.1,0,0.0,0.0
649,2026-06-18 22:40:36,0.0,0.0,0.0,0.0,8.9,0,0.0,0.0
650,2026-06-18 22:45:25,0.0,0.0,0.0,0.0,2.9,0,0.0,0.0
651,2026-06-18 22:45:30,0.0,0.0,0.0,0.0,1.9,0,0.0,0.0
652,2026-06-18 22:45:35,0.0,0.0,0.0,0.0,1.0,0,0.0,0.0
653,2026-06-18 22:45:40,0.0,0.0,0.0,0.0,0.6,0,0.0,0.0
654,2026-06-18 22:45:45,0.0,0.0,0.0,0.0,0.3,0,0.0,0.0
655,2026-06-18 22:45:50,0.0,0.0,0.0,0.0,0.2,0,0.0,0.0
656,2026-06-18 22:45:55,0.0,0.0,0.0,0.0,0.1,0,0.0,0.0
657,2026-06-18 22:46:00,0.0,0.0,0.0,0.0,0.1,0,0.0,0.0
658,2026-06-18 22:46:05,0.0,0.0,0.0,0.0,0.0,0,0.0,0.0
659,2026-06-18 22:46:10,0.0,0.0,0.0,0.0,0.0,0,0.0,0.0
660,2026-06-18 22:46:15,0.0,0.0,0.0,0.0,0.0,0,0.0,0.0
661,2026-06-18 22:46:20,0.0,0.0,0.0,0.0,0.0,0,0.0,0.0
662,2026-06-18 22:46:25,0.0,0.0,0.0,0.0,0.0,0,0.0,0.0
663,2026-06-18 22:46:30,0.0,0.0,0.0,0.0,0.0,0,0.0,0.0
664,2026-06-18 22:46:35,0.0,0.0,0.0,0.0,0.0,0,0.0,0.0
665,2026-06-18 22:46:40,0.0,0.0,0.0,0.0,0.0,0,0.0,0.0
666,2026-06-18 22:46:45,0.0,0.0,0.0,0.0,0.0,0,0.0,0.0
667,2026-06-18 22:46:55,0.0,0.0,0.0,0.0,0.0,0,0.0,0.0
668,2026-06-18 22:47:05,0.0,0.0,0.0,0.0,0.0,0,0.0,0.0
669,2026-06-18 22:47:15,0.0,0.0,0.0,0.0,0.0,0,0.0,0.0
670,2026-06-18 22:47:30,0.0,0.0,0.0,0.0,0.0,0,0.0,0.0
671,2026-06-18 22:47:35,0.0,0.0,0.0,0.0,0.0,0,0.0,0.0
672,2026-06-18 22:47:40,0.0,0.0,0.0,0.0,0.0,0,0.0,0.0
673,2026-06-18 22:47:50,0.0,0.0,0.0,0.0,0.0,0,0.0,0.0
674,2026-06-18 22:47:55,0.0,0.0,0.0,0.0,0.0,0,0.0,0.0
675,2026-06-18 22:48:00,0.0,0.0,0.0,0.0,0.0,0,0.0,0.0
676,2026-06-18 22:48:05,0.0,0.0,0.0,0.0,0.0,0,0.0,0.0
677,2026-06-18 22:48:10,0.0,0.0,0.0,0.0,0.0,0,0.0,0.0
678,2026-06-18 22:48:15,0.0,0.0,0.0,0.0,26.2,0,0.0,0.0
679,2026-06-18 22:48:25,0.0,0.0,0.0,0.0,106.2,0,0.0,0.0
680,2026-06-18 22:48:30,0.0,0.0,0.0,0.0,86.1,0,0.0,0.0
681,2026-06-18 22:48:35,0.0,0.0,0.0,0.0,44.1,0,0.0,0.0
682,2026-06-18 22:48:40,0.0,0.0,0.0,0.0,28.2,0,0.0,0.0
683,2026-06-18 22:48:45,0.0,0.0,0.0,0.0,14.4,0,0.0,0.0
684,2026-06-18 22:48:50,0.0,0.0,0.0,0.0,9.2,0,0.0,0.0
685,2026-06-18 22:49:00,0.0,0.0,0.0,0.0,18.9,0,0.0,0.0
686,2026-06-18 22:49:05,0.0,0.0,0.0,0.0,9.7,0,0.0,0.0
687,2026-06-18 22:49:10,0.0,0.0,0.0,0.0,6.2,0,0.0,0.0
688,2026-06-18 22:49:15,0.0,0.0,0.0,0.0,3.2,0,0.0,0.0
689,2026-06-18 22:49:20,0.0,0.0,0.0,0.0,2.0,0,0.0,0.0
690,2026-06-18 22:49:25,0.0,0.0,0.0,0.0,29.8,0,0.0,0.0
691,2026-06-18 22:49:30,0.0,0.0,0.0,0.0,19.0,0,0.0,0.0
692,2026-06-18 22:49:35,0.0,0.0,0.0,0.0,9.7,0,0.0,0.0
693,2026-06-18 22:49:45,0.0,0.0,0.0,0.0,19.8,0,0.0,0.0
694,2026-06-18 22:49:55,0.0,0.0,0.0,0.0,25.9,0,0.0,0.0
695,2026-06-18 22:50:05,0.0,0.0,0.0,0.0,32.6,0,0.0,0.0
696,2026-06-18 22:50:10,0.0,0.0,0.0,0.0,47.2,0,0.0,0.0
697,2026-06-18 22:50:15,0.0,0.0,0.0,0.0,24.2,0,0.0,0.0
698,2026-06-18 22:50:20,0.0,0.0,0.0,0.0,15.5,0,0.0,0.0
699,2026-06-18 22:50:25,0.0,0.0,0.0,0.0,35.0,0,0.0,0.0
700,2026-06-18 22:50:30,0.0,0.0,0.0,0.0,22.4,0,0.0,0.0
701,2026-06-18 22:50:35,0.0,0.0,0.0,0.0,52.5,0,0.0,0.0
702,2026-06-18 22:50:40,0.0,0.0,0.0,0.0,33.6,0,0.0,0.0
703,2026-06-18 22:50:50,0.0,0.0,0.0,0.0,30.1,0,0.0,0.0
704,2026-06-18 22:50:55,0.0,0.0,0.0,0.0,15.4,0,0.0,0.0
705,2026-06-18 22:51:00,0.0,0.0,0.0,0.0,9.9,0,0.0,0.0
706,2026-06-18 22:51:05,0.0,0.0,0.0,0.0,5.1,0,0.0,0.0
707,2026-06-18 22:51:10,0.0,0.0,0.0,0.0,3.2,0,0.0,0.0
708,2026-06-18 22:51:15,0.0,0.0,0.0,0.0,1.7,0,0.0,0.0
709,2026-06-18 22:51:20,0.0,0.0,0.0,0.0,1.1,0,0.0,0.0
710,2026-06-18 22:51:25,0.0,0.0,0.0,0.0,0.5,0,0.0,0.0
711,2026-06-18 22:51:30,0.0,0.0,0.0,0.0,0.3,0,0.0,0.0
712,2026-06-18 22:51:35,0.0,0.0,0.0,0.0,0.2,0,0.0,0.0
713,2026-06-18 22:51:40,0.0,0.0,0.0,0.0,0.1,0,0.0,0.0
714,2026-06-18 22:51:45,0.0,0.0,0.0,0.0,0.1,0,0.0,0.0
715,2026-06-18 22:51:50,0.0,0.0,0.0,0.0,0.0,0,0.0,0.0
716,2026-06-18 22:51:55,0.0,0.0,0.0,0.0,0.0,0,0.0,0.0
717,2026-06-18 22:52:05,0.0,0.0,0.0,0.0,0.0,0,0.0,0.0
718,2026-06-18 22:52:10,0.0,0.0,0.0,0.0,0.0,0,0.0,0.0
719,2026-06-18 22:52:21,0.0,0.0,0.0,0.0,0.0,0,0.0,0.0
720,2026-06-18 22:52:25,0.0,0.0,0.0,0.0,0.0,0,0.0,0.0
721,2026-06-18 22:52:30,0.0,0.0,0.0,0.0,0.0,0,0.0,0.0
722,2026-06-18 22:52:35,0.0,0.0,0.0,0.0,0.0,0,0.0,0.0
723,2026-06-18 22:52:40,0.0,0.0,0.0,0.0,0.0,0,0.0,0.0
724,2026-06-18 22:52:45,0.0,0.0,0.0,0.0,0.0,0,0.0,0.0
725,2026-06-18 22:52:50,0.0,0.0,0.0,0.0,0.0,0,0.0,0.0
726,2026-06-18 22:52:55,0.0,0.0,0.0,0.0,19.8,0,0.0,0.0
727,2026-06-18 22:53:03,0.0,0.0,0.0,0.0,12.6,0,0.0,0.0
728,2026-06-18 22:53:05,0.0,0.0,0.0,0.0,6.5,0,0.0,0.0
729,2026-06-18 22:53:10,0.0,0.0,0.0,0.0,4.1,0,0.0,0.0
730,2026-06-18 22:53:15,0.0,0.0,0.0,0.0,9.0,0,0.0,0.0
731,2026-06-18 22:53:25,0.0,0.0,0.0,0.0,19.1,0,0.0,0.0
732,2026-06-18 22:53:32,0.0,0.0,0.0,0.0,12.2,0,0.0,0.0
733,2026-06-18 22:53:39,0.0,0.0,0.0,0.0,6.3,0,0.0,0.0
734,2026-06-18 22:53:40,0.0,0.0,0.0,0.0,4.0,0,0.0,0.0
735,2026-06-18 22:53:49,0.0,0.0,0.0,0.0,3.6,0,0.0,0.0
736,2026-06-18 22:53:50,0.0,0.0,0.0,0.0,2.3,0,0.0,0.0
737,2026-06-18 22:53:55,0.0,0.0,0.0,0.0,3.9,0,0.0,0.0
738,2026-06-18 22:54:00,0.0,0.0,0.0,0.0,20.2,0,0.0,0.0
739,2026-06-18 22:54:06,0.0,0.0,0.0,0.0,10.4,0,0.0,0.0
740,2026-06-18 22:54:14,0.0,0.0,0.0,0.0,6.6,0,0.0,0.0
741,2026-06-18 22:54:15,0.0,0.0,0.0,0.0,3.4,0,0.0,0.0
742,2026-06-18 22:54:20,0.0,0.0,0.0,0.0,2.2,0,0.0,0.0
743,2026-06-18 22:54:28,0.0,0.0,0.0,0.0,14.8,0,0.0,0.0
744,2026-06-18 22:54:30,0.0,0.0,0.0,0.0,9.5,0,0.0,0.0
745,2026-06-18 22:54:40,0.0,0.0,0.0,0.0,7.3,0,0.0,0.0
746,2026-06-18 22:54:45,0.0,0.0,0.0,0.0,4.2,0,0.0,0.0
747,2026-06-18 22:54:50,0.0,0.0,0.0,0.0,14.8,0,0.0,0.0
748,2026-06-18 22:54:55,0.0,0.0,0.0,0.0,7.6,0,0.0,0.0
749,2026-06-18 22:55:00,0.0,0.0,0.0,0.0,5.9,0,0.0,0.0
750,2026-06-18 22:55:05,0.0,0.0,0.0,0.0,13.9,0,0.0,0.0
751,2026-06-18 22:55:10,0.0,0.0,0.0,0.0,8.9,0,0.0,0.0
752,2026-06-18 22:55:15,0.0,0.0,0.0,0.0,4.6,0,0.0,0.0
753,2026-06-18 22:55:20,0.0,0.0,0.0,0.0,7.3,0,0.0,0.0
754,2026-06-18 22:55:25,0.0,0.0,0.0,0.0,17.2,0,0.0,0.0
755,2026-06-18 22:55:35,0.0,0.0,0.0,0.0,5.6,0,0.0,0.0
756,2026-06-18 22:55:40,0.0,0.0,0.0,0.0,3.6,0,0.0,0.0
757,2026-06-18 22:55:45,0.0,0.0,0.0,0.0,1.8,0,0.0,0.0
758,2026-06-18 22:55:50,0.0,0.0,0.0,0.0,1.2,0,0.0,0.0
759,2026-06-18 22:56:00,0.0,0.0,0.0,0.0,0.9,0,0.0,0.0
760,2026-06-18 22:56:05,0.0,0.0,0.0,0.0,0.4,0,0.0,0.0
761,2026-06-18 22:56:10,0.0,0.0,0.0,0.0,0.3,0,0.0,0.0
762,2026-06-18 22:56:15,0.0,0.0,0.0,0.0,1.7,0,0.0,0.0
763,2026-06-18 22:56:20,0.0,0.0,0.0,0.0,1.1,0,0.0,0.0
764,2026-06-18 22:56:25,0.0,0.0,0.0,0.0,13.0,0,0.0,0.0
765,2026-06-18 22:56:35,0.0,0.0,0.0,0.0,12.0,0,0.0,0.0
766,2026-06-18 22:56:40,0.0,0.0,0.0,0.0,7.7,0,0.0,0.0
767,2026-06-18 22:56:45,0.0,0.0,0.0,0.0,15.0,0,0.0,0.0
768,2026-06-18 22:56:50,0.0,0.0,0.0,0.0,31.1,0,0.0,0.0
769,2026-06-18 22:56:55,0.0,0.0,0.0,0.0,15.9,0,0.0,0.0
770,2026-06-18 22:57:00,0.0,0.0,0.0,0.0,10.6,0,0.0,0.0
771,2026-06-18 22:57:05,0.0,0.0,0.0,0.0,5.4,0,0.0,0.0
772,2026-06-18 22:57:10,0.0,0.0,0.0,0.0,3.5,0,0.0,0.0
773,2026-06-18 22:57:20,0.0,0.0,0.0,0.0,9.5,0,0.0,0.0
774,2026-06-18 22:57:25,0.0,0.0,0.0,0.0,4.9,0,0.0,0.0
775,2026-06-18 22:57:30,0.0,0.0,0.0,0.0,3.2,0,0.0,0.0
776,2026-06-18 22:57:35,0.0,0.0,0.0,0.0,1.6,0,0.0,0.0
777,2026-06-18 22:57:40,0.0,0.0,0.0,0.0,1.0,0,0.0,0.0
778,2026-06-18 22:57:45,0.0,0.0,0.0,0.0,9.5,0,0.0,0.0
779,2026-06-18 22:57:50,0.0,0.0,0.0,0.0,6.1,0,0.0,0.0
780,2026-06-18 22:57:55,0.0,0.0,0.0,0.0,12.2,0,0.0,0.0
781,2026-06-18 22:58:00,0.0,0.0,0.0,0.0,7.8,0,0.0,0.0
782,2026-06-18 22:58:05,0.0,0.0,0.0,0.0,4.1,0,0.0,0.0
783,2026-06-18 22:58:10,0.0,0.0,0.0,0.0,2.6,0,0.0,0.0
784,2026-06-18 22:58:15,0.0,0.0,0.0,0.0,7.8,0,0.0,0.0
785,2026-06-18 22:58:20,0.0,0.0,0.0,0.0,5.0,0,0.0,0.0
786,2026-06-18 22:58:25,0.0,0.0,0.0,0.0,2.6,0,0.0,0.0
787,2026-06-18 22:58:30,0.0,0.0,0.0,0.0,1.6,0,0.0,0.0
788,2026-06-18 22:58:40,0.0,0.0,0.0,0.0,0.5,0,0.0,0.0
789,2026-06-18 22:58:45,0.0,0.0,0.0,0.0,0.3,0,0.0,0.0
790,2026-06-18 22:58:50,0.0,0.0,0.0,0.0,23.9,0,0.0,0.0
791,2026-06-18 22:58:55,0.0,0.0,0.0,0.0,12.2,0,0.0,0.0
792,2026-06-18 22:59:00,0.0,0.0,0.0,0.0,7.8,0,0.0,0.0
793,2026-06-18 22:59:08,0.0,0.0,0.0,0.0,4.0,0,0.0,0.0
794,2026-06-18 22:59:14,0.0,0.0,0.0,0.0,2.6,0,0.0,0.0
795,2026-06-18 22:59:15,0.0,0.0,0.0,0.0,1.3,0,0.0,0.0
796,2026-06-18 22:59:20,0.0,0.0,0.0,0.0,0.8,0,0.0,0.0
797,2026-06-18 22:59:25,0.0,0.0,0.0,0.0,0.4,0,0.0,0.0
798,2026-06-18 22:59:35,0.0,0.0,0.0,0.0,0.1,0,0.0,0.0
799,2026-06-18 22:59:40,0.0,0.0,0.0,0.0,0.1,0,0.0,0.0
800,2026-06-18 22:59:45,0.0,0.0,0.0,0.0,0.0,0,0.0,0.0
801,2026-06-18 22:59:50,0.0,0.0,0.0,0.0,0.0,0,0.0,0.0
802,2026-06-18 22:59:55,0.0,0.0,0.0,0.0,0.0,0,0.0,0.0
803,2026-06-18 23:00:00,0.0,0.0,0.0,0.0,0.0,0,0.0,0.0
804,2026-06-18 23:00:05,0.0,0.0,0.0,0.0,0.0,0,0.0,0.0
805,2026-06-18 23:00:13,0.0,0.0,0.0,0.0,0.0,0,0.0,0.0
806,2026-06-18 23:00:15,0.0,0.0,0.0,0.0,0.0,0,0.0,0.0
807,2026-06-18 23:00:20,0.0,0.0,0.0,0.0,0.0,0,0.0,0.0
808,2026-06-18 23:00:30,0.0,0.0,0.0,0.0,0.0,0,0.0,0.0
809,2026-06-18 23:00:40,0.0,0.0,0.0,0.0,0.0,0,0.0,0.0
810,2026-06-18 23:00:45,0.0,0.0,0.0,0.0,0.0,0,0.0,0.0
811,2026-06-18 23:00:50,0.0,0.0,0.0,0.0,0.0,0,0.0,0.0
812,2026-06-18 23:00:55,0.0,0.0,0.0,0.0,0.0,0,0.0,0.0
813,2026-06-18 23:01:00,0.0,0.0,0.0,0.0,0.0,0,0.0,0.0
814,2026-06-18 23:01:05,0.0,0.0,0.0,0.0,0.0,0,0.0,0.0
815,2026-06-18 23:01:10,0.0,0.0,0.0,0.0,0.0,0,0.0,0.0
816,2026-06-18 23:01:15,0.0,0.0,0.0,0.0,0.0,0,0.0,0.0
817,2026-06-18 23:01:25,0.0,0.0,0.0,0.0,0.0,0,0.0,0.0
818,2026-06-18 23:01:30,0.0,0.0,0.0,0.0,0.0,0,0.0,0.0
819,2026-06-18 23:01:35,0.0,0.0,0.0,0.0,0.0,0,0.0,0.0
820,2026-06-18 23:01:40,0.0,0.0,0.0,0.0,0.0,0,0.0,0.0
821,2026-06-18 23:01:45,0.0,0.0,0.0,0.0,0.0,0,0.0,0.0
822,2026-06-18 23:01:50,0.0,0.0,0.0,0.0,0.0,0,0.0,0.0
823,2026-06-18 23:01:55,0.0,0.0,0.0,0.0,0.0,0,0.0,0.0
824,2026-06-18 23:02:00,0.0,0.0,0.0,0.0,0.0,0,0.0,0.0
825,2026-06-18 23:02:05,0.0,0.0,0.0,0.0,0.0,0,0.0,0.0
826,2026-06-18 23:02:10,0.0,0.0,0.0,0.0,0.0,0,0.0,0.0
827,2026-06-18 23:02:15,0.0,0.0,0.0,0.0,0.0,0,0.0,0.0
828,2026-06-18 23:02:20,0.0,0.0,0.0,0.0,0.0,0,0.0,0.0
829,2026-06-18 23:02:30,0.0,0.0,0.0,0.0,0.0,0,0.0,0.0
830,2026-06-18 23:02:35,0.0,0.0,0.0,0.0,0.0,0,0.0,0.0
831,2026-06-18 23:02:40,0.0,0.0,0.0,0.0,0.0,0,0.0,0.0
832,2026-06-18 23:02:45,0.0,0.0,0.0,0.0,0.0,0,0.0,0.0
833,2026-06-18 23:02:50,0.0,0.0,0.0,0.0,0.0,0,0.0,0.0
834,2026-06-18 23:02:55,0.0,0.0,0.0,0.0,0.0,0,0.0,0.0
835,2026-06-18 23:03:00,0.0,0.0,0.0,0.0,0.0,0,0.0,0.0
836,2026-06-18 23:03:05,0.0,0.0,0.0,0.0,0.0,0,0.0,0.0
837,2026-06-18 23:03:15,0.0,0.0,0.0,0.0,0.0,0,0.0,0.0
838,2026-06-18 23:03:25,0.0,0.0,0.0,0.0,15.7,0,0.0,0.0
839,2026-06-18 23:03:30,0.0,0.0,0.0,0.0,10.0,0,0.0,0.0
840,2026-06-18 23:03:35,0.0,0.0,0.0,0.0,7.4,0,0.0,0.0
841,2026-06-18 23:03:40,0.0,0.0,0.0,0.0,4.7,0,0.0,0.0
842,2026-06-18 23:03:45,0.0,0.0,0.0,0.0,2.5,0,0.0,0.0
843,2026-06-18 23:03:50,0.0,0.0,0.0,0.0,1.6,0,0.0,0.0
844,2026-06-18 23:04:00,0.0,0.0,0.0,0.0,14.3,0,0.0,0.0
845,2026-06-18 23:04:05,0.0,0.0,0.0,0.0,7.3,0,0.0,0.0
846,2026-06-18 23:04:10,0.0,0.0,0.0,0.0,4.7,0,0.0,0.0
847,2026-06-18 23:04:15,0.0,0.0,0.0,0.0,23.8,0,0.0,0.0
848,2026-06-18 23:04:20,0.0,0.0,0.0,0.0,15.3,0,0.0,0.0
849,2026-06-18 23:04:25,0.0,0.0,0.0,0.0,7.8,0,0.0,0.0
850,2026-06-18 23:04:35,0.0,0.0,0.0,0.0,11.1,0,0.0,0.0
851,2026-06-18 23:04:45,0.0,0.0,0.0,0.0,3.6,0,0.0,0.0
852,2026-06-18 23:04:50,0.0,0.0,0.0,0.0,10.3,0,0.0,0.0
853,2026-06-18 23:04:55,0.0,0.0,0.0,0.0,5.3,0,0.0,0.0
854,2026-06-18 23:05:00,0.0,0.0,0.0,0.0,3.4,0,0.0,0.0
855,2026-06-18 23:05:05,0.0,0.0,0.0,0.0,7.2,0,0.0,0.0
856,2026-06-18 23:05:10,0.0,0.0,0.0,0.0,4.6,0,0.0,0.0
857,2026-06-18 23:05:15,0.0,0.0,0.0,0.0,2.4,0,0.0,0.0
858,2026-06-18 23:05:20,0.0,0.0,0.0,0.0,1.5,0,0.0,0.0
859,2026-06-18 23:05:25,0.0,0.0,0.0,0.0,0.8,0,0.0,0.0
860,2026-06-18 23:05:30,0.0,0.0,0.0,0.0,0.5,0,0.0,0.0
861,2026-06-18 23:05:35,0.0,0.0,0.0,0.0,2.8,0,0.0,0.0
862,2026-06-18 23:05:40,0.0,0.0,0.0,0.0,1.8,0,0.0,0.0
863,2026-06-18 23:05:45,0.0,0.0,0.0,0.0,4.0,0,0.0,0.0
864,2026-06-18 23:05:50,0.0,0.0,0.0,0.0,2.5,0,0.0,0.0
865,2026-06-18 23:05:55,0.0,0.0,0.0,0.0,1.5,0,0.0,0.0
866,2026-06-18 23:06:05,0.0,0.0,0.0,0.0,0.5,0,0.0,0.0
867,2026-06-18 23:06:10,0.0,0.0,0.0,0.0,0.3,0,0.0,0.0
868,2026-06-18 23:06:15,0.0,0.0,0.0,0.0,0.2,0,0.0,0.0
869,2026-06-18 23:06:20,0.0,0.0,0.0,0.0,7.4,0,0.0,0.0
870,2026-06-18 23:06:25,0.0,0.0,0.0,0.0,3.8,0,0.0,0.0
871,2026-06-18 23:06:35,0.0,0.0,0.0,0.0,1.2,0,0.0,0.0
872,2026-06-18 23:06:45,0.0,0.0,0.0,0.0,25.7,0,0.0,0.0
873,2026-06-18 23:06:50,0.0,0.0,0.0,0.0,16.4,0,0.0,0.0
874,2026-06-18 23:06:55,0.0,0.0,0.0,0.0,8.4,0,0.0,0.0
875,2026-06-18 23:07:00,0.0,0.0,0.0,0.0,5.4,0,0.0,0.0
876,2026-06-18 23:07:05,0.0,0.0,0.0,0.0,2.8,0,0.0,0.0
877,2026-06-18 23:07:10,0.0,0.0,0.0,0.0,1.8,0,0.0,0.0
878,2026-06-18 23:07:15,0.0,0.0,0.0,0.0,0.9,0,0.0,0.0
879,2026-06-18 23:07:20,0.0,0.0,0.0,0.0,0.6,0,0.0,0.0
880,2026-06-18 23:07:30,0.0,0.0,0.0,0.0,0.2,0,0.0,0.0
881,2026-06-18 23:07:40,0.0,0.0,0.0,0.0,0.1,0,0.0,0.0
882,2026-06-18 23:07:45,0.0,0.0,0.0,0.0,0.0,0,0.0,0.0
883,2026-06-18 23:07:50,0.0,0.0,0.0,0.0,0.0,0,0.0,0.0
884,2026-06-18 23:07:55,0.0,0.0,0.0,0.0,0.0,0,0.0,0.0
885,2026-06-18 23:08:00,0.0,0.0,0.0,0.0,0.0,0,0.0,0.0
886,2026-06-18 23:08:05,0.0,0.0,0.0,0.0,0.0,0,0.0,0.0
887,2026-06-18 23:08:10,0.0,0.0,0.0,0.0,0.0,0,0.0,0.0
888,2026-06-18 23:08:15,0.0,0.0,0.0,0.0,0.0,0,0.0,0.0
889,2026-06-18 23:08:20,0.0,0.0,0.0,0.0,0.0,0,0.0,0.0
890,2026-06-18 23:08:25,0.0,0.0,0.0,0.0,0.0,0,0.0,0.0
891,2026-06-18 23:08:30,0.0,0.0,0.0,0.0,0.0,0,0.0,0.0
892,2026-06-19 08:01:09,14.0,15.0,31.3,71.1,598.7,0,0.0,0.0
893,2026-06-19 08:01:14,14.4,15.4,31.3,71.1,600.0,0,0.0,0.0
894,2026-06-19 08:01:19,14.8,16.0,31.2,71.1,599.1,0,0.0,0.0
895,2026-06-19 08:01:24,15.1,16.4,31.3,71.1,600.9,0,0.0,0.0
896,2026-06-19 08:01:29,15.6,16.8,31.3,71.1,600.2,0,0.0,0.0
897,2026-06-19 08:01:34,15.8,16.9,31.3,71.1,598.8,0,0.0,0.0
898,2026-06-19 08:01:39,15.9,16.9,31.3,71.1,597.0,0,0.0,0.0
899,2026-06-19 08:01:44,15.7,16.7,31.3,71.2,595.9,0,0.0,0.0
900,2026-06-19 08:01:49,15.3,15.7,31.3,71.1,592.9,0,0.0,0.0
901,2026-06-19 08:01:54,14.9,15.4,31.3,71.1,593.8,0,0.0,0.0
902,2026-06-19 08:01:59,14.4,15.2,31.3,71.1,595.4,0,0.0,0.0
903,2026-06-19 08:02:04,14.2,15.1,31.3,71.0,595.2,0,0.0,0.0
904,2026-06-19 08:02:09,14.1,15.0,31.3,71.1,595.1,0,0.0,0.0
905,2026-06-19 08:02:14,14.3,15.3,31.3,71.1,596.6,0,0.0,0.0
906,2026-06-19 08:02:19,14.7,15.7,31.3,71.1,600.7,0,0.0,0.0
907,2026-06-19 08:02:24,14.8,15.8,31.3,71.1,600.1,0,0.0,0.0
908,2026-06-19 08:02:29,14.9,15.9,31.3,71.1,601.1,0,0.0,0.0
909,2026-06-19 08:02:34,14.5,15.5,31.3,71.1,603.5,0,0.0,0.0
910,2026-06-19 08:02:39,14.1,15.1,31.3,71.1,608.1,0,0.0,0.0
911,2026-06-19 08:02:44,14.0,15.0,31.3,71.1,612.1,0,0.0,0.0
912,2026-06-19 08:02:49,14.0,15.0,31.3,71.1,614.8,0,0.0,0.0
913,2026-06-19 08:02:54,14.0,15.0,31.3,71.2,615.3,0,0.0,0.0
914,2026-06-19 08:02:59,14.0,15.0,31.3,71.1,619.2,0,0.0,0.0
915,2026-06-19 08:03:04,14.0,15.0,31.3,71.1,620.9,0,0.0,0.0
916,2026-06-19 08:03:09,14.4,15.4,31.3,71.1,621.6,0,0.0,0.0
917,2026-06-19 08:03:14,14.7,15.7,31.3,71.1,621.4,0,0.0,0.0
918,2026-06-19 08:03:19,14.9,15.9,31.3,71.1,617.0,0,0.0,0.0
919,2026-06-19 08:03:24,14.9,15.9,31.3,71.1,612.9,0,0.0,0.0
920,2026-06-19 08:03:29,15.0,16.0,31.3,71.0,604.9,0,0.0,0.0
921,2026-06-19 08:03:34,15.0,16.0,31.3,71.1,601.4,0,0.0,0.0
922,2026-06-19 08:03:39,15.0,16.0,31.3,71.1,599.7,0,0.0,0.0
923,2026-06-19 08:03:44,15.0,15.7,31.3,71.1,598.4,0,0.0,0.0
924,2026-06-19 08:03:49,15.0,15.3,31.3,71.1,599.8,0,0.0,0.0
925,2026-06-19 08:03:54,15.0,15.4,31.3,71.1,600.7,0,0.0,0.0
926,2026-06-19 08:03:59,15.0,15.8,31.3,71.0,603.3,0,0.0,0.0
927,2026-06-19 08:04:04,15.0,15.9,31.3,71.0,601.9,0,0.0,0.0
928,2026-06-19 08:04:09,15.0,15.9,31.3,71.1,601.0,0,0.0,0.0
929,2026-06-19 08:04:14,15.0,16.0,31.3,71.0,602.2,0,0.0,0.0
930,2026-06-19 08:04:19,15.0,16.0,31.3,71.1,602.0,0,0.0,0.0
931,2026-06-19 08:04:24,15.0,16.2,31.3,71.1,601.1,0,0.0,0.0
932,2026-06-19 08:04:29,15.0,16.7,31.3,71.1,604.1,0,0.0,0.0
933,2026-06-19 08:04:34,15.0,16.8,31.3,71.0,603.6,0,0.0,0.0
934,2026-06-19 08:04:39,15.3,16.9,31.3,71.0,602.7,0,0.0,0.0
935,2026-06-19 08:04:44,15.2,16.7,31.3,70.9,601.9,0,0.0,0.0
936,2026-06-19 08:04:49,15.1,16.3,31.3,71.0,608.3,0,0.0,0.0
937,2026-06-19 08:04:54,15.0,16.2,31.4,70.9,609.5,0,0.0,0.0
938,2026-06-19 08:04:59,15.0,16.1,31.4,70.9,613.3,0,0.0,0.0
939,2026-06-19 08:05:04,15.0,16.0,31.4,70.8,615.9,0,0.0,0.0
940,2026-06-19 08:05:09,15.0,16.0,31.4,70.9,616.7,0,0.0,0.0
941,2026-06-19 08:05:14,15.0,16.0,31.4,70.9,614.5,0,0.0,0.0
942,2026-06-19 08:05:19,15.0,16.0,31.3,70.8,611.6,0,0.0,0.0
943,2026-06-19 08:05:24,15.0,16.0,31.3,70.8,611.6,0,0.0,0.0
944,2026-06-19 08:05:29,15.0,16.0,31.4,70.8,611.9,0,0.0,0.0
945,2026-06-19 08:05:34,15.0,16.0,31.4,70.8,610.9,0,0.0,0.0
946,2026-06-19 08:05:39,14.4,15.4,31.4,70.8,609.8,0,0.0,0.0
947,2026-06-19 08:05:44,14.2,15.2,31.4,70.7,612.1,0,0.0,0.0
948,2026-06-19 08:05:49,14.4,15.1,31.4,70.8,613.1,0,0.0,0.0
949,2026-06-19 08:05:54,14.6,15.1,31.4,70.8,615.2,0,0.0,0.0
950,2026-06-19 08:05:59,14.8,15.0,31.3,70.8,617.9,0,0.0,0.0
951,2026-06-19 08:06:04,14.7,15.0,31.4,70.8,618.0,0,0.0,0.0
952,2026-06-19 08:06:09,14.3,15.0,31.4,70.7,617.5,0,0.0,0.0
953,2026-06-19 08:06:14,14.2,15.0,31.4,70.8,618.0,0,0.0,0.0
954,2026-06-19 08:06:19,14.1,15.0,31.4,70.8,619.4,0,0.0,0.0
955,2026-06-19 08:06:24,14.3,15.0,31.4,70.7,618.5,0,0.0,0.0
956,2026-06-19 08:06:29,14.7,15.0,31.4,70.8,613.5,0,0.0,0.0
957,2026-06-19 08:06:34,14.8,15.4,31.4,70.7,608.4,0,0.0,0.0
958,2026-06-19 08:06:39,14.9,15.8,31.4,70.8,603.2,0,0.0,0.0
959,2026-06-19 08:06:44,15.0,15.9,31.4,70.7,603.5,0,0.0,0.0
960,2026-06-19 08:06:49,15.0,15.7,31.4,70.8,603.3,0,0.0,0.0
961,2026-06-19 08:06:54,14.6,15.4,31.4,70.8,603.0,0,0.0,0.0
962,2026-06-19 08:06:59,14.2,15.2,31.4,70.7,603.3,0,0.0,0.0
963,2026-06-19 08:07:04,14.1,15.1,31.4,70.8,603.8,0,0.0,0.0
964,2026-06-19 08:07:09,14.2,15.0,31.4,70.8,602.7,0,0.0,0.0
965,2026-06-19 08:07:14,14.1,15.0,31.3,70.8,600.5,0,0.0,0.0
966,2026-06-19 08:07:19,14.0,14.4,31.4,70.8,600.8,0,0.0,0.0
967,2026-06-19 08:07:24,14.0,14.7,31.3,70.8,600.7,0,0.0,0.0
968,2026-06-19 08:07:29,14.3,15.1,31.4,70.7,600.9,0,0.0,0.0
969,2026-06-19 08:07:34,14.6,15.5,31.4,70.9,601.1,0,0.0,0.0
970,2026-06-19 08:07:39,14.8,15.8,31.4,71.0,599.4,0,0.0,0.0
971,2026-06-19 08:07:44,14.9,15.9,31.4,71.0,597.0,0,0.0,0.0
972,2026-06-19 08:07:49,14.5,16.0,31.4,71.0,596.3,0,0.0,0.0
973,2026-06-19 08:07:54,14.3,16.0,31.4,71.0,595.5,0,0.0,0.0
974,2026-06-19 08:07:59,14.7,16.0,31.4,70.8,594.5,0,0.0,0.0
975,2026-06-19 08:08:04,14.6,15.7,31.4,70.9,593.3,0,0.0,0.0
976,2026-06-19 08:08:09,14.2,15.3,31.4,70.9,592.6,0,0.0,0.0
977,2026-06-19 08:08:14,14.4,15.4,31.4,70.9,593.1,0,0.0,0.0
978,2026-06-19 08:08:19,14.7,15.8,31.4,70.9,590.5,0,0.0,0.0
979,2026-06-19 08:08:24,14.6,15.6,31.4,70.8,592.2,0,0.0,0.0
980,2026-06-19 08:08:29,14.3,15.3,31.4,71.0,596.5,0,0.0,0.0
981,2026-06-19 08:08:34,14.4,15.1,31.4,71.0,597.0,0,0.0,0.0
982,2026-06-19 08:08:39,14.7,15.6,31.5,71.1,596.6,0,0.0,0.0
983,2026-06-19 08:08:44,14.9,15.8,31.4,71.0,595.1,0,0.0,0.0
984,2026-06-19 08:08:49,14.9,15.9,31.4,70.9,592.8,0,0.0,0.0
985,2026-06-19 08:08:54,15.0,15.7,31.4,70.9,589.9,0,0.0,0.0
986,2026-06-19 08:08:59,14.5,15.3,31.5,70.9,587.8,0,0.0,0.0
987,2026-06-19 08:09:04,14.3,15.2,31.5,70.8,587.3,0,0.0,0.0
988,2026-06-19 08:09:09,14.1,15.1,31.5,70.9,586.6,0,0.0,0.0
989,2026-06-19 08:09:14,14.1,15.0,31.5,70.9,585.6,0,0.0,0.0
990,2026-06-19 08:09:19,14.0,15.0,31.5,70.8,583.9,0,0.0,0.0
991,2026-06-19 08:09:24,14.0,14.8,31.5,70.8,583.9,0,0.0,0.0
992,2026-06-19 08:09:29,14.0,14.3,31.5,70.8,585.1,0,0.0,0.0
993,2026-06-19 08:09:34,14.0,14.2,31.5,70.8,583.6,0,0.0,0.0
994,2026-06-19 08:09:39,14.0,14.3,31.5,70.8,584.0,0,0.0,0.0
995,2026-06-19 08:09:44,14.0,14.6,31.5,70.7,584.7,0,0.0,0.0
996,2026-06-19 08:09:49,14.0,14.8,31.5,70.7,584.8,0,0.0,0.0
997,2026-06-19 08:09:54,14.0,15.3,31.5,70.7,585.2,0,0.0,0.0
998,2026-06-19 08:09:59,14.0,15.1,31.6,70.7,584.3,0,0.0,0.0
999,2026-06-19 08:10:04,13.8,14.8,31.6,70.6,584.6,0,0.0,0.0
1000,2026-06-19 08:10:09,13.3,14.4,31.6,70.6,586.8,0,0.0,0.0
1001,2026-06-19 08:10:14,13.2,13.8,31.5,70.6,588.6,0,0.0,0.0
1002,2026-06-19 08:10:19,13.1,13.3,31.6,70.6,588.6,0,0.0,0.0
1003,2026-06-19 08:10:24,13.0,13.4,31.6,70.6,588.1,0,0.0,0.0
1004,2026-06-19 08:10:29,13.6,14.3,31.5,70.6,585.8,0,0.0,0.0
1005,2026-06-19 08:10:34,13.3,14.2,31.6,70.5,584.6,0,0.0,0.0
1006,2026-06-19 08:10:39,13.1,14.1,31.6,70.5,585.0,0,0.0,0.0
1007,2026-06-19 08:10:44,13.1,14.0,31.6,70.5,584.4,0,0.0,0.0
1008,2026-06-19 08:10:49,13.0,14.0,31.6,70.5,583.4,0,0.0,0.0
1009,2026-06-19 08:10:54,13.0,14.0,31.6,70.5,584.1,0,0.0,0.0
1010,2026-06-19 08:10:59,13.4,14.0,31.6,70.5,581.7,0,0.0,0.0
1011,2026-06-19 08:11:04,13.7,14.0,31.6,70.5,581.1,0,0.0,0.0
1012,2026-06-19 08:11:09,13.9,14.0,31.6,70.5,580.7,0,0.0,0.0
1013,2026-06-19 08:11:14,13.9,14.4,31.7,70.4,580.4,0,0.0,0.0
1014,2026-06-19 08:11:19,14.0,14.8,31.6,70.4,581.6,0,0.0,0.0
1015,2026-06-19 08:11:24,14.0,14.9,31.6,70.4,583.2,0,0.0,0.0
1016,2026-06-19 08:11:29,14.0,14.9,31.7,70.4,583.1,0,0.0,0.0
1017,2026-06-19 08:11:34,14.0,15.0,31.6,70.4,581.6,0,0.0,0.0
1018,2026-06-19 08:11:39,14.0,15.0,31.6,70.5,581.1,0,0.0,0.0
1019,2026-06-19 08:11:44,14.0,15.0,31.6,70.4,580.1,0,0.0,0.0
1020,2026-06-19 08:11:49,14.0,15.0,31.6,70.4,579.6,0,0.0,0.0
1021,2026-06-19 08:11:54,14.0,15.0,31.6,70.3,579.3,0,0.0,0.0
1022,2026-06-19 08:11:59,14.0,15.0,31.7,70.4,580.2,0,0.0,0.0
1023,2026-06-19 08:12:04,13.7,14.7,31.6,70.4,579.6,0,0.0,0.0
1024,2026-06-19 08:12:09,13.3,14.3,31.6,70.3,580.1,0,0.0,0.0
1025,2026-06-19 08:12:14,13.4,14.4,31.7,70.4,578.4,0,0.0,0.0
1026,2026-06-19 08:12:19,13.2,14.2,31.6,70.4,578.3,0,0.0,0.0
1027,2026-06-19 08:12:24,13.1,14.1,31.7,70.4,579.3,0,0.0,0.0
1028,2026-06-19 08:12:29,13.0,14.3,31.7,70.3,576.7,0,0.0,0.0
1029,2026-06-19 08:12:34,13.3,14.6,31.6,70.4,576.8,0,0.0,0.0
1030,2026-06-19 08:12:39,13.7,14.8,31.6,70.3,577.3,0,0.0,0.0
1031,2026-06-19 08:12:44,13.8,14.9,31.7,70.3,577.6,0,0.0,0.0
1032,2026-06-19 08:12:49,13.9,15.0,31.7,70.3,578.3,0,0.0,0.0
1033,2026-06-19 08:12:54,14.0,15.0,31.7,70.3,577.3,0,0.0,0.0
1034,2026-06-19 08:12:59,14.0,15.0,31.6,70.3,576.1,0,0.0,0.0
1035,2026-06-19 08:13:04,14.2,15.2,31.7,70.3,576.0,0,0.0,0.0
1036,2026-06-19 08:13:09,14.7,15.7,31.7,70.3,573.8,0,0.0,0.0
1037,2026-06-19 08:13:14,14.4,15.6,31.7,70.3,575.9,0,0.0,0.0
1038,2026-06-19 08:13:19,14.2,15.2,31.7,70.3,575.8,0,0.0,0.0
1039,2026-06-19 08:13:24,14.1,15.1,31.7,70.2,576.6,0,0.0,0.0
1040,2026-06-19 08:13:29,14.0,15.1,31.7,70.3,576.7,0,0.0,0.0
1041,2026-06-19 08:13:34,14.0,15.0,31.7,70.3,577.0,0,0.0,0.0
1042,2026-06-19 08:13:39,14.3,15.0,31.7,70.3,575.5,0,0.0,0.0
1043,2026-06-19 08:13:44,14.6,15.4,31.7,70.3,575.2,0,0.0,0.0
1044,2026-06-19 08:13:49,15.1,16.0,31.6,70.3,576.4,0,0.0,0.0
1045,2026-06-19 08:13:54,15.5,16.4,31.7,70.4,575.9,0,0.0,0.0
1046,2026-06-19 08:13:59,15.2,16.8,31.7,70.3,578.1,0,0.0,0.0
1047,2026-06-19 08:14:04,15.1,16.9,31.7,70.4,577.3,0,0.0,0.0
1048,2026-06-19 08:14:09,15.0,16.4,31.7,70.4,576.2,0,0.0,0.0
1049,2026-06-19 08:14:14,15.0,16.2,31.7,70.3,578.0,0,0.0,0.0
1050,2026-06-19 08:14:19,14.4,15.5,31.7,70.3,578.4,0,0.0,0.0
1051,2026-06-19 08:14:24,14.2,15.3,31.7,70.4,578.6,0,0.0,0.0
1052,2026-06-19 08:14:29,13.5,14.5,31.7,70.3,579.4,0,0.0,0.0
1053,2026-06-19 08:14:34,13.3,14.3,31.7,70.4,580.9,0,0.0,0.0
1054,2026-06-19 08:14:39,13.1,14.1,31.6,70.4,581.7,0,0.0,0.0
1055,2026-06-19 08:14:59,13.9,14.8,31.7,70.4,583.8,0,0.0,0.0
1056,2026-06-19 08:15:04,13.7,14.6,31.6,70.5,584.4,0,0.0,0.0
1057,2026-06-19 08:15:09,13.3,14.3,31.6,70.4,588.8,0,0.0,0.0
1058,2026-06-19 08:15:14,13.2,14.1,31.6,70.4,591.5,0,0.0,0.0
1059,2026-06-19 08:15:19,13.1,14.1,31.6,70.5,593.1,0,0.0,0.0
1060,2026-06-19 08:15:24,13.3,14.3,31.6,70.5,595.5,0,0.0,0.0
1061,2026-06-19 08:15:29,13.7,14.7,31.6,70.5,598.7,0,0.0,0.0
1062,2026-06-19 08:15:34,14.1,15.1,31.6,70.5,599.7,0,0.0,0.0
1063,2026-06-19 08:15:39,14.6,15.6,31.6,70.5,599.4,0,0.0,0.0
1064,2026-06-19 08:15:44,14.8,16.0,31.6,70.5,600.3,0,0.0,0.0
1065,2026-06-19 08:15:49,14.9,16.6,31.6,70.6,599.4,0,0.0,0.0
1066,2026-06-19 08:15:54,14.9,16.5,31.6,70.5,601.5,0,0.0,0.0
1067,2026-06-19 08:15:59,15.0,16.2,31.6,70.6,603.4,0,0.0,0.0
1068,2026-06-19 08:16:04,15.0,16.1,31.6,70.6,603.6,0,0.0,0.0
1069,2026-06-19 08:16:09,15.0,16.1,31.6,70.6,605.5,0,0.0,0.0
1070,2026-06-19 08:16:14,15.0,16.0,31.6,70.6,603.1,0,0.0,0.0
1071,2026-06-19 08:16:19,15.0,16.0,31.6,70.6,601.9,0,0.0,0.0
1072,2026-06-19 08:16:24,15.0,15.8,31.6,70.6,600.5,0,0.0,0.0
1073,2026-06-19 08:16:29,14.4,15.3,31.6,70.6,601.5,0,0.0,0.0
1074,2026-06-19 08:16:34,14.2,15.2,31.6,70.6,603.0,0,0.0,0.0
1075,2026-06-19 08:16:39,14.1,15.1,31.6,70.6,602.0,0,0.0,0.0
1076,2026-06-19 08:16:44,14.1,15.3,31.6,70.6,603.9,0,0.0,0.0
1077,2026-06-19 08:16:49,14.0,15.7,31.6,70.6,604.5,0,0.0,0.0
1078,2026-06-19 08:16:54,14.0,15.8,31.6,70.6,602.5,0,0.0,0.0
1079,2026-06-19 08:16:59,14.0,15.9,31.6,70.6,602.0,0,0.0,0.0
1080,2026-06-19 08:17:04,14.0,15.7,31.6,70.6,602.8,0,0.0,0.0
1081,2026-06-19 08:17:09,14.0,15.9,31.6,70.6,603.1,0,0.0,0.0
1082,2026-06-19 08:17:14,14.3,15.9,31.5,70.6,602.4,0,0.0,0.0
1083,2026-06-19 08:17:19,14.7,16.0,31.6,70.6,602.8,0,0.0,0.0
1084,2026-06-19 08:17:24,14.8,16.0,31.5,70.6,603.0,0,0.0,0.0
1085,2026-06-19 08:17:29,14.7,15.6,31.6,70.6,604.1,0,0.0,0.0
1086,2026-06-19 08:17:34,14.4,15.3,31.6,70.6,606.1,0,0.0,0.0
1087,2026-06-19 08:17:39,14.2,14.7,31.6,70.6,609.2,0,0.0,0.0
1088,2026-06-19 08:17:44,13.8,14.4,31.6,70.6,611.2,0,0.0,0.0
1089,2026-06-19 08:17:49,13.4,14.2,31.6,70.6,613.5,0,0.0,0.0
1090,2026-06-19 08:17:54,13.4,14.1,31.5,70.6,614.6,0,0.0,0.0
1091,2026-06-19 08:17:59,13.8,14.6,31.5,70.6,614.1,0,0.0,0.0
1092,2026-06-19 08:18:04,13.9,14.8,31.6,70.6,612.4,0,0.0,0.0
1093,2026-06-19 08:18:09,13.9,14.9,31.5,70.6,612.4,0,0.0,0.0
1094,2026-06-19 08:18:14,14.0,14.9,31.6,70.7,611.4,0,0.0,0.0
1095,2026-06-19 08:18:19,14.0,15.0,31.5,70.6,613.6,0,0.0,0.0
1096,2026-06-19 08:18:24,14.0,15.0,31.5,70.6,614.6,0,0.0,0.0
1097,2026-06-19 08:18:29,14.0,14.4,31.5,70.7,614.1,0,0.0,0.0
1098,2026-06-19 08:18:34,14.0,14.7,31.5,70.7,612.4,0,0.0,0.0
1099,2026-06-19 08:18:39,14.0,14.9,31.5,70.7,614.1,0,0.0,0.0
1100,2026-06-19 08:18:44,14.0,14.9,31.5,70.7,612.6,0,0.0,0.0
1101,2026-06-19 08:18:49,14.0,15.0,31.5,70.8,610.7,0,0.0,0.0
1102,2026-06-19 08:18:54,14.0,15.0,31.5,70.8,612.1,0,0.0,0.0
1103,2026-06-19 08:18:59,14.0,15.0,31.5,70.7,613.2,0,0.0,0.0
1104,2026-06-19 08:19:04,14.0,15.0,31.5,70.8,612.8,0,0.0,0.0
1105,2026-06-19 08:19:09,14.4,15.0,31.5,70.7,612.4,0,0.0,0.0
1106,2026-06-19 08:19:14,14.7,15.2,31.5,70.7,613.1,0,0.0,0.0
1107,2026-06-19 08:19:19,14.6,15.1,31.5,70.8,612.3,0,0.0,0.0
1108,2026-06-19 08:19:24,14.3,15.1,31.5,70.8,612.5,0,0.0,0.0
1109,2026-06-19 08:19:29,14.1,14.4,31.5,70.8,613.5,0,0.0,0.0
1110,2026-06-19 08:19:34,14.1,14.3,31.5,70.8,613.1,0,0.0,0.0
1111,2026-06-19 08:19:39,14.0,14.7,31.5,70.8,613.0,0,0.0,0.0
1112,2026-06-19 08:19:44,14.0,14.8,31.5,70.8,612.0,0,0.0,0.0
1113,2026-06-19 08:19:49,14.4,15.4,31.5,70.8,613.1,0,0.0,0.0
1114,2026-06-19 08:19:54,14.7,15.6,31.5,70.8,613.2,0,0.0,0.0
1115,2026-06-19 08:19:59,14.9,15.8,31.5,70.8,615.2,0,0.0,0.0
1116,2026-06-19 08:20:04,14.9,15.9,31.5,70.8,616.2,0,0.0,0.0
1117,2026-06-19 08:20:09,15.0,16.0,31.5,70.8,613.8,0,0.0,0.0
1118,2026-06-19 08:20:14,15.0,16.2,31.5,70.8,613.2,0,0.0,0.0
1119,2026-06-19 08:20:19,15.0,16.7,31.5,70.8,613.0,0,0.0,0.0
1120,2026-06-19 08:20:24,15.0,16.8,31.5,70.9,611.6,0,0.0,0.0
1121,2026-06-19 09:01:16,21.0,24.0,31.5,73.5,1078.1,0,0.0,0.0
1122,2026-06-19 09:01:21,21.9,25.3,31.5,73.4,1058.5,0,0.0,0.0
1123,2026-06-19 09:01:26,22.3,25.6,31.5,73.5,1001.5,0,0.0,0.0
1124,2026-06-19 09:01:31,21.4,24.2,31.5,73.5,964.4,0,0.0,0.0
1125,2026-06-19 09:01:36,20.0,22.3,31.5,73.5,916.7,0,0.0,0.0
1126,2026-06-19 09:01:41,19.6,21.7,31.5,73.5,890.1,0,0.0,0.0
1127,2026-06-19 09:01:47,19.2,21.1,31.5,73.5,858.3,0,0.0,0.0
1128,2026-06-19 09:01:52,19.1,20.6,31.5,73.4,842.3,0,0.0,0.0
1129,2026-06-19 09:01:57,19.1,20.5,31.5,73.5,821.3,0,0.0,0.0
1130,2026-06-19 09:02:01,19.0,20.7,31.5,73.5,813.4,0,0.0,0.0
1131,2026-06-19 09:02:06,19.0,20.9,31.5,73.5,805.4,0,0.0,0.0
1132,2026-06-19 09:02:12,19.0,20.9,31.4,73.5,801.4,0,0.0,0.0
1133,2026-06-19 09:02:17,19.0,21.0,31.5,73.5,791.9,0,0.0,0.0
1134,2026-06-19 09:02:21,19.0,21.0,31.5,73.5,787.6,0,0.0,0.0
1135,2026-06-19 09:02:27,19.0,21.0,31.5,73.5,782.9,0,0.0,0.0
1136,2026-06-19 09:02:32,19.4,21.4,31.5,73.5,780.5,0,0.0,0.0
1137,2026-06-19 09:02:36,19.8,21.8,31.5,73.6,778.9,0,0.0,0.0
1138,2026-06-19 09:02:42,19.9,21.9,31.5,73.6,777.7,0,0.0,0.0
1139,2026-06-19 09:02:47,19.4,20.8,31.5,73.7,773.8,0,0.0,0.0
1140,2026-06-19 09:02:52,19.0,20.4,31.5,73.7,769.4,0,0.0,0.0
1141,2026-06-19 09:02:56,18.4,20.2,31.5,73.7,769.8,0,0.0,0.0
1142,2026-06-19 09:03:01,18.2,20.1,31.5,73.7,766.5,0,0.0,0.0
1143,2026-06-19 09:03:06,18.1,20.0,31.5,73.7,761.3,0,0.0,0.0
1144,2026-06-19 09:03:12,18.1,19.8,31.5,73.7,760.2,0,0.0,0.0
1145,2026-06-19 09:03:16,18.0,19.3,31.5,73.7,759.1,0,0.0,0.0
1146,2026-06-19 09:03:21,18.0,19.2,31.5,73.7,758.8,0,0.0,0.0
1147,2026-06-19 09:03:26,18.0,19.3,31.5,73.8,753.9,0,0.0,0.0
1148,2026-06-19 09:03:31,18.0,19.6,31.5,73.7,751.7,0,0.0,0.0
1149,2026-06-19 09:03:36,18.0,19.8,31.5,73.8,750.9,0,0.0,0.0
1150,2026-06-19 09:03:41,18.0,19.9,31.5,73.7,749.5,0,0.0,0.0
1151,2026-06-19 09:03:46,18.0,20.4,31.5,73.7,747.7,0,0.0,0.0
1152,2026-06-19 09:03:51,18.3,20.7,31.5,73.7,745.0,0,0.0,0.0
1153,2026-06-19 09:03:56,18.7,20.9,31.5,73.8,741.4,0,0.0,0.0
1154,2026-06-19 09:04:01,18.4,20.9,31.5,73.8,740.0,0,0.0,0.0
1155,2026-06-19 09:04:06,18.2,21.0,31.5,73.8,738.4,0,0.0,0.0
1156,2026-06-19 09:04:11,18.1,21.0,31.5,73.8,736.4,0,0.0,0.0
1157,2026-06-19 09:04:16,18.0,20.7,31.5,73.8,734.7,0,0.0,0.0
1158,2026-06-19 09:04:21,18.0,20.4,31.5,73.8,733.8,0,0.0,0.0
1159,2026-06-19 09:04:27,18.0,20.2,31.5,73.8,732.0,0,0.0,0.0
1160,2026-06-19 09:04:31,17.6,19.7,31.5,73.7,728.2,0,0.0,0.0
1161,2026-06-19 09:04:36,17.2,19.3,31.5,73.8,726.7,0,0.0,0.0
1162,2026-06-19 09:04:41,17.6,19.6,31.5,73.7,725.9,0,0.0,0.0
1163,2026-06-19 09:04:46,17.8,19.8,31.6,73.8,723.0,0,0.0,0.0
1164,2026-06-19 09:04:51,17.5,19.5,31.5,73.8,722.8,0,0.0,0.0
1165,2026-06-19 09:04:56,17.2,19.2,31.6,73.8,718.9,0,0.0,0.0
1166,2026-06-19 09:05:01,17.1,19.5,31.5,73.8,709.7,0,0.0,0.0
1167,2026-06-19 09:05:06,17.0,19.8,31.5,73.8,692.4,0,0.0,0.0
1168,2026-06-19 09:05:11,17.0,19.9,31.5,73.8,686.4,0,0.0,0.0
1169,2026-06-19 09:05:16,17.4,20.0,31.6,73.8,676.8,0,0.0,0.0
1170,2026-06-19 09:05:21,17.7,20.0,31.6,73.9,674.5,0,0.0,0.0
1171,2026-06-19 09:05:26,17.9,20.0,31.5,73.9,669.4,0,0.0,0.0
1172,2026-06-19 09:05:31,17.5,20.0,31.6,73.9,666.6,0,0.0,0.0
1173,2026-06-19 09:05:36,17.2,19.6,31.6,73.9,661.6,0,0.0,0.0
1174,2026-06-19 09:05:41,17.1,19.3,31.6,73.9,658.5,0,0.0,0.0
1175,2026-06-19 09:05:46,17.0,19.1,31.6,73.8,655.1,0,0.0,0.0
1176,2026-06-19 09:05:51,17.0,19.1,31.6,73.8,652.6,0,0.0,0.0
1177,2026-06-19 09:05:56,17.0,18.5,31.6,73.8,650.7,0,0.0,0.0
1178,2026-06-19 09:06:02,17.0,18.7,31.6,73.8,649.7,0,0.0,0.0
1179,2026-06-19 09:06:06,17.6,19.3,31.6,73.8,643.2,0,0.0,0.0
1180,2026-06-19 09:06:11,17.8,19.6,31.6,73.8,644.9,0,0.0,0.0
1181,2026-06-19 09:06:16,17.9,19.8,31.6,73.8,642.3,0,0.0,0.0
1182,2026-06-19 09:06:21,17.7,19.9,31.6,73.7,641.1,0,0.0,0.0
1183,2026-06-19 09:06:26,17.3,20.0,31.6,73.7,640.5,0,0.0,0.0
1184,2026-06-19 09:06:31,17.6,20.0,31.6,73.8,638.6,0,0.0,0.0
1185,2026-06-19 09:06:36,17.8,20.0,31.6,73.8,637.3,0,0.0,0.0
1186,2026-06-19 09:06:41,17.9,20.2,31.7,73.8,635.9,0,0.0,0.0
1187,2026-06-19 09:06:46,18.0,20.1,31.6,73.7,636.8,0,0.0,0.0
1188,2026-06-19 09:06:51,18.0,20.0,31.6,73.7,634.7,0,0.0,0.0
1189,2026-06-19 09:06:56,18.0,20.0,31.6,73.7,634.5,0,0.0,0.0
1190,2026-06-19 09:07:01,18.0,20.0,31.6,73.7,635.6,0,0.0,0.0
1191,2026-06-19 09:07:06,17.7,20.0,31.6,73.7,632.7,0,0.0,0.0
1192,2026-06-19 09:07:11,17.4,20.0,31.6,73.7,630.7,0,0.0,0.0
1193,2026-06-19 09:07:16,17.2,20.0,31.6,73.6,630.1,0,0.0,0.0
1194,2026-06-19 09:07:21,17.1,20.0,31.6,73.7,630.7,0,0.0,0.0
1195,2026-06-19 09:07:26,17.0,20.3,31.6,73.7,631.1,0,0.0,0.0
1196,2026-06-19 09:07:31,17.5,20.6,31.7,73.7,630.3,0,0.0,0.0
1197,2026-06-19 09:07:36,17.8,20.4,31.6,73.7,630.4,0,0.0,0.0
1198,2026-06-19 09:07:41,17.9,20.2,31.6,73.7,630.1,0,0.0,0.0
1199,2026-06-19 09:07:46,17.9,20.1,31.6,73.8,629.1,0,0.0,0.0
1200,2026-06-19 09:07:51,18.0,20.1,31.6,73.8,631.0,0,0.0,0.0
1201,2026-06-19 09:07:56,17.7,20.0,31.6,73.8,631.8,0,0.0,0.0
1202,2026-06-19 09:08:01,17.4,19.6,31.6,73.8,631.1,0,0.0,0.0
1203,2026-06-19 09:08:06,17.2,19.2,31.6,73.7,631.1,0,0.0,0.0
1204,2026-06-19 09:08:12,17.1,19.1,31.6,73.8,630.4,0,0.0,0.0
1205,2026-06-19 09:08:16,17.0,19.1,31.6,73.9,629.8,0,0.0,0.0
1206,2026-06-19 09:08:21,17.0,18.8,31.6,73.8,629.7,0,0.0,0.0
1207,2026-06-19 09:08:26,16.6,18.3,31.6,73.8,628.5,0,0.0,0.0
1208,2026-06-19 09:08:31,16.6,18.6,31.6,73.8,627.2,0,0.0,0.0
1209,2026-06-19 09:08:36,16.8,19.1,31.6,73.7,625.0,0,0.0,0.0
1210,2026-06-19 09:13:30,17.0,18.0,31.6,74.0,613.7,0,0.0,0.0
1211,2026-06-19 09:13:35,16.6,18.0,31.6,74.0,613.3,0,0.0,0.0
1212,2026-06-19 09:13:40,16.0,17.6,31.6,74.0,608.6,0,0.0,0.0
1213,2026-06-19 09:13:45,15.6,17.3,31.6,74.0,609.4,0,0.0,0.0
1214,2026-06-19 09:13:50,15.2,17.1,31.6,73.9,611.8,0,0.0,0.0
1215,2026-06-19 09:13:55,15.4,17.6,31.6,74.0,612.8,0,0.0,0.0
1216,2026-06-19 09:14:00,16.0,18.4,31.6,74.0,611.2,0,0.0,0.0
1217,2026-06-19 09:14:05,16.2,18.4,31.6,74.0,612.4,0,0.0,0.0
1218,2026-06-19 09:14:10,16.1,18.2,31.6,74.0,613.3,0,0.0,0.0
1219,2026-06-19 09:14:15,16.0,18.1,31.6,74.0,613.5,0,0.0,0.0
1220,2026-06-19 09:14:20,16.3,18.0,31.6,73.9,615.6,0,0.0,0.0
1221,2026-06-19 09:14:25,16.6,18.0,31.6,73.9,615.5,0,0.0,0.0
1222,2026-06-19 09:14:30,16.8,18.6,31.6,73.9,615.7,0,0.0,0.0
1223,2026-06-19 09:14:35,16.9,18.8,31.6,73.9,611.7,0,0.0,0.0
1224,2026-06-19 09:14:40,17.0,18.9,31.6,73.9,613.1,0,0.0,0.0
1225,2026-06-19 09:14:45,17.0,18.9,31.6,74.0,614.1,0,0.0,0.0
1226,2026-06-19 09:14:50,17.0,19.0,31.7,74.0,613.5,0,0.0,0.0
1227,2026-06-19 09:14:55,17.0,18.5,31.6,73.9,612.9,0,0.0,0.0
1228,2026-06-19 09:15:00,16.7,18.2,31.6,74.0,611.7,0,0.0,0.0
1229,2026-06-19 09:15:05,16.4,18.1,31.6,74.0,612.6,0,0.0,0.0
1230,2026-06-19 09:15:10,16.8,18.1,31.6,74.0,613.5,0,0.0,0.0
1231,2026-06-19 09:15:15,16.9,18.0,31.6,73.9,614.8,0,0.0,0.0
1232,2026-06-19 09:15:20,16.9,18.6,31.6,74.0,614.0,0,0.0,0.0
1233,2026-06-19 09:15:25,17.0,18.3,31.6,74.0,615.2,0,0.0,0.0
1234,2026-06-19 09:15:30,17.0,18.7,31.6,74.0,614.2,0,0.0,0.0
1235,2026-06-19 09:15:35,17.4,18.8,31.6,74.0,613.2,0,0.0,0.0
1236,2026-06-19 09:15:40,17.2,18.9,31.6,74.0,610.0,0,0.0,0.0
1237,2026-06-19 09:15:45,17.1,19.0,31.6,74.0,610.5,0,0.0,0.0
1238,2026-06-19 09:15:50,17.0,18.4,31.6,74.0,613.0,0,0.0,0.0
1239,2026-06-19 09:15:55,17.0,18.2,31.6,74.0,612.5,0,0.0,0.0
1240,2026-06-19 09:16:00,16.7,18.3,31.6,73.9,614.1,0,0.0,0.0
1241,2026-06-19 09:16:05,16.8,18.6,31.7,73.9,612.1,0,0.0,0.0
1242,2026-06-19 09:16:10,16.9,18.8,31.6,74.0,607.2,0,0.0,0.0
1243,2026-06-19 09:16:15,17.0,18.9,31.6,73.9,608.1,0,0.0,0.0
1244,2026-06-19 09:16:20,17.0,19.0,31.7,73.9,608.1,0,0.0,0.0
1245,2026-06-19 09:16:25,17.2,19.0,31.7,73.8,609.0,0,0.0,0.0
1246,2026-06-19 09:16:30,17.4,19.3,31.6,73.8,607.0,0,0.0,0.0
1247,2026-06-19 09:16:35,17.2,18.7,31.7,73.7,607.4,0,0.0,0.0
1248,2026-06-19 09:16:40,16.5,18.3,31.7,73.6,606.6,0,0.0,0.0
1249,2026-06-19 09:16:45,16.3,17.7,31.7,73.7,602.4,0,0.0,0.0
1250,2026-06-19 09:16:50,15.7,17.1,31.7,73.6,603.9,0,0.0,0.0
1251,2026-06-19 21:52:23,0.0,0.0,0.0,0.0,42.9,0,0.0,0.0
1252,2026-06-19 21:52:28,0.0,0.0,0.0,0.0,43.9,0,0.0,0.0
1253,2026-06-19 21:52:33,0.0,0.0,0.0,0.0,42.7,0,0.0,0.0
1254,2026-06-19 21:52:38,0.0,0.0,0.0,0.0,39.4,0,0.0,0.0
1255,2026-06-19 21:52:43,0.0,0.0,0.0,0.0,44.1,0,0.0,0.0
1256,2026-06-19 21:52:48,0.0,0.0,0.0,0.0,46.7,0,0.0,0.0
1257,2026-06-19 21:52:53,0.0,0.0,0.0,0.0,48.2,0,0.0,0.0
1258,2026-06-19 21:52:58,0.0,0.0,0.0,0.0,40.4,0,0.0,0.0
1259,2026-06-19 21:53:04,0.0,0.0,0.0,0.0,39.9,0,0.0,0.0
1260,2026-06-19 21:53:08,0.0,0.0,0.0,0.0,34.9,0,0.0,0.0
1261,2026-06-19 21:53:13,0.0,0.0,0.0,0.0,37.0,0,0.0,0.0
1262,2026-06-19 21:53:18,0.0,0.0,0.0,0.0,40.1,0,0.0,0.0
1263,2026-06-19 21:53:23,0.0,0.0,0.0,0.0,38.3,0,0.0,0.0
1264,2026-06-19 21:53:28,0.0,0.0,0.0,0.0,39.9,0,0.0,0.0
1265,2026-06-19 21:53:33,0.0,0.0,0.0,0.0,48.2,0,0.0,0.0
1266,2026-06-19 21:53:38,0.0,0.0,0.0,0.0,45.5,0,0.0,0.0
1267,2026-06-19 21:53:43,0.0,0.0,0.0,0.0,38.7,0,0.0,0.0
1268,2026-06-19 21:53:48,0.0,0.0,0.0,0.0,43.9,0,0.0,0.0
1269,2026-06-19 21:53:53,0.0,0.0,0.0,0.0,47.3,0,0.0,0.0
1270,2026-06-19 21:53:58,0.0,0.0,0.0,0.0,45.3,0,0.0,0.0
1271,2026-06-19 21:54:03,0.0,0.0,0.0,0.0,40.5,0,0.0,0.0
1272,2026-06-19 21:54:08,0.0,0.0,0.0,0.0,45.6,0,0.0,0.0
1273,2026-06-19 21:54:13,0.0,0.0,0.0,0.0,46.0,0,0.0,0.0
1274,2026-06-19 21:54:18,0.0,0.0,0.0,0.0,37.5,0,0.0,0.0
1275,2026-06-19 21:54:23,0.0,0.0,0.0,0.0,39.1,0,0.0,0.0
1276,2026-06-19 21:54:28,0.0,0.0,0.0,0.0,31.0,0,0.0,0.0
1277,2026-06-19 21:54:33,0.0,0.0,0.0,0.0,27.8,0,0.0,0.0
1278,2026-06-19 21:54:38,0.0,0.0,0.0,0.0,34.6,0,0.0,0.0
1279,2026-06-19 21:54:43,0.0,0.0,0.0,0.0,28.6,0,0.0,0.0
1280,2026-06-19 21:54:48,0.0,0.0,0.0,0.0,35.4,0,0.0,0.0
1281,2026-06-19 21:54:53,0.0,0.0,0.0,0.0,38.7,0,0.0,0.0
1282,2026-06-19 21:54:58,0.0,0.0,0.0,0.0,32.6,0,0.0,0.0
1283,2026-06-19 21:55:03,0.0,0.0,0.0,0.0,36.7,0,0.0,0.0
1284,2026-06-19 21:55:08,0.0,0.0,0.0,0.0,37.6,0,0.0,0.0
1285,2026-06-19 21:55:13,0.0,0.0,0.0,0.0,38.4,0,0.0,0.0
1286,2026-06-19 21:55:18,0.0,0.0,0.0,0.0,29.3,0,0.0,0.0
1287,2026-06-19 21:55:23,0.0,0.0,0.0,0.0,31.9,0,0.0,0.0
1288,2026-06-19 21:55:28,0.0,0.0,0.0,0.0,26.0,0,0.0,0.0
1289,2026-06-19 21:55:33,0.0,0.0,0.0,0.0,23.7,0,0.0,0.0
1290,2026-06-19 21:55:38,0.0,0.0,0.0,0.0,20.4,0,0.0,0.0
1291,2026-06-19 21:55:43,0.0,0.0,0.0,0.0,29.9,0,0.0,0.0
1292,2026-06-19 21:55:48,0.0,0.0,0.0,0.0,36.5,0,0.0,0.0
1293,2026-06-19 21:55:53,0.0,0.0,0.0,0.0,33.0,0,0.0,0.0
1294,2026-06-19 21:55:58,0.0,0.0,0.0,0.0,29.6,0,0.0,0.0
1295,2026-06-19 21:56:03,0.0,0.0,0.0,0.0,28.0,0,0.0,0.0
1296,2026-06-19 21:56:08,0.0,0.0,0.0,0.0,24.2,0,0.0,0.0
1297,2026-06-19 21:56:13,0.0,0.0,0.0,0.0,34.2,0,0.0,0.0
1298,2026-06-19 21:56:18,0.0,0.0,0.0,0.0,41.6,0,0.0,0.0
1299,2026-06-19 21:56:23,0.0,0.0,0.0,0.0,38.3,0,0.0,0.0
1300,2026-06-19 21:56:28,0.0,0.0,0.0,0.0,37.8,0,0.0,0.0
1301,2026-06-19 21:56:33,0.0,0.0,0.0,0.0,38.1,0,0.0,0.0
1302,2026-06-19 21:56:38,0.0,0.0,0.0,0.0,41.3,0,0.0,0.0
1303,2026-06-19 21:56:43,0.0,0.0,0.0,0.0,41.7,0,0.0,0.0
1304,2026-06-19 21:56:48,0.0,0.0,0.0,0.0,41.7,0,0.0,0.0
1305,2026-06-19 21:56:53,0.0,0.0,0.0,0.0,46.9,0,0.0,0.0
1306,2026-06-19 21:56:58,0.0,0.0,0.0,0.0,48.8,0,0.0,0.0
1307,2026-06-19 21:57:03,0.0,0.0,0.0,0.0,45.8,0,0.0,0.0
1308,2026-06-19 21:57:08,0.0,0.0,0.0,0.0,32.0,0,0.0,0.0
1309,2026-06-19 21:57:13,0.0,0.0,0.0,0.0,40.0,0,0.0,0.0
1310,2026-06-19 21:57:18,0.0,0.0,0.0,0.0,32.8,0,0.0,0.0
1311,2026-06-19 21:57:23,0.0,0.0,0.0,0.0,28.3,0,0.0,0.0
1312,2026-06-19 21:57:28,0.0,0.0,0.0,0.0,37.7,0,0.0,0.0
1313,2026-06-19 21:57:33,0.0,0.0,0.0,0.0,36.0,0,0.0,0.0
1314,2026-06-19 21:57:38,0.0,0.0,0.0,0.0,32.9,0,0.0,0.0
1315,2026-06-19 21:57:43,0.0,0.0,0.0,0.0,36.7,0,0.0,0.0
1316,2026-06-19 21:57:48,0.0,0.0,0.0,0.0,40.2,0,0.0,0.0
1317,2026-06-19 21:57:53,0.0,0.0,0.0,0.0,43.9,0,0.0,0.0
1318,2026-06-19 21:57:58,0.0,0.0,0.0,0.0,44.8,0,0.0,0.0
1319,2026-06-19 21:58:03,0.0,0.0,0.0,0.0,46.8,0,0.0,0.0
1320,2026-06-19 21:58:08,0.0,0.0,0.0,0.0,40.3,0,0.0,0.0
1321,2026-06-19 21:58:13,0.0,0.0,0.0,0.0,48.0,0,0.0,0.0
1322,2026-06-19 21:58:18,0.0,0.0,0.0,0.0,46.0,0,0.0,0.0
1323,2026-06-19 21:58:23,0.0,0.0,0.0,0.0,36.4,0,0.0,0.0
1324,2026-06-19 21:58:28,0.0,0.0,0.0,0.0,37.3,0,0.0,0.0
1325,2026-06-19 21:58:33,0.0,0.0,0.0,0.0,39.4,0,0.0,0.0
1326,2026-06-19 21:58:38,0.0,0.0,0.0,0.0,39.7,0,0.0,0.0
1327,2026-06-19 21:58:43,0.0,0.0,0.0,0.0,42.6,0,0.0,0.0
1328,2026-06-19 21:58:48,0.0,0.0,0.0,0.0,44.1,0,0.0,0.0
1329,2026-06-19 21:58:53,0.0,0.0,0.0,0.0,39.5,0,0.0,0.0
1330,2026-06-19 21:58:58,0.0,0.0,0.0,0.0,45.2,0,0.0,0.0
1331,2026-06-19 21:59:03,0.0,0.0,0.0,0.0,41.8,0,0.0,0.0
1332,2026-06-19 21:59:08,0.0,0.0,0.0,0.0,39.7,0,0.0,0.0
1333,2026-06-19 21:59:13,0.0,0.0,0.0,0.0,33.4,0,0.0,0.0
1334,2026-06-19 21:59:18,0.0,0.0,0.0,0.0,30.6,0,0.0,0.0
1335,2026-06-19 21:59:23,0.0,0.0,0.0,0.0,35.5,0,0.0,0.0
1336,2026-06-19 21:59:28,0.0,0.0,0.0,0.0,33.2,0,0.0,0.0
1337,2026-06-19 21:59:33,0.0,0.0,0.0,0.0,42.7,0,0.0,0.0
1338,2026-06-19 21:59:38,0.0,0.0,0.0,0.0,37.8,0,0.0,0.0
1339,2026-06-19 21:59:43,0.0,0.0,0.0,0.0,37.3,0,0.0,0.0
1340,2026-06-19 21:59:48,0.0,0.0,0.0,0.0,38.6,0,0.0,0.0
1341,2026-06-19 21:59:53,0.0,0.0,0.0,0.0,32.0,0,0.0,0.0
1342,2026-06-19 21:59:58,0.0,0.0,0.0,0.0,32.7,0,0.0,0.0
1343,2026-06-19 22:00:04,0.0,0.0,0.0,0.0,38.1,0,0.0,0.0
1344,2026-06-19 22:00:08,0.0,0.0,0.0,0.0,39.3,0,0.0,0.0
1345,2026-06-19 22:00:13,0.0,0.0,0.0,0.0,37.0,0,0.0,0.0
1346,2026-06-19 22:00:18,0.0,0.0,0.0,0.0,34.9,0,0.0,0.0
1347,2026-06-19 22:00:23,0.0,0.0,0.0,0.0,35.4,0,0.0,0.0
1348,2026-06-19 22:00:28,0.0,0.0,0.0,0.0,37.3,0,0.0,0.0
1349,2026-06-19 22:00:33,0.0,0.0,0.0,0.0,46.6,0,0.0,0.0
1350,2026-06-19 22:00:38,0.0,0.0,0.0,0.0,46.7,0,0.0,0.0
1351,2026-06-19 22:00:43,0.0,0.0,0.0,0.0,48.2,0,0.0,0.0
1352,2026-06-19 22:00:48,0.0,0.0,0.0,0.0,46.8,0,0.0,0.0
1353,2026-06-19 22:00:53,0.0,0.0,0.0,0.0,43.8,0,0.0,0.0
1354,2026-06-19 22:00:58,0.0,0.0,0.0,0.0,47.0,0,0.0,0.0
1355,2026-06-19 22:01:03,0.0,0.0,0.0,0.0,50.3,0,0.0,0.0
1356,2026-06-19 22:01:08,0.0,0.0,0.0,0.0,43.9,0,0.0,0.0
1357,2026-06-19 22:01:13,0.0,0.0,0.0,0.0,35.0,0,0.0,0.0
1358,2026-06-19 22:01:18,0.0,0.0,0.0,0.0,39.9,0,0.0,0.0
1359,2026-06-19 22:01:23,0.0,0.0,0.0,0.0,34.7,0,0.0,0.0
1360,2026-06-19 22:01:28,0.0,0.0,0.0,0.0,32.7,0,0.0,0.0
1361,2026-06-19 22:01:33,0.0,0.0,0.0,0.0,38.3,0,0.0,0.0
1362,2026-06-19 22:01:38,0.0,0.0,0.0,0.0,43.6,0,0.0,0.0
1363,2026-06-19 22:01:43,0.0,0.0,0.0,0.0,45.7,0,0.0,0.0
1364,2026-06-19 22:01:48,0.0,0.0,0.0,0.0,42.2,0,0.0,0.0
1365,2026-06-19 22:01:53,0.0,0.0,0.0,0.0,38.8,0,0.0,0.0
1366,2026-06-19 22:01:58,0.0,0.0,0.0,0.0,46.8,0,0.0,0.0
1367,2026-06-19 22:02:03,0.0,0.0,0.0,0.0,46.1,0,0.0,0.0
1368,2026-06-19 22:02:08,0.0,0.0,0.0,0.0,48.4,0,0.0,0.0
1369,2026-06-19 22:02:13,0.0,0.0,0.0,0.0,40.5,0,0.0,0.0
1370,2026-06-19 22:02:18,0.0,0.0,0.0,0.0,47.4,0,0.0,0.0
1371,2026-06-19 22:02:23,0.0,0.0,0.0,0.0,39.6,0,0.0,0.0
1372,2026-06-19 22:02:28,0.0,0.0,0.0,0.0,40.5,0,0.0,0.0
1373,2026-06-19 22:02:33,0.0,0.0,0.0,0.0,36.1,0,0.0,0.0
1374,2026-06-19 22:02:38,0.0,0.0,0.0,0.0,37.0,0,0.0,0.0
1375,2026-06-19 22:02:43,0.0,0.0,0.0,0.0,41.7,0,0.0,0.0
1376,2026-06-19 22:02:48,0.0,0.0,0.0,0.0,45.3,0,0.0,0.0
1377,2026-06-19 22:02:53,0.0,0.0,0.0,0.0,37.6,0,0.0,0.0
1378,2026-06-19 22:02:58,0.0,0.0,0.0,0.0,43.5,0,0.0,0.0
1379,2026-06-19 22:03:03,0.0,0.0,0.0,0.0,44.6,0,0.0,0.0
1380,2026-06-19 22:03:08,0.0,0.0,0.0,0.0,50.2,0,0.0,0.0
1381,2026-06-19 22:03:13,0.0,0.0,0.0,0.0,46.6,0,0.0,0.0
1382,2026-06-19 22:03:18,0.0,0.0,0.0,0.0,49.1,0,0.0,0.0
1383,2026-06-19 22:03:23,0.0,0.0,0.0,0.0,40.5,0,0.0,0.0
1384,2026-06-19 22:03:28,0.0,0.0,0.0,0.0,42.1,0,0.0,0.0
1385,2026-06-19 22:03:33,0.0,0.0,0.0,0.0,46.1,0,0.0,0.0
1386,2026-06-19 22:03:38,0.0,0.0,0.0,0.0,49.5,0,0.0,0.0
1387,2026-06-19 22:03:43,0.0,0.0,0.0,0.0,44.6,0,0.0,0.0
1388,2026-06-19 22:03:48,0.0,0.0,0.0,0.0,51.3,0,0.0,0.0
1389,2026-06-19 22:03:53,0.0,0.0,0.0,0.0,53.1,0,0.0,0.0
1390,2026-06-19 22:03:58,0.0,0.0,0.0,0.0,54.6,0,0.0,0.0
1391,2026-06-19 22:04:03,0.0,0.0,0.0,0.0,59.9,0,0.0,0.0
1392,2026-06-19 22:04:08,0.0,0.0,0.0,0.0,49.3,0,0.0,0.0
1393,2026-06-19 22:04:13,0.0,0.0,0.0,0.0,40.3,0,0.0,0.0
1394,2026-06-19 22:04:18,0.0,0.0,0.0,0.0,39.3,0,0.0,0.0
1395,2026-06-19 22:04:23,0.0,0.0,0.0,0.0,39.2,0,0.0,0.0
1396,2026-06-19 22:04:28,0.0,0.0,0.0,0.0,41.8,0,0.0,0.0
1397,2026-06-19 22:04:33,0.0,0.0,0.0,0.0,45.7,0,0.0,0.0
1398,2026-06-19 22:04:38,0.0,0.0,0.0,0.0,37.7,0,0.0,0.0
1399,2026-06-19 22:04:43,0.0,0.0,0.0,0.0,38.7,0,0.0,0.0
1400,2026-06-19 22:04:48,0.0,0.0,0.0,0.0,38.9,0,0.0,0.0
1401,2026-06-19 22:04:53,0.0,0.0,0.0,0.0,43.2,0,0.0,0.0
1402,2026-06-19 22:04:58,0.0,0.0,0.0,0.0,40.1,0,0.0,0.0
1403,2026-06-19 22:05:03,0.0,0.0,0.0,0.0,37.2,0,0.0,0.0
1404,2026-06-19 22:05:08,0.0,0.0,0.0,0.0,45.3,0,0.0,0.0
1405,2026-06-19 22:05:13,0.0,0.0,0.0,0.0,41.8,0,0.0,0.0
1406,2026-06-19 22:05:18,0.0,0.0,0.0,0.0,38.8,0,0.0,0.0
1407,2026-06-19 22:05:23,0.0,0.0,0.0,0.0,41.3,0,0.0,0.0
1408,2026-06-19 22:05:28,0.0,0.0,0.0,0.0,36.3,0,0.0,0.0
1409,2026-06-19 22:05:33,0.0,0.0,0.0,0.0,44.3,0,0.0,0.0
1410,2026-06-19 22:05:38,0.0,0.0,0.0,0.0,48.7,0,0.0,0.0
1411,2026-06-19 22:05:43,0.0,0.0,0.0,0.0,40.0,0,0.0,0.0
1412,2026-06-19 22:05:48,0.0,0.0,0.0,0.0,47.2,0,0.0,0.0
1413,2026-06-19 22:06:13,0.0,0.0,0.0,0.0,40.3,1,21.050178,106.440519
1414,2026-06-19 22:06:18,0.0,0.0,0.0,0.0,39.4,1,21.050175,106.440528
1415,2026-06-19 22:06:23,0.0,0.0,0.0,0.0,31.7,1,21.050177,106.440525
1416,2026-06-19 22:06:28,0.0,0.0,0.0,0.0,35.3,1,21.050178,106.440523
1417,2026-06-19 22:06:33,0.0,0.0,0.0,0.0,38.6,1,21.050177,106.440516
1418,2026-06-19 22:06:38,0.0,0.0,0.0,0.0,47.8,1,21.050179,106.440506
1419,2026-06-19 22:06:43,0.0,0.0,0.0,0.0,43.1,1,21.050179,106.440475
1420,2026-06-19 22:06:48,0.0,0.0,0.0,0.0,45.5,1,21.050176,106.440478
1421,2026-06-19 22:06:53,0.0,0.0,0.0,0.0,45.3,1,21.050174,106.440492
1422,2026-06-19 22:06:58,0.0,0.0,0.0,0.0,46.9,1,21.050171,106.440497
1423,2026-06-19 22:07:03,0.0,0.0,0.0,0.0,35.8,1,21.050167,106.440513
1424,2026-06-19 22:07:08,0.0,0.0,0.0,0.0,37.7,1,21.050158,106.440532
1425,2026-06-19 22:07:18,0.0,0.0,0.0,0.0,39.7,0,21.050159,106.440529
1426,2026-06-19 22:07:23,0.0,0.0,0.0,0.0,35.9,0,21.050159,106.440529
1427,2026-06-19 22:07:28,0.0,0.0,0.0,0.0,31.2,1,21.050162,106.440531
1428,2026-06-19 22:07:33,0.0,0.0,0.0,0.0,32.0,1,21.050168,106.440523
1429,2026-06-19 22:07:38,0.0,0.0,0.0,0.0,34.5,1,21.050176,106.440519
1430,2026-06-19 22:07:43,0.0,0.0,0.0,0.0,38.2,1,21.05018,106.44052
1431,2026-06-19 22:07:48,0.0,0.0,0.0,0.0,38.6,1,21.050181,106.440522
1432,2026-06-19 22:07:53,0.0,0.0,0.0,0.0,40.1,1,21.050183,106.440532
1433,2026-06-19 22:07:58,0.0,0.0,0.0,0.0,39.5,1,21.050184,106.440536
1434,2026-06-19 22:08:03,0.0,0.0,0.0,0.0,39.6,1,21.050176,106.44054
1435,2026-06-19 22:08:08,0.0,0.0,0.0,0.0,41.4,1,21.050176,106.440539
1436,2026-06-19 22:08:13,0.0,0.0,0.0,0.0,36.2,1,21.050178,106.440538
1437,2026-06-19 22:08:18,0.0,0.0,0.0,0.0,35.3,1,21.050188,106.440533
1438,2026-06-19 22:08:23,0.0,0.0,0.0,0.0,40.9,1,21.0502,106.440522
1439,2026-06-19 22:08:28,0.0,0.0,0.0,0.0,42.4,1,21.050206,106.440518
1440,2026-06-19 22:08:33,0.0,0.0,0.0,0.0,37.1,1,21.050212,106.440516
1441,2026-06-19 22:08:38,0.0,0.0,0.0,0.0,36.0,1,21.050216,106.440516
1442,2026-06-19 22:08:43,0.0,0.0,0.0,0.0,43.3,1,21.050218,106.440517
1443,2026-06-19 22:08:48,0.0,0.0,0.0,0.0,45.1,1,21.050216,106.440519
1444,2026-06-19 22:08:53,0.0,0.0,0.0,0.0,47.6,1,21.050218,106.440519
1445,2026-06-19 22:08:58,0.0,0.0,0.0,0.0,43.9,1,21.050217,106.440518
1446,2026-06-19 22:09:03,0.0,0.0,0.0,0.0,38.5,1,21.050213,106.440519
1447,2026-06-19 22:09:08,0.0,0.0,0.0,0.0,39.8,1,21.050203,106.440523
1448,2026-06-19 22:09:13,0.0,0.0,0.0,0.0,40.9,1,21.050198,106.440529
1449,2026-06-19 22:09:18,0.0,0.0,0.0,0.0,41.8,1,21.050177,106.440546
1450,2026-06-19 22:09:23,0.0,0.0,0.0,0.0,47.8,1,21.05017,106.440548
1451,2026-06-19 22:09:28,0.0,0.0,0.0,0.0,41.1,1,21.050173,106.440536
1452,2026-06-19 22:09:33,0.0,0.0,0.0,0.0,45.0,1,21.050175,106.440527
1453,2026-06-19 22:09:38,0.0,0.0,0.0,0.0,44.6,1,21.050179,106.440499
1454,2026-06-19 22:09:43,0.0,0.0,0.0,0.0,40.1,1,21.050182,106.440478
1455,2026-06-19 22:09:48,0.0,0.0,0.0,0.0,40.9,0,21.050186,106.440467
1456,2026-06-19 22:09:53,0.0,0.0,0.0,0.0,36.8,1,21.05018,106.440485
1457,2026-06-19 22:09:58,0.0,0.0,0.0,0.0,38.9,1,21.050178,106.44049
1458,2026-06-19 22:10:03,0.0,0.0,0.0,0.0,46.1,1,21.050179,106.440487
1459,2026-06-19 22:10:08,0.0,0.0,0.0,0.0,46.4,1,21.050174,106.440497
1460,2026-06-19 22:10:13,0.0,0.0,0.0,0.0,47.9,1,21.050186,106.440483
1461,2026-06-19 22:10:18,0.0,0.0,0.0,0.0,39.0,1,21.050191,106.440482
1462,2026-06-19 22:10:23,0.0,0.0,0.0,0.0,41.0,1,21.050194,106.440485
1463,2026-06-19 22:10:28,0.0,0.0,0.0,0.0,43.6,1,21.050192,106.440495
1464,2026-06-19 22:10:33,0.0,0.0,0.0,0.0,40.2,1,21.050191,106.440499
1465,2026-06-19 22:10:38,0.0,0.0,0.0,0.0,38.3,1,21.050194,106.440501
1466,2026-06-19 22:10:43,0.0,0.0,0.0,0.0,42.4,1,21.050198,106.4405
1467,2026-06-19 22:10:48,0.0,0.0,0.0,0.0,40.5,1,21.050201,106.440493
1468,2026-06-19 22:10:53,0.0,0.0,0.0,0.0,43.7,1,21.050203,106.440481
1469,2026-06-19 22:10:58,0.0,0.0,0.0,0.0,47.9,1,21.050205,106.440471
1470,2026-06-19 22:11:03,0.0,0.0,0.0,0.0,43.2,1,21.050206,106.440472
1471,2026-06-19 22:11:08,0.0,0.0,0.0,0.0,44.7,1,21.050207,106.440469
1472,2026-06-19 22:11:13,0.0,0.0,0.0,0.0,39.1,1,21.050211,106.440465
1473,2026-06-19 22:11:18,0.0,0.0,0.0,0.0,37.6,1,21.05021,106.440468
1474,2026-06-19 22:11:23,0.0,0.0,0.0,0.0,40.2,1,21.050207,106.440496
1475,2026-06-19 22:11:28,0.0,0.0,0.0,0.0,40.7,1,21.050202,106.440514
1476,2026-06-19 22:11:33,0.0,0.0,0.0,0.0,45.1,1,21.050195,106.440562
1477,2026-06-19 22:11:38,0.0,0.0,0.0,0.0,38.7,1,21.050184,106.440619
1478,2026-06-19 22:11:43,0.0,0.0,0.0,0.0,43.9,1,21.050197,106.440599
1479,2026-06-19 22:11:48,0.0,0.0,0.0,0.0,38.8,1,21.050198,106.440601
1480,2026-06-19 22:13:58,0.0,0.0,0.0,0.0,32.0,1,21.050245,106.440534
1481,2026-06-19 22:14:03,0.0,0.0,0.0,0.0,35.8,1,21.050246,106.440528
1482,2026-06-19 22:14:08,0.0,0.0,0.0,0.0,36.0,1,21.050241,106.440527
1483,2026-06-19 22:14:13,0.0,0.0,0.0,0.0,33.2,1,21.050237,106.440529
1484,2026-06-19 22:14:18,0.0,0.0,0.0,0.0,34.9,1,21.050235,106.440528
1485,2026-06-19 22:14:23,0.0,0.0,0.0,0.0,36.9,1,21.050238,106.440523
1486,2026-06-19 22:14:28,0.0,0.0,0.0,0.0,46.2,1,21.050241,106.440515
1487,2026-06-19 22:14:33,0.0,0.0,0.0,0.0,36.5,1,21.050242,106.440511
1488,2026-06-19 22:14:38,0.0,0.0,0.0,0.0,36.5,1,21.050241,106.440511
1489,2026-06-19 22:14:43,0.0,0.0,0.0,0.0,36.1,1,21.050239,106.440512
1490,2026-06-19 22:14:48,0.0,0.0,0.0,0.0,43.1,1,21.050236,106.440514
1491,2026-06-19 22:14:53,0.0,0.0,0.0,0.0,38.4,1,21.050236,106.440514
1492,2026-06-19 22:14:58,0.0,0.0,0.0,0.0,48.1,1,21.050233,106.440515
1493,2026-06-19 22:15:03,0.0,0.0,0.0,0.0,46.6,1,21.050234,106.440514
1494,2026-06-19 22:15:08,0.0,0.0,0.0,0.0,43.9,1,21.050242,106.440509
1495,2026-06-19 22:15:13,0.0,0.0,0.0,0.0,39.1,1,21.050243,106.440516
1496,2026-06-19 22:15:18,0.0,0.0,0.0,0.0,38.9,1,21.050248,106.440503
1497,2026-06-19 22:15:23,0.0,0.0,0.0,0.0,47.8,1,21.050253,106.440495
1498,2026-06-19 22:15:28,0.0,0.0,0.0,0.0,46.0,1,21.050254,106.440497
1499,2026-06-19 22:15:33,0.0,0.0,0.0,0.0,37.2,1,21.050254,106.440499
1500,2026-06-19 22:15:38,0.0,0.0,0.0,0.0,31.9,1,21.050256,106.440502
1501,2026-06-19 22:15:43,0.0,0.0,0.0,0.0,40.0,1,21.050262,106.440501
1502,2026-06-19 22:15:48,0.0,0.0,0.0,0.0,43.3,1,21.050252,106.440506
1503,2026-06-19 22:15:53,0.0,0.0,0.0,0.0,42.7,1,21.050245,106.440508
1504,2026-06-19 22:15:58,0.0,0.0,0.0,0.0,36.9,1,21.050239,106.440511
1505,2026-06-19 22:16:03,0.0,0.0,0.0,0.0,38.7,1,21.050227,106.440517
1506,2026-06-19 22:16:08,0.0,0.0,0.0,0.0,45.2,1,21.050227,106.440518
1507,2026-06-19 22:16:13,0.0,0.0,0.0,0.0,40.7,1,21.050226,106.440517
1508,2026-06-19 22:16:18,0.0,0.0,0.0,0.0,36.5,1,21.050217,106.440525
1509,2026-06-19 22:16:23,0.0,0.0,0.0,0.0,31.8,1,21.050192,106.44054
1510,2026-06-19 22:16:28,0.0,0.0,0.0,0.0,29.8,1,21.050184,106.440542
1511,2026-06-19 22:16:33,0.0,0.0,0.0,0.0,28.5,1,21.050182,106.440543
1512,2026-06-19 22:16:38,0.0,0.0,0.0,0.0,30.4,1,21.050181,106.440541
1513,2026-06-19 22:16:43,0.0,0.0,0.0,0.0,32.1,1,21.05018,106.440543
1514,2026-06-19 22:16:48,0.0,0.0,0.0,0.0,37.6,1,21.050173,106.44055
1515,2026-06-19 22:16:53,0.0,0.0,0.0,0.0,45.2,1,21.05017,106.440552
1516,2026-06-19 22:16:58,0.0,0.0,0.0,0.0,41.1,1,21.050169,106.440551
1517,2026-06-19 22:17:03,0.0,0.0,0.0,0.0,39.3,1,21.050162,106.440553
1518,2026-06-19 22:17:08,0.0,0.0,0.0,0.0,33.9,1,21.050157,106.440556
1519,2026-06-19 22:17:13,0.0,0.0,0.0,0.0,38.2,1,21.050168,106.44055
1520,2026-06-19 22:17:18,0.0,0.0,0.0,0.0,36.5,1,21.05017,106.44055
1521,2026-06-19 22:17:23,0.0,0.0,0.0,0.0,42.5,1,21.050176,106.440545
1522,2026-06-19 22:17:28,0.0,0.0,0.0,0.0,37.2,1,21.050187,106.440536
1523,2026-06-19 22:17:33,0.0,0.0,0.0,0.0,36.8,1,21.050183,106.440541
1524,2026-06-19 22:17:38,0.0,0.0,0.0,0.0,37.3,1,21.050186,106.440541
1525,2026-06-19 22:17:43,0.0,0.0,0.0,0.0,44.0,1,21.050189,106.440543
1526,2026-06-19 22:17:48,0.0,0.0,0.0,0.0,39.9,1,21.050188,106.440543
1527,2026-06-19 22:17:53,0.0,0.0,0.0,0.0,35.3,1,21.050185,106.440547
1528,2026-06-19 22:17:58,0.0,0.0,0.0,0.0,34.9,1,21.050179,106.440553
1529,2026-06-19 22:18:03,0.0,0.0,0.0,0.0,34.1,1,21.050176,106.440556
1530,2026-06-19 22:18:08,0.0,0.0,0.0,0.0,31.1,1,21.050172,106.440557
1531,2026-06-19 22:18:13,0.0,0.0,0.0,0.0,31.3,1,21.050172,106.440557
1532,2026-06-19 22:18:18,0.0,0.0,0.0,0.0,39.5,1,21.050173,106.440557
1533,2026-06-19 22:18:23,0.0,0.0,0.0,0.0,32.6,1,21.050179,106.440555
1534,2026-06-19 22:18:28,0.0,0.0,0.0,0.0,36.6,1,21.050189,106.440551
1535,2026-06-19 22:18:33,0.0,0.0,0.0,0.0,37.8,1,21.050192,106.440548
1536,2026-06-19 22:18:38,0.0,0.0,0.0,0.0,39.4,1,21.050203,106.440541
1537,2026-06-19 22:18:43,0.0,0.0,0.0,0.0,44.7,1,21.050212,106.440534
1538,2026-06-19 22:18:48,0.0,0.0,0.0,0.0,45.1,1,21.050225,106.440524
1539,2026-06-19 22:18:53,0.0,0.0,0.0,0.0,39.5,1,21.050237,106.440517
1540,2026-06-19 22:18:58,0.0,0.0,0.0,0.0,44.2,1,21.050231,106.440514
1541,2026-06-19 22:19:03,0.0,0.0,0.0,0.0,38.9,1,21.050251,106.440503
1542,2026-06-19 22:19:08,0.0,0.0,0.0,0.0,36.5,1,21.05024,106.440504
1543,2026-06-19 22:19:13,0.0,0.0,0.0,0.0,40.0,1,21.050248,106.440494
1544,2026-06-19 22:19:18,0.0,0.0,0.0,0.0,42.9,1,21.050239,106.440489
1545,2026-06-19 22:19:23,0.0,0.0,0.0,0.0,31.7,1,21.050235,106.440485
1546,2026-06-19 22:19:28,0.0,0.0,0.0,0.0,31.1,1,21.050235,106.440489
1547,2026-06-19 22:19:33,0.0,0.0,0.0,0.0,30.4,1,21.050234,106.440492
1548,2026-06-19 22:19:38,0.0,0.0,0.0,0.0,32.4,1,21.050251,106.44049
1549,2026-06-19 22:19:43,0.0,0.0,0.0,0.0,38.3,1,21.050248,106.440496
1550,2026-06-19 22:19:48,0.0,0.0,0.0,0.0,34.5,1,21.05023,106.440501
1551,2026-06-19 22:19:53,0.0,0.0,0.0,0.0,38.6,1,21.050224,106.440504
1552,2026-06-19 22:19:58,0.0,0.0,0.0,0.0,44.8,1,21.050231,106.440506
1553,2026-06-19 22:20:03,0.0,0.0,0.0,0.0,48.6,1,21.050227,106.440513
1554,2026-06-19 22:20:08,0.0,0.0,0.0,0.0,41.1,1,21.050229,106.440518
1555,2026-06-19 22:20:13,0.0,0.0,0.0,0.0,39.1,1,21.050243,106.44051
1556,2026-06-19 22:20:18,0.0,0.0,0.0,0.0,35.7,1,21.050236,106.440513
1557,2026-06-19 22:20:23,0.0,0.0,0.0,0.0,35.9,1,21.050256,106.440505
1558,2026-06-19 22:20:28,0.0,0.0,0.0,0.0,37.1,1,21.050264,106.440499
1559,2026-06-19 22:20:33,0.0,0.0,0.0,0.0,36.4,1,21.050277,106.440492
1560,2026-06-19 22:20:38,0.0,0.0,0.0,0.0,38.1,1,21.050288,106.440481
1561,2026-06-19 22:20:43,0.0,0.0,0.0,0.0,36.7,1,21.0503,106.440471
1562,2026-06-19 22:20:48,0.0,0.0,0.0,0.0,35.5,1,21.050294,106.440475
1563,2026-06-19 22:20:53,0.0,0.0,0.0,0.0,33.3,1,21.050284,106.440483
1564,2026-06-19 22:20:58,0.0,0.0,0.0,0.0,39.8,1,21.050277,106.440486
1565,2026-06-19 22:21:03,0.0,0.0,0.0,0.0,42.8,1,21.050272,106.440491
1566,2026-06-19 22:21:08,0.0,0.0,0.0,0.0,42.6,1,21.050265,106.440496
1567,2026-06-19 22:21:13,0.0,0.0,0.0,0.0,34.3,1,21.050261,106.440499
1568,2026-06-19 22:21:18,0.0,0.0,0.0,0.0,37.3,1,21.050255,106.440501
1569,2026-06-19 22:21:23,0.0,0.0,0.0,0.0,43.4,1,21.050251,106.440503
1570,2026-06-19 22:21:28,0.0,0.0,0.0,0.0,47.8,1,21.050249,106.440503
1571,2026-06-19 22:21:33,0.0,0.0,0.0,0.0,45.8,1,21.05025,106.440502
1572,2026-06-19 22:21:38,0.0,0.0,0.0,0.0,40.2,1,21.05025,106.440499
1573,2026-06-19 22:21:43,0.0,0.0,0.0,0.0,43.7,1,21.050244,106.4405
1574,2026-06-19 22:21:48,0.0,0.0,0.0,0.0,40.1,1,21.050237,106.440503
1575,2026-06-19 22:21:53,0.0,0.0,0.0,0.0,44.0,1,21.050231,106.440504
1576,2026-06-19 22:21:58,0.0,0.0,0.0,0.0,40.8,1,21.050227,106.440507
1577,2026-06-19 22:22:03,0.0,0.0,0.0,0.0,39.1,1,21.050223,106.440511
1578,2026-06-19 22:22:08,0.0,0.0,0.0,0.0,42.8,1,21.050221,106.440514
1579,2026-06-19 22:22:13,0.0,0.0,0.0,0.0,36.9,1,21.050225,106.440516
1580,2026-06-19 22:22:18,0.0,0.0,0.0,0.0,34.6,1,21.050227,106.440517
1581,2026-06-19 22:22:23,0.0,0.0,0.0,0.0,38.5,1,21.050227,106.440517
1582,2026-06-19 22:22:28,0.0,0.0,0.0,0.0,41.3,1,21.050227,106.440517
1583,2026-06-19 22:22:33,0.0,0.0,0.0,0.0,34.3,1,21.050228,106.440518
1584,2026-06-19 22:22:38,0.0,0.0,0.0,0.0,35.8,1,21.050224,106.440518
1585,2026-06-19 22:22:43,0.0,0.0,0.0,0.0,40.9,1,21.050225,106.440518
1586,2026-06-19 22:22:48,0.0,0.0,0.0,0.0,41.0,1,21.050227,106.440515
1587,2026-06-19 22:22:53,0.0,0.0,0.0,0.0,33.2,1,21.050223,106.440516
1588,2026-06-19 22:22:58,0.0,0.0,0.0,0.0,32.5,1,21.050217,106.440526
1589,2026-06-19 22:23:03,0.0,0.0,0.0,0.0,30.7,1,21.050217,106.440533
1590,2026-06-19 22:23:08,0.0,0.0,0.0,0.0,29.2,1,21.050217,106.440537
1591,2026-06-19 22:23:13,0.0,0.0,0.0,0.0,35.9,1,21.050225,106.440534
1592,2026-06-19 22:23:18,0.0,0.0,0.0,0.0,31.2,1,21.050232,106.440529
1593,2026-06-19 22:23:23,0.0,0.0,0.0,0.0,27.6,1,21.05024,106.440525
1594,2026-06-19 22:23:28,0.0,0.0,0.0,0.0,34.5,1,21.050245,106.440523
1595,2026-06-19 22:23:33,0.0,0.0,0.0,0.0,38.0,1,21.050248,106.44052
1596,2026-06-19 22:23:38,0.0,0.0,0.0,0.0,38.7,1,21.050249,106.440515
1597,2026-06-19 22:23:43,0.0,0.0,0.0,0.0,36.1,1,21.050254,106.440509
1598,2026-06-19 22:23:48,0.0,0.0,0.0,0.0,38.5,1,21.050259,106.440502
1599,2026-06-19 22:23:53,0.0,0.0,0.0,0.0,40.8,1,21.05026,106.440501
1600,2026-06-19 22:23:58,0.0,0.0,0.0,0.0,42.4,1,21.050261,106.4405
1601,2026-06-19 22:24:03,0.0,0.0,0.0,0.0,35.8,1,21.050262,106.440497
1602,2026-06-19 22:24:08,0.0,0.0,0.0,0.0,38.0,1,21.050258,106.440501
1603,2026-06-19 22:24:13,0.0,0.0,0.0,0.0,41.4,1,21.050258,106.440504
1604,2026-06-19 22:24:18,0.0,0.0,0.0,0.0,42.0,1,21.050255,106.440513
1605,2026-06-19 22:24:23,0.0,0.0,0.0,0.0,42.6,1,21.050253,106.440536
1606,2026-06-19 22:24:28,0.0,0.0,0.0,0.0,40.3,1,21.050252,106.440553
1607,2026-06-19 22:24:33,0.0,0.0,0.0,0.0,35.9,1,21.050254,106.440559
1608,2026-06-19 22:24:38,0.0,0.0,0.0,0.0,36.4,1,21.050257,106.440562
1609,2026-06-19 22:24:43,0.0,0.0,0.0,0.0,42.9,1,21.050279,106.440551
1610,2026-06-19 22:24:48,0.0,0.0,0.0,0.0,35.2,1,21.050278,106.440562
1611,2026-06-19 22:24:53,0.0,0.0,0.0,0.0,35.9,1,21.050287,106.440561
1612,2026-06-20 11:58:46,28.7,33.3,33.8,70.8,24.7,0,21.050141,106.440515
1613,2026-06-20 11:58:51,29.3,33.7,33.8,70.9,23.8,0,21.050141,106.440515
1614,2026-06-20 11:58:56,29.6,33.8,33.8,70.8,24.3,0,21.050141,106.440515
1615,2026-06-20 11:59:01,29.8,34.4,33.8,70.8,23.5,0,21.050141,106.440515
1616,2026-06-20 11:59:06,29.9,34.6,33.8,70.9,24.6,0,21.050141,106.440515
1617,2026-06-20 11:59:11,29.5,34.4,33.8,70.9,23.9,0,21.050141,106.440515
1618,2026-06-20 11:59:16,29.5,34.2,33.8,71.0,24.8,0,21.050141,106.440515
1619,2026-06-20 11:59:21,29.4,34.1,33.8,70.9,28.2,0,21.050141,106.440515
1620,2026-06-20 11:59:26,29.2,33.6,33.8,71.0,32.8,0,21.050141,106.440515
1621,2026-06-20 11:59:31,29.1,33.3,33.8,71.0,34.2,0,21.050141,106.440515
1622,2026-06-20 11:59:36,29.0,33.1,33.8,71.0,35.9,0,21.050141,106.440515
1623,2026-06-20 11:59:41,29.0,33.5,33.8,71.0,38.0,0,21.050141,106.440515
1624,2026-06-20 11:59:46,29.0,33.7,33.8,70.9,37.2,0,21.050141,106.440515
1625,2026-06-20 11:59:51,29.0,33.9,33.8,70.9,39.0,0,21.050141,106.440515
1626,2026-06-20 11:59:56,29.3,33.9,33.8,71.0,38.0,0,21.050141,106.440515
1627,2026-06-20 12:00:01,29.7,34.2,33.8,71.0,37.4,0,21.050141,106.440515
1628,2026-06-20 12:00:06,29.8,34.1,33.8,70.9,38.2,0,21.050141,106.440515
1629,2026-06-20 12:00:11,29.5,33.8,33.8,71.1,39.8,0,21.050141,106.440515
1630,2026-06-20 12:00:16,29.3,33.5,33.8,71.1,37.2,0,21.050141,106.440515
1631,2026-06-20 12:00:21,29.6,33.6,33.8,71.2,39.7,0,21.050141,106.440515
1632,2026-06-20 12:00:26,29.7,33.8,33.8,71.2,40.4,0,21.050004,106.439617
1633,2026-06-20 12:00:31,30.3,33.9,33.7,71.2,39.1,0,21.050004,106.439617
1634,2026-06-20 12:00:36,30.6,34.0,33.7,71.2,40.6,1,21.050131,106.440625
1635,2026-06-20 12:00:41,30.4,34.0,33.7,71.3,39.1,1,21.050131,106.440618
1636,2026-06-20 12:00:46,30.2,34.0,33.7,71.3,37.5,1,21.050137,106.440606
1637,2026-06-20 12:00:51,30.1,34.0,33.7,71.3,37.9,1,21.050165,106.440581
1638,2026-06-20 12:00:56,30.1,34.0,33.6,71.3,37.6,1,21.050195,106.440551
1639,2026-06-20 12:01:01,30.0,33.7,33.7,71.4,38.6,1,21.050207,106.440534
1640,2026-06-20 12:01:06,30.0,33.8,33.6,71.5,39.2,1,21.05022,106.440531
1641,2026-06-20 12:01:11,30.0,33.5,33.6,71.6,34.4,1,21.050225,106.440527
1642,2026-06-20 12:01:16,30.0,33.3,33.6,71.6,31.5,1,21.050234,106.440526
1643,2026-06-20 12:01:21,30.4,34.1,33.6,71.7,31.1,1,21.050241,106.440523
1644,2026-06-20 12:01:26,30.7,34.5,33.6,71.7,28.8,1,21.05024,106.44052
1645,2026-06-20 12:01:31,30.3,33.6,33.5,71.7,29.7,1,21.05024,106.440513
1646,2026-06-20 12:01:36,30.2,33.4,33.6,71.7,27.6,1,21.050235,106.440528
1647,2026-06-20 12:01:41,30.1,33.2,33.6,71.7,28.5,1,21.050233,106.440531
1648,2026-06-20 12:01:45,30.0,33.1,33.5,71.8,29.0,1,21.050222,106.440536
1649,2026-06-20 12:01:51,30.0,33.0,33.5,71.6,27.5,1,21.050217,106.440543
1650,2026-06-20 12:01:56,30.0,33.0,33.5,71.5,26.5,1,21.050213,106.440544
1651,2026-06-20 12:02:01,30.6,34.0,33.5,71.4,27.1,1,21.050197,106.440563
1652,2026-06-20 12:02:05,30.8,34.2,33.5,71.5,25.0,1,21.050192,106.440574
1653,2026-06-20 12:02:11,30.3,34.1,33.5,71.6,23.2,1,21.050195,106.440569
1654,2026-06-20 12:02:16,30.2,34.0,33.6,71.6,24.3,1,21.050196,106.440568
1655,2026-06-20 12:02:21,30.1,34.0,33.6,71.5,27.3,1,21.0502,106.440565
1656,2026-06-20 12:02:26,30.0,34.0,33.5,71.4,27.4,1,21.0502,106.440563
1657,2026-06-20 12:02:31,29.6,33.4,33.5,71.3,27.8,1,21.050196,106.440568
1658,2026-06-20 12:02:36,29.3,33.2,33.6,71.3,26.5,1,21.050194,106.440575
1659,2026-06-20 12:02:41,29.1,33.1,33.5,71.5,25.7,1,21.050194,106.440572
1660,2026-06-20 12:02:46,29.5,33.5,33.6,71.3,25.6,1,21.050192,106.440571
1661,2026-06-20 12:02:51,29.4,33.3,33.6,71.3,22.3,1,21.05018,106.440574
1662,2026-06-20 12:02:56,29.5,33.2,33.6,71.8,24.6,1,21.050182,106.440571
1663,2026-06-20 12:03:01,29.8,33.7,33.7,72.2,26.0,1,21.050165,106.440605
1664,2026-06-20 12:03:05,29.9,33.8,33.7,71.9,29.4,1,21.050169,106.440594
1665,2026-06-20 12:03:11,29.9,34.4,33.7,71.4,35.9,0,21.050178,106.440596
1666,2026-06-20 12:03:16,30.0,34.6,33.8,71.4,39.0,1,21.050176,106.440579
1667,2026-06-20 12:03:21,30.0,34.8,33.8,70.9,40.8,1,21.050166,106.440571
1668,2026-06-20 12:03:26,30.0,34.9,33.8,70.7,41.9,1,21.050165,106.440551
1669,2026-06-20 12:03:31,30.0,34.4,33.7,70.7,44.5,1,21.050175,106.44053
1670,2026-06-20 12:03:35,30.0,34.2,33.8,70.5,43.1,1,21.050182,106.440524
1671,2026-06-20 12:03:41,29.6,34.1,33.8,70.3,43.0,1,21.050187,106.440519
1672,2026-06-20 12:03:45,29.3,34.1,33.8,70.2,42.8,1,21.05019,106.440502
1673,2026-06-20 12:03:51,29.1,34.0,33.8,70.2,40.1,1,21.05019,106.440517
1674,2026-06-20 12:03:55,29.1,33.6,33.8,70.3,39.8,1,21.050184,106.440511
1675,2026-06-20 12:04:01,29.0,33.2,33.8,70.4,39.5,1,21.050179,106.440514
1676,2026-06-20 12:04:06,29.0,33.1,33.8,70.4,39.6,1,21.050181,106.440516
